Node_Index_0based,Node_Index_1based,Parcel_Label,Structure_Type,Hemisphere,Anatomical_Region,Yeo_Network,FSL_Label,In_Posterior_Hot_Zone,In_Global_Neuronal_Workspace
0,1,7Networks_LH_Vis_1,Cortex,Left,Vis,Visual,-1,1,0
1,2,7Networks_LH_Vis_2,Cortex,Left,Vis,Visual,-1,1,0
2,3,7Networks_LH_Vis_3,Cortex,Left,Vis,Visual,-1,1,0
3,4,7Networks_LH_Vis_4,Cortex,Left,Vis,Visual,-1,1,0
4,5,7Networks_LH_Vis_5,Cortex,Left,Vis,Visual,-1,1,0
5,6,7Networks_LH_Vis_6,Cortex,Left,Vis,Visual,-1,1,0
6,7,7Networks_LH_Vis_7,Cortex,Left,Vis,Visual,-1,1,0
7,8,7Networks_LH_Vis_8,Cortex,Left,Vis,Visual,-1,1,0
8,9,7Networks_LH_Vis_9,Cortex,Left,Vis,Visual,-1,1,0
9,10,7Networks_LH_Vis_10,Cortex,Left,Vis,Visual,-1,1,0
10,11,7Networks_LH_Vis_11,Cortex,Left,Vis,Visual,-1,1,0
11,12,7Networks_LH_Vis_12,Cortex,Left,Vis,Visual,-1,1,0
12,13,7Networks_LH_Vis_13,Cortex,Left,Vis,Visual,-1,1,0
13,14,7Networks_LH_Vis_14,Cortex,Left,Vis,Visual,-1,1,0
14,15,7Networks_LH_Vis_15,Cortex,Left,Vis,Visual,-1,1,0
15,16,7Networks_LH_Vis_16,Cortex,Left,Vis,Visual,-1,1,0
16,17,7Networks_LH_Vis_17,Cortex,Left,Vis,Visual,-1,1,0
17,18,7Networks_LH_Vis_18,Cortex,Left,Vis,Visual,-1,1,0
18,19,7Networks_LH_Vis_19,Cortex,Left,Vis,Visual,-1,1,0
19,20,7Networks_LH_Vis_20,Cortex,Left,Vis,Visual,-1,1,0
20,21,7Networks_LH_Vis_21,Cortex,Left,Vis,Visual,-1,1,0
21,22,7Networks_LH_Vis_22,Cortex,Left,Vis,Visual,-1,1,0
22,23,7Networks_LH_Vis_23,Cortex,Left,Vis,Visual,-1,1,0
23,24,7Networks_LH_Vis_24,Cortex,Left,Vis,Visual,-1,1,0
24,25,7Networks_LH_Vis_25,Cortex,Left,Vis,Visual,-1,1,0
25,26,7Networks_LH_Vis_26,Cortex,Left,Vis,Visual,-1,1,0
26,27,7Networks_LH_Vis_27,Cortex,Left,Vis,Visual,-1,1,0
27,28,7Networks_LH_Vis_28,Cortex,Left,Vis,Visual,-1,1,0
28,29,7Networks_LH_Vis_29,Cortex,Left,Vis,Visual,-1,1,0
29,30,7Networks_LH_Vis_30,Cortex,Left,Vis,Visual,-1,1,0
30,31,7Networks_LH_Vis_31,Cortex,Left,Vis,Visual,-1,1,0
31,32,7Networks_LH_Vis_32,Cortex,Left,Vis,Visual,-1,1,0
32,33,7Networks_LH_Vis_33,Cortex,Left,Vis,Visual,-1,1,0
33,34,7Networks_LH_Vis_34,Cortex,Left,Vis,Visual,-1,1,0
34,35,7Networks_LH_Vis_35,Cortex,Left,Vis,Visual,-1,1,0
35,36,7Networks_LH_Vis_36,Cortex,Left,Vis,Visual,-1,1,0
36,37,7Networks_LH_Vis_37,Cortex,Left,Vis,Visual,-1,1,0
37,38,7Networks_LH_Vis_38,Cortex,Left,Vis,Visual,-1,1,0
38,39,7Networks_LH_Vis_39,Cortex,Left,Vis,Visual,-1,1,0
39,40,7Networks_LH_Vis_40,Cortex,Left,Vis,Visual,-1,1,0
40,41,7Networks_LH_Vis_41,Cortex,Left,Vis,Visual,-1,1,0
41,42,7Networks_LH_Vis_42,Cortex,Left,Vis,Visual,-1,1,0
42,43,7Networks_LH_Vis_43,Cortex,Left,Vis,Visual,-1,1,0
43,44,7Networks_LH_Vis_44,Cortex,Left,Vis,Visual,-1,1,0
44,45,7Networks_LH_Vis_45,Cortex,Left,Vis,Visual,-1,1,0
45,46,7Networks_LH_Vis_46,Cortex,Left,Vis,Visual,-1,1,0
46,47,7Networks_LH_Vis_47,Cortex,Left,Vis,Visual,-1,1,0
47,48,7Networks_LH_Vis_48,Cortex,Left,Vis,Visual,-1,1,0
48,49,7Networks_LH_Vis_49,Cortex,Left,Vis,Visual,-1,1,0
49,50,7Networks_LH_Vis_50,Cortex,Left,Vis,Visual,-1,1,0
50,51,7Networks_LH_Vis_51,Cortex,Left,Vis,Visual,-1,1,0
51,52,7Networks_LH_Vis_52,Cortex,Left,Vis,Visual,-1,1,0
52,53,7Networks_LH_Vis_53,Cortex,Left,Vis,Visual,-1,1,0
53,54,7Networks_LH_Vis_54,Cortex,Left,Vis,Visual,-1,1,0
54,55,7Networks_LH_Vis_55,Cortex,Left,Vis,Visual,-1,1,0
55,56,7Networks_LH_Vis_56,Cortex,Left,Vis,Visual,-1,1,0
56,57,7Networks_LH_Vis_57,Cortex,Left,Vis,Visual,-1,1,0
57,58,7Networks_LH_Vis_58,Cortex,Left,Vis,Visual,-1,1,0
58,59,7Networks_LH_Vis_59,Cortex,Left,Vis,Visual,-1,1,0
59,60,7Networks_LH_Vis_60,Cortex,Left,Vis,Visual,-1,1,0
60,61,7Networks_LH_Vis_61,Cortex,Left,Vis,Visual,-1,1,0
61,62,7Networks_LH_Vis_62,Cortex,Left,Vis,Visual,-1,1,0
62,63,7Networks_LH_Vis_63,Cortex,Left,Vis,Visual,-1,1,0
63,64,7Networks_LH_Vis_64,Cortex,Left,Vis,Visual,-1,1,0
64,65,7Networks_LH_Vis_65,Cortex,Left,Vis,Visual,-1,1,0
65,66,7Networks_LH_Vis_66,Cortex,Left,Vis,Visual,-1,1,0
66,67,7Networks_LH_Vis_67,Cortex,Left,Vis,Visual,-1,1,0
67,68,7Networks_LH_Vis_68,Cortex,Left,Vis,Visual,-1,1,0
68,69,7Networks_LH_Vis_69,Cortex,Left,Vis,Visual,-1,1,0
69,70,7Networks_LH_Vis_70,Cortex,Left,Vis,Visual,-1,1,0
70,71,7Networks_LH_Vis_71,Cortex,Left,Vis,Visual,-1,1,0
71,72,7Networks_LH_Vis_72,Cortex,Left,Vis,Visual,-1,1,0
72,73,7Networks_LH_Vis_73,Cortex,Left,Vis,Visual,-1,1,0
73,74,7Networks_LH_Vis_74,Cortex,Left,Vis,Visual,-1,1,0
74,75,7Networks_LH_Vis_75,Cortex,Left,Vis,Visual,-1,1,0
75,76,7Networks_LH_Vis_76,Cortex,Left,Vis,Visual,-1,1,0
76,77,7Networks_LH_Vis_77,Cortex,Left,Vis,Visual,-1,1,0
77,78,7Networks_LH_Vis_78,Cortex,Left,Vis,Visual,-1,1,0
78,79,7Networks_LH_Vis_79,Cortex,Left,Vis,Visual,-1,1,0
79,80,7Networks_LH_Vis_80,Cortex,Left,Vis,Visual,-1,1,0
80,81,7Networks_LH_Vis_81,Cortex,Left,Vis,Visual,-1,1,0
81,82,7Networks_LH_SomMot_1,Cortex,Left,SomMot,Somatomotor,-1,0,0
82,83,7Networks_LH_SomMot_2,Cortex,Left,SomMot,Somatomotor,-1,0,0
83,84,7Networks_LH_SomMot_3,Cortex,Left,SomMot,Somatomotor,-1,0,0
84,85,7Networks_LH_SomMot_4,Cortex,Left,SomMot,Somatomotor,-1,0,0
85,86,7Networks_LH_SomMot_5,Cortex,Left,SomMot,Somatomotor,-1,0,0
86,87,7Networks_LH_SomMot_6,Cortex,Left,SomMot,Somatomotor,-1,0,0
87,88,7Networks_LH_SomMot_7,Cortex,Left,SomMot,Somatomotor,-1,0,0
88,89,7Networks_LH_SomMot_8,Cortex,Left,SomMot,Somatomotor,-1,0,0
89,90,7Networks_LH_SomMot_9,Cortex,Left,SomMot,Somatomotor,-1,0,0
90,91,7Networks_LH_SomMot_10,Cortex,Left,SomMot,Somatomotor,-1,0,0
91,92,7Networks_LH_SomMot_11,Cortex,Left,SomMot,Somatomotor,-1,0,0
92,93,7Networks_LH_SomMot_12,Cortex,Left,SomMot,Somatomotor,-1,0,0
93,94,7Networks_LH_SomMot_13,Cortex,Left,SomMot,Somatomotor,-1,0,0
94,95,7Networks_LH_SomMot_14,Cortex,Left,SomMot,Somatomotor,-1,0,0
95,96,7Networks_LH_SomMot_15,Cortex,Left,SomMot,Somatomotor,-1,0,0
96,97,7Networks_LH_SomMot_16,Cortex,Left,SomMot,Somatomotor,-1,0,0
97,98,7Networks_LH_SomMot_17,Cortex,Left,SomMot,Somatomotor,-1,0,0
98,99,7Networks_LH_SomMot_18,Cortex,Left,SomMot,Somatomotor,-1,0,0
99,100,7Networks_LH_SomMot_19,Cortex,Left,SomMot,Somatomotor,-1,0,0
100,101,7Networks_LH_SomMot_20,Cortex,Left,SomMot,Somatomotor,-1,0,0
101,102,7Networks_LH_SomMot_21,Cortex,Left,SomMot,Somatomotor,-1,0,0
102,103,7Networks_LH_SomMot_22,Cortex,Left,SomMot,Somatomotor,-1,0,0
103,104,7Networks_LH_SomMot_23,Cortex,Left,SomMot,Somatomotor,-1,0,0
104,105,7Networks_LH_SomMot_24,Cortex,Left,SomMot,Somatomotor,-1,0,0
105,106,7Networks_LH_SomMot_25,Cortex,Left,SomMot,Somatomotor,-1,0,0
106,107,7Networks_LH_SomMot_26,Cortex,Left,SomMot,Somatomotor,-1,0,0
107,108,7Networks_LH_SomMot_27,Cortex,Left,SomMot,Somatomotor,-1,0,0
108,109,7Networks_LH_SomMot_28,Cortex,Left,SomMot,Somatomotor,-1,0,0
109,110,7Networks_LH_SomMot_29,Cortex,Left,SomMot,Somatomotor,-1,0,0
110,111,7Networks_LH_SomMot_30,Cortex,Left,SomMot,Somatomotor,-1,0,0
111,112,7Networks_LH_SomMot_31,Cortex,Left,SomMot,Somatomotor,-1,0,0
112,113,7Networks_LH_SomMot_32,Cortex,Left,SomMot,Somatomotor,-1,0,0
113,114,7Networks_LH_SomMot_33,Cortex,Left,SomMot,Somatomotor,-1,0,0
114,115,7Networks_LH_SomMot_34,Cortex,Left,SomMot,Somatomotor,-1,0,0
115,116,7Networks_LH_SomMot_35,Cortex,Left,SomMot,Somatomotor,-1,0,0
116,117,7Networks_LH_SomMot_36,Cortex,Left,SomMot,Somatomotor,-1,0,0
117,118,7Networks_LH_SomMot_37,Cortex,Left,SomMot,Somatomotor,-1,0,0
118,119,7Networks_LH_SomMot_38,Cortex,Left,SomMot,Somatomotor,-1,0,0
119,120,7Networks_LH_SomMot_39,Cortex,Left,SomMot,Somatomotor,-1,0,0
120,121,7Networks_LH_SomMot_40,Cortex,Left,SomMot,Somatomotor,-1,0,0
121,122,7Networks_LH_SomMot_41,Cortex,Left,SomMot,Somatomotor,-1,0,0
122,123,7Networks_LH_SomMot_42,Cortex,Left,SomMot,Somatomotor,-1,0,0
123,124,7Networks_LH_SomMot_43,Cortex,Left,SomMot,Somatomotor,-1,0,0
124,125,7Networks_LH_SomMot_44,Cortex,Left,SomMot,Somatomotor,-1,0,0
125,126,7Networks_LH_SomMot_45,Cortex,Left,SomMot,Somatomotor,-1,0,0
126,127,7Networks_LH_SomMot_46,Cortex,Left,SomMot,Somatomotor,-1,0,0
127,128,7Networks_LH_SomMot_47,Cortex,Left,SomMot,Somatomotor,-1,0,0
128,129,7Networks_LH_SomMot_48,Cortex,Left,SomMot,Somatomotor,-1,0,0
129,130,7Networks_LH_SomMot_49,Cortex,Left,SomMot,Somatomotor,-1,0,0
130,131,7Networks_LH_SomMot_50,Cortex,Left,SomMot,Somatomotor,-1,0,0
131,132,7Networks_LH_SomMot_51,Cortex,Left,SomMot,Somatomotor,-1,0,0
132,133,7Networks_LH_SomMot_52,Cortex,Left,SomMot,Somatomotor,-1,0,0
133,134,7Networks_LH_SomMot_53,Cortex,Left,SomMot,Somatomotor,-1,0,0
134,135,7Networks_LH_SomMot_54,Cortex,Left,SomMot,Somatomotor,-1,0,0
135,136,7Networks_LH_SomMot_55,Cortex,Left,SomMot,Somatomotor,-1,0,0
136,137,7Networks_LH_SomMot_56,Cortex,Left,SomMot,Somatomotor,-1,0,0
137,138,7Networks_LH_SomMot_57,Cortex,Left,SomMot,Somatomotor,-1,0,0
138,139,7Networks_LH_SomMot_58,Cortex,Left,SomMot,Somatomotor,-1,0,0
139,140,7Networks_LH_SomMot_59,Cortex,Left,SomMot,Somatomotor,-1,0,0
140,141,7Networks_LH_SomMot_60,Cortex,Left,SomMot,Somatomotor,-1,0,0
141,142,7Networks_LH_SomMot_61,Cortex,Left,SomMot,Somatomotor,-1,0,0
142,143,7Networks_LH_SomMot_62,Cortex,Left,SomMot,Somatomotor,-1,0,0
143,144,7Networks_LH_SomMot_63,Cortex,Left,SomMot,Somatomotor,-1,0,0
144,145,7Networks_LH_SomMot_64,Cortex,Left,SomMot,Somatomotor,-1,0,0
145,146,7Networks_LH_SomMot_65,Cortex,Left,SomMot,Somatomotor,-1,0,0
146,147,7Networks_LH_SomMot_66,Cortex,Left,SomMot,Somatomotor,-1,0,0
147,148,7Networks_LH_SomMot_67,Cortex,Left,SomMot,Somatomotor,-1,0,0
148,149,7Networks_LH_SomMot_68,Cortex,Left,SomMot,Somatomotor,-1,0,0
149,150,7Networks_LH_SomMot_69,Cortex,Left,SomMot,Somatomotor,-1,0,0
150,151,7Networks_LH_SomMot_70,Cortex,Left,SomMot,Somatomotor,-1,0,0
151,152,7Networks_LH_SomMot_71,Cortex,Left,SomMot,Somatomotor,-1,0,0
152,153,7Networks_LH_SomMot_72,Cortex,Left,SomMot,Somatomotor,-1,0,0
153,154,7Networks_LH_SomMot_73,Cortex,Left,SomMot,Somatomotor,-1,0,0
154,155,7Networks_LH_SomMot_74,Cortex,Left,SomMot,Somatomotor,-1,0,0
155,156,7Networks_LH_SomMot_75,Cortex,Left,SomMot,Somatomotor,-1,0,0
156,157,7Networks_LH_SomMot_76,Cortex,Left,SomMot,Somatomotor,-1,0,0
157,158,7Networks_LH_SomMot_77,Cortex,Left,SomMot,Somatomotor,-1,0,0
158,159,7Networks_LH_SomMot_78,Cortex,Left,SomMot,Somatomotor,-1,0,0
159,160,7Networks_LH_SomMot_79,Cortex,Left,SomMot,Somatomotor,-1,0,0
160,161,7Networks_LH_SomMot_80,Cortex,Left,SomMot,Somatomotor,-1,0,0
161,162,7Networks_LH_SomMot_81,Cortex,Left,SomMot,Somatomotor,-1,0,0
162,163,7Networks_LH_SomMot_82,Cortex,Left,SomMot,Somatomotor,-1,0,0
163,164,7Networks_LH_SomMot_83,Cortex,Left,SomMot,Somatomotor,-1,0,0
164,165,7Networks_LH_SomMot_84,Cortex,Left,SomMot,Somatomotor,-1,0,0
165,166,7Networks_LH_SomMot_85,Cortex,Left,SomMot,Somatomotor,-1,0,0
166,167,7Networks_LH_SomMot_86,Cortex,Left,SomMot,Somatomotor,-1,0,0
167,168,7Networks_LH_SomMot_87,Cortex,Left,SomMot,Somatomotor,-1,0,0
168,169,7Networks_LH_SomMot_88,Cortex,Left,SomMot,Somatomotor,-1,0,0
169,170,7Networks_LH_SomMot_89,Cortex,Left,SomMot,Somatomotor,-1,0,0
170,171,7Networks_LH_SomMot_90,Cortex,Left,SomMot,Somatomotor,-1,0,0
171,172,7Networks_LH_SomMot_91,Cortex,Left,SomMot,Somatomotor,-1,0,0
172,173,7Networks_LH_DorsAttn_Post_1,Cortex,Left,Post,Dorsal_Attention,-1,1,0
173,174,7Networks_LH_DorsAttn_Post_2,Cortex,Left,Post,Dorsal_Attention,-1,1,0
174,175,7Networks_LH_DorsAttn_Post_3,Cortex,Left,Post,Dorsal_Attention,-1,1,0
175,176,7Networks_LH_DorsAttn_Post_4,Cortex,Left,Post,Dorsal_Attention,-1,1,0
176,177,7Networks_LH_DorsAttn_Post_5,Cortex,Left,Post,Dorsal_Attention,-1,1,0
177,178,7Networks_LH_DorsAttn_Post_6,Cortex,Left,Post,Dorsal_Attention,-1,1,0
178,179,7Networks_LH_DorsAttn_Post_7,Cortex,Left,Post,Dorsal_Attention,-1,1,0
179,180,7Networks_LH_DorsAttn_Post_8,Cortex,Left,Post,Dorsal_Attention,-1,1,0
180,181,7Networks_LH_DorsAttn_Post_9,Cortex,Left,Post,Dorsal_Attention,-1,1,0
181,182,7Networks_LH_DorsAttn_Post_10,Cortex,Left,Post,Dorsal_Attention,-1,1,0
182,183,7Networks_LH_DorsAttn_Post_11,Cortex,Left,Post,Dorsal_Attention,-1,1,0
183,184,7Networks_LH_DorsAttn_Post_12,Cortex,Left,Post,Dorsal_Attention,-1,1,0
184,185,7Networks_LH_DorsAttn_Post_13,Cortex,Left,Post,Dorsal_Attention,-1,1,0
185,186,7Networks_LH_DorsAttn_Post_14,Cortex,Left,Post,Dorsal_Attention,-1,1,0
186,187,7Networks_LH_DorsAttn_Post_15,Cortex,Left,Post,Dorsal_Attention,-1,1,0
187,188,7Networks_LH_DorsAttn_Post_16,Cortex,Left,Post,Dorsal_Attention,-1,1,0
188,189,7Networks_LH_DorsAttn_Post_17,Cortex,Left,Post,Dorsal_Attention,-1,1,0
189,190,7Networks_LH_DorsAttn_Post_18,Cortex,Left,Post,Dorsal_Attention,-1,1,0
190,191,7Networks_LH_DorsAttn_Post_19,Cortex,Left,Post,Dorsal_Attention,-1,1,0
191,192,7Networks_LH_DorsAttn_Post_20,Cortex,Left,Post,Dorsal_Attention,-1,1,0
192,193,7Networks_LH_DorsAttn_Post_21,Cortex,Left,Post,Dorsal_Attention,-1,1,0
193,194,7Networks_LH_DorsAttn_Post_22,Cortex,Left,Post,Dorsal_Attention,-1,1,0
194,195,7Networks_LH_DorsAttn_Post_23,Cortex,Left,Post,Dorsal_Attention,-1,1,0
195,196,7Networks_LH_DorsAttn_Post_24,Cortex,Left,Post,Dorsal_Attention,-1,1,0
196,197,7Networks_LH_DorsAttn_Post_25,Cortex,Left,Post,Dorsal_Attention,-1,1,0
197,198,7Networks_LH_DorsAttn_Post_26,Cortex,Left,Post,Dorsal_Attention,-1,1,0
198,199,7Networks_LH_DorsAttn_Post_27,Cortex,Left,Post,Dorsal_Attention,-1,1,0
199,200,7Networks_LH_DorsAttn_Post_28,Cortex,Left,Post,Dorsal_Attention,-1,1,0
200,201,7Networks_LH_DorsAttn_Post_29,Cortex,Left,Post,Dorsal_Attention,-1,1,0
201,202,7Networks_LH_DorsAttn_Post_30,Cortex,Left,Post,Dorsal_Attention,-1,1,0
202,203,7Networks_LH_DorsAttn_Post_31,Cortex,Left,Post,Dorsal_Attention,-1,1,0
203,204,7Networks_LH_DorsAttn_Post_32,Cortex,Left,Post,Dorsal_Attention,-1,1,0
204,205,7Networks_LH_DorsAttn_Post_33,Cortex,Left,Post,Dorsal_Attention,-1,1,0
205,206,7Networks_LH_DorsAttn_Post_34,Cortex,Left,Post,Dorsal_Attention,-1,1,0
206,207,7Networks_LH_DorsAttn_Post_35,Cortex,Left,Post,Dorsal_Attention,-1,1,0
207,208,7Networks_LH_DorsAttn_Post_36,Cortex,Left,Post,Dorsal_Attention,-1,1,0
208,209,7Networks_LH_DorsAttn_Post_37,Cortex,Left,Post,Dorsal_Attention,-1,1,0
209,210,7Networks_LH_DorsAttn_Post_38,Cortex,Left,Post,Dorsal_Attention,-1,1,0
210,211,7Networks_LH_DorsAttn_Post_39,Cortex,Left,Post,Dorsal_Attention,-1,1,0
211,212,7Networks_LH_DorsAttn_Post_40,Cortex,Left,Post,Dorsal_Attention,-1,1,0
212,213,7Networks_LH_DorsAttn_Post_41,Cortex,Left,Post,Dorsal_Attention,-1,1,0
213,214,7Networks_LH_DorsAttn_Post_42,Cortex,Left,Post,Dorsal_Attention,-1,1,0
214,215,7Networks_LH_DorsAttn_Post_43,Cortex,Left,Post,Dorsal_Attention,-1,1,0
215,216,7Networks_LH_DorsAttn_Post_44,Cortex,Left,Post,Dorsal_Attention,-1,1,0
216,217,7Networks_LH_DorsAttn_Post_45,Cortex,Left,Post,Dorsal_Attention,-1,1,0
217,218,7Networks_LH_DorsAttn_Post_46,Cortex,Left,Post,Dorsal_Attention,-1,1,0
218,219,7Networks_LH_DorsAttn_Post_47,Cortex,Left,Post,Dorsal_Attention,-1,1,0
219,220,7Networks_LH_DorsAttn_Post_48,Cortex,Left,Post,Dorsal_Attention,-1,1,0
220,221,7Networks_LH_DorsAttn_Post_49,Cortex,Left,Post,Dorsal_Attention,-1,1,0
221,222,7Networks_LH_DorsAttn_Post_50,Cortex,Left,Post,Dorsal_Attention,-1,1,0
222,223,7Networks_LH_DorsAttn_FEF_1,Cortex,Left,FEF,Dorsal_Attention,-1,0,1
223,224,7Networks_LH_DorsAttn_FEF_2,Cortex,Left,FEF,Dorsal_Attention,-1,0,1
224,225,7Networks_LH_DorsAttn_FEF_3,Cortex,Left,FEF,Dorsal_Attention,-1,0,1
225,226,7Networks_LH_DorsAttn_FEF_4,Cortex,Left,FEF,Dorsal_Attention,-1,0,1
226,227,7Networks_LH_DorsAttn_FEF_5,Cortex,Left,FEF,Dorsal_Attention,-1,0,1
227,228,7Networks_LH_DorsAttn_FEF_6,Cortex,Left,FEF,Dorsal_Attention,-1,0,1
228,229,7Networks_LH_DorsAttn_FEF_7,Cortex,Left,FEF,Dorsal_Attention,-1,0,1
229,230,7Networks_LH_DorsAttn_PrCv_1,Cortex,Left,PrCv,Dorsal_Attention,-1,0,0
230,231,7Networks_LH_DorsAttn_PrCv_2,Cortex,Left,PrCv,Dorsal_Attention,-1,0,0
231,232,7Networks_LH_DorsAttn_PrCv_3,Cortex,Left,PrCv,Dorsal_Attention,-1,0,0
232,233,7Networks_LH_DorsAttn_PrCv_4,Cortex,Left,PrCv,Dorsal_Attention,-1,0,0
233,234,7Networks_LH_SalVentAttn_ParOper_1,Cortex,Left,ParOper,Salience_Ventral_Attention,-1,1,1
234,235,7Networks_LH_SalVentAttn_ParOper_2,Cortex,Left,ParOper,Salience_Ventral_Attention,-1,1,1
235,236,7Networks_LH_SalVentAttn_ParOper_3,Cortex,Left,ParOper,Salience_Ventral_Attention,-1,1,1
236,237,7Networks_LH_SalVentAttn_ParOper_4,Cortex,Left,ParOper,Salience_Ventral_Attention,-1,1,1
237,238,7Networks_LH_SalVentAttn_ParOper_5,Cortex,Left,ParOper,Salience_Ventral_Attention,-1,1,1
238,239,7Networks_LH_SalVentAttn_ParOper_6,Cortex,Left,ParOper,Salience_Ventral_Attention,-1,1,1
239,240,7Networks_LH_SalVentAttn_ParOper_7,Cortex,Left,ParOper,Salience_Ventral_Attention,-1,1,1
240,241,7Networks_LH_SalVentAttn_ParOper_8,Cortex,Left,ParOper,Salience_Ventral_Attention,-1,1,1
241,242,7Networks_LH_SalVentAttn_ParOper_9,Cortex,Left,ParOper,Salience_Ventral_Attention,-1,1,1
242,243,7Networks_LH_SalVentAttn_TempOcc_1,Cortex,Left,TempOcc,Salience_Ventral_Attention,-1,1,1
243,244,7Networks_LH_SalVentAttn_TempOcc_2,Cortex,Left,TempOcc,Salience_Ventral_Attention,-1,1,1
244,245,7Networks_LH_SalVentAttn_FrOperIns_1,Cortex,Left,FrOperIns,Salience_Ventral_Attention,-1,0,1
245,246,7Networks_LH_SalVentAttn_FrOperIns_2,Cortex,Left,FrOperIns,Salience_Ventral_Attention,-1,0,1
246,247,7Networks_LH_SalVentAttn_FrOperIns_3,Cortex,Left,FrOperIns,Salience_Ventral_Attention,-1,0,1
247,248,7Networks_LH_SalVentAttn_FrOperIns_4,Cortex,Left,FrOperIns,Salience_Ventral_Attention,-1,0,1
248,249,7Networks_LH_SalVentAttn_FrOperIns_5,Cortex,Left,FrOperIns,Salience_Ventral_Attention,-1,0,1
249,250,7Networks_LH_SalVentAttn_FrOperIns_6,Cortex,Left,FrOperIns,Salience_Ventral_Attention,-1,0,1
250,251,7Networks_LH_SalVentAttn_FrOperIns_7,Cortex,Left,FrOperIns,Salience_Ventral_Attention,-1,0,1
251,252,7Networks_LH_SalVentAttn_FrOperIns_8,Cortex,Left,FrOperIns,Salience_Ventral_Attention,-1,0,1
252,253,7Networks_LH_SalVentAttn_FrOperIns_9,Cortex,Left,FrOperIns,Salience_Ventral_Attention,-1,0,1
253,254,7Networks_LH_SalVentAttn_FrOperIns_10,Cortex,Left,FrOperIns,Salience_Ventral_Attention,-1,0,1
254,255,7Networks_LH_SalVentAttn_FrOperIns_11,Cortex,Left,FrOperIns,Salience_Ventral_Attention,-1,0,1
255,256,7Networks_LH_SalVentAttn_FrOperIns_12,Cortex,Left,FrOperIns,Salience_Ventral_Attention,-1,0,1
256,257,7Networks_LH_SalVentAttn_FrOperIns_13,Cortex,Left,FrOperIns,Salience_Ventral_Attention,-1,0,1
257,258,7Networks_LH_SalVentAttn_FrOperIns_14,Cortex,Left,FrOperIns,Salience_Ventral_Attention,-1,0,1
258,259,7Networks_LH_SalVentAttn_FrOperIns_15,Cortex,Left,FrOperIns,Salience_Ventral_Attention,-1,0,1
259,260,7Networks_LH_SalVentAttn_FrOperIns_16,Cortex,Left,FrOperIns,Salience_Ventral_Attention,-1,0,1
260,261,7Networks_LH_SalVentAttn_FrOperIns_17,Cortex,Left,FrOperIns,Salience_Ventral_Attention,-1,0,1
261,262,7Networks_LH_SalVentAttn_FrOperIns_18,Cortex,Left,FrOperIns,Salience_Ventral_Attention,-1,0,1
262,263,7Networks_LH_SalVentAttn_FrOperIns_19,Cortex,Left,FrOperIns,Salience_Ventral_Attention,-1,0,1
263,264,7Networks_LH_SalVentAttn_FrOperIns_20,Cortex,Left,FrOperIns,Salience_Ventral_Attention,-1,0,1
264,265,7Networks_LH_SalVentAttn_FrOperIns_21,Cortex,Left,FrOperIns,Salience_Ventral_Attention,-1,0,1
265,266,7Networks_LH_SalVentAttn_FrOperIns_22,Cortex,Left,FrOperIns,Salience_Ventral_Attention,-1,0,1
266,267,7Networks_LH_SalVentAttn_FrOperIns_23,Cortex,Left,FrOperIns,Salience_Ventral_Attention,-1,0,1
267,268,7Networks_LH_SalVentAttn_PFCl_1,Cortex,Left,PFCl,Salience_Ventral_Attention,-1,0,1
268,269,7Networks_LH_SalVentAttn_PFCl_2,Cortex,Left,PFCl,Salience_Ventral_Attention,-1,0,1
269,270,7Networks_LH_SalVentAttn_Med_1,Cortex,Left,Med,Salience_Ventral_Attention,-1,0,1
270,271,7Networks_LH_SalVentAttn_Med_2,Cortex,Left,Med,Salience_Ventral_Attention,-1,0,1
271,272,7Networks_LH_SalVentAttn_Med_3,Cortex,Left,Med,Salience_Ventral_Attention,-1,0,1
272,273,7Networks_LH_SalVentAttn_Med_4,Cortex,Left,Med,Salience_Ventral_Attention,-1,0,1
273,274,7Networks_LH_SalVentAttn_Med_5,Cortex,Left,Med,Salience_Ventral_Attention,-1,0,1
274,275,7Networks_LH_SalVentAttn_Med_6,Cortex,Left,Med,Salience_Ventral_Attention,-1,0,1
275,276,7Networks_LH_SalVentAttn_Med_7,Cortex,Left,Med,Salience_Ventral_Attention,-1,0,1
276,277,7Networks_LH_SalVentAttn_Med_8,Cortex,Left,Med,Salience_Ventral_Attention,-1,0,1
277,278,7Networks_LH_SalVentAttn_Med_9,Cortex,Left,Med,Salience_Ventral_Attention,-1,0,1
278,279,7Networks_LH_SalVentAttn_Med_10,Cortex,Left,Med,Salience_Ventral_Attention,-1,0,1
279,280,7Networks_LH_SalVentAttn_Med_11,Cortex,Left,Med,Salience_Ventral_Attention,-1,0,1
280,281,7Networks_LH_SalVentAttn_Med_12,Cortex,Left,Med,Salience_Ventral_Attention,-1,0,1
281,282,7Networks_LH_SalVentAttn_Med_13,Cortex,Left,Med,Salience_Ventral_Attention,-1,0,1
282,283,7Networks_LH_SalVentAttn_Med_14,Cortex,Left,Med,Salience_Ventral_Attention,-1,0,1
283,284,7Networks_LH_SalVentAttn_Med_15,Cortex,Left,Med,Salience_Ventral_Attention,-1,0,1
284,285,7Networks_LH_SalVentAttn_Med_16,Cortex,Left,Med,Salience_Ventral_Attention,-1,0,1
285,286,7Networks_LH_SalVentAttn_Med_17,Cortex,Left,Med,Salience_Ventral_Attention,-1,0,1
286,287,7Networks_LH_SalVentAttn_Med_18,Cortex,Left,Med,Salience_Ventral_Attention,-1,0,1
287,288,7Networks_LH_SalVentAttn_Med_19,Cortex,Left,Med,Salience_Ventral_Attention,-1,0,1
288,289,7Networks_LH_Limbic_OFC_1,Cortex,Left,OFC,Limbic,-1,0,0
289,290,7Networks_LH_Limbic_OFC_2,Cortex,Left,OFC,Limbic,-1,0,0
290,291,7Networks_LH_Limbic_OFC_3,Cortex,Left,OFC,Limbic,-1,0,0
291,292,7Networks_LH_Limbic_OFC_4,Cortex,Left,OFC,Limbic,-1,0,0
292,293,7Networks_LH_Limbic_OFC_5,Cortex,Left,OFC,Limbic,-1,0,0
293,294,7Networks_LH_Limbic_OFC_6,Cortex,Left,OFC,Limbic,-1,0,0
294,295,7Networks_LH_Limbic_OFC_7,Cortex,Left,OFC,Limbic,-1,0,0
295,296,7Networks_LH_Limbic_OFC_8,Cortex,Left,OFC,Limbic,-1,0,0
296,297,7Networks_LH_Limbic_OFC_9,Cortex,Left,OFC,Limbic,-1,0,0
297,298,7Networks_LH_Limbic_OFC_10,Cortex,Left,OFC,Limbic,-1,0,0
298,299,7Networks_LH_Limbic_OFC_11,Cortex,Left,OFC,Limbic,-1,0,0
299,300,7Networks_LH_Limbic_OFC_12,Cortex,Left,OFC,Limbic,-1,0,0
300,301,7Networks_LH_Limbic_OFC_13,Cortex,Left,OFC,Limbic,-1,0,0
301,302,7Networks_LH_Limbic_OFC_14,Cortex,Left,OFC,Limbic,-1,0,0
302,303,7Networks_LH_Limbic_TempPole_1,Cortex,Left,TempPole,Limbic,-1,0,0
303,304,7Networks_LH_Limbic_TempPole_2,Cortex,Left,TempPole,Limbic,-1,0,0
304,305,7Networks_LH_Limbic_TempPole_3,Cortex,Left,TempPole,Limbic,-1,0,0
305,306,7Networks_LH_Limbic_TempPole_4,Cortex,Left,TempPole,Limbic,-1,0,0
306,307,7Networks_LH_Limbic_TempPole_5,Cortex,Left,TempPole,Limbic,-1,0,0
307,308,7Networks_LH_Limbic_TempPole_6,Cortex,Left,TempPole,Limbic,-1,0,0
308,309,7Networks_LH_Limbic_TempPole_7,Cortex,Left,TempPole,Limbic,-1,0,0
309,310,7Networks_LH_Limbic_TempPole_8,Cortex,Left,TempPole,Limbic,-1,0,0
310,311,7Networks_LH_Limbic_TempPole_9,Cortex,Left,TempPole,Limbic,-1,0,0
311,312,7Networks_LH_Limbic_TempPole_10,Cortex,Left,TempPole,Limbic,-1,0,0
312,313,7Networks_LH_Limbic_TempPole_11,Cortex,Left,TempPole,Limbic,-1,0,0
313,314,7Networks_LH_Limbic_TempPole_12,Cortex,Left,TempPole,Limbic,-1,0,0
314,315,7Networks_LH_Limbic_TempPole_13,Cortex,Left,TempPole,Limbic,-1,0,0
315,316,7Networks_LH_Limbic_TempPole_14,Cortex,Left,TempPole,Limbic,-1,0,0
316,317,7Networks_LH_Limbic_TempPole_15,Cortex,Left,TempPole,Limbic,-1,0,0
317,318,7Networks_LH_Cont_Par_1,Cortex,Left,Par,Control_Frontoparietal,-1,1,1
318,319,7Networks_LH_Cont_Par_2,Cortex,Left,Par,Control_Frontoparietal,-1,1,1
319,320,7Networks_LH_Cont_Par_3,Cortex,Left,Par,Control_Frontoparietal,-1,1,1
320,321,7Networks_LH_Cont_Par_4,Cortex,Left,Par,Control_Frontoparietal,-1,1,1
321,322,7Networks_LH_Cont_Par_5,Cortex,Left,Par,Control_Frontoparietal,-1,1,1
322,323,7Networks_LH_Cont_Par_6,Cortex,Left,Par,Control_Frontoparietal,-1,1,1
323,324,7Networks_LH_Cont_Par_7,Cortex,Left,Par,Control_Frontoparietal,-1,1,1
324,325,7Networks_LH_Cont_Par_8,Cortex,Left,Par,Control_Frontoparietal,-1,1,1
325,326,7Networks_LH_Cont_Par_9,Cortex,Left,Par,Control_Frontoparietal,-1,1,1
326,327,7Networks_LH_Cont_Par_10,Cortex,Left,Par,Control_Frontoparietal,-1,1,1
327,328,7Networks_LH_Cont_Par_11,Cortex,Left,Par,Control_Frontoparietal,-1,1,1
328,329,7Networks_LH_Cont_Par_12,Cortex,Left,Par,Control_Frontoparietal,-1,1,1
329,330,7Networks_LH_Cont_Par_13,Cortex,Left,Par,Control_Frontoparietal,-1,1,1
330,331,7Networks_LH_Cont_Par_14,Cortex,Left,Par,Control_Frontoparietal,-1,1,1
331,332,7Networks_LH_Cont_Par_15,Cortex,Left,Par,Control_Frontoparietal,-1,1,1
332,333,7Networks_LH_Cont_Temp_1,Cortex,Left,Temp,Control_Frontoparietal,-1,0,1
333,334,7Networks_LH_Cont_Temp_2,Cortex,Left,Temp,Control_Frontoparietal,-1,0,1
334,335,7Networks_LH_Cont_Temp_3,Cortex,Left,Temp,Control_Frontoparietal,-1,0,1
335,336,7Networks_LH_Cont_Temp_4,Cortex,Left,Temp,Control_Frontoparietal,-1,0,1
336,337,7Networks_LH_Cont_PFCd_1,Cortex,Left,PFCd,Control_Frontoparietal,-1,0,1
337,338,7Networks_LH_Cont_PFCl_1,Cortex,Left,PFCl,Control_Frontoparietal,-1,0,1
338,339,7Networks_LH_Cont_PFCl_2,Cortex,Left,PFCl,Control_Frontoparietal,-1,0,1
339,340,7Networks_LH_Cont_PFCl_3,Cortex,Left,PFCl,Control_Frontoparietal,-1,0,1
340,341,7Networks_LH_Cont_PFCl_4,Cortex,Left,PFCl,Control_Frontoparietal,-1,0,1
341,342,7Networks_LH_Cont_PFCl_5,Cortex,Left,PFCl,Control_Frontoparietal,-1,0,1
342,343,7Networks_LH_Cont_PFCl_6,Cortex,Left,PFCl,Control_Frontoparietal,-1,0,1
343,344,7Networks_LH_Cont_PFCl_7,Cortex,Left,PFCl,Control_Frontoparietal,-1,0,1
344,345,7Networks_LH_Cont_PFCl_8,Cortex,Left,PFCl,Control_Frontoparietal,-1,0,1
345,346,7Networks_LH_Cont_PFCl_9,Cortex,Left,PFCl,Control_Frontoparietal,-1,0,1
346,347,7Networks_LH_Cont_PFCl_10,Cortex,Left,PFCl,Control_Frontoparietal,-1,0,1
347,348,7Networks_LH_Cont_PFCl_11,Cortex,Left,PFCl,Control_Frontoparietal,-1,0,1
348,349,7Networks_LH_Cont_PFCl_12,Cortex,Left,PFCl,Control_Frontoparietal,-1,0,1
349,350,7Networks_LH_Cont_PFCl_13,Cortex,Left,PFCl,Control_Frontoparietal,-1,0,1
350,351,7Networks_LH_Cont_PFCl_14,Cortex,Left,PFCl,Control_Frontoparietal,-1,0,1
351,352,7Networks_LH_Cont_PFCl_15,Cortex,Left,PFCl,Control_Frontoparietal,-1,0,1
352,353,7Networks_LH_Cont_PFCl_16,Cortex,Left,PFCl,Control_Frontoparietal,-1,0,1
353,354,7Networks_LH_Cont_PFCl_17,Cortex,Left,PFCl,Control_Frontoparietal,-1,0,1
354,355,7Networks_LH_Cont_PFCl_18,Cortex,Left,PFCl,Control_Frontoparietal,-1,0,1
355,356,7Networks_LH_Cont_PFCl_19,Cortex,Left,PFCl,Control_Frontoparietal,-1,0,1
356,357,7Networks_LH_Cont_PFCl_20,Cortex,Left,PFCl,Control_Frontoparietal,-1,0,1
357,358,7Networks_LH_Cont_OFC_1,Cortex,Left,OFC,Control_Frontoparietal,-1,0,1
358,359,7Networks_LH_Cont_PFCv_1,Cortex,Left,PFCv,Control_Frontoparietal,-1,0,1
359,360,7Networks_LH_Cont_PFCv_2,Cortex,Left,PFCv,Control_Frontoparietal,-1,0,1
360,361,7Networks_LH_Cont_pCun_1,Cortex,Left,pCun,Control_Frontoparietal,-1,1,1
361,362,7Networks_LH_Cont_pCun_2,Cortex,Left,pCun,Control_Frontoparietal,-1,1,1
362,363,7Networks_LH_Cont_pCun_3,Cortex,Left,pCun,Control_Frontoparietal,-1,1,1
363,364,7Networks_LH_Cont_pCun_4,Cortex,Left,pCun,Control_Frontoparietal,-1,1,1
364,365,7Networks_LH_Cont_Cing_1,Cortex,Left,Cing,Control_Frontoparietal,-1,0,1
365,366,7Networks_LH_Cont_Cing_2,Cortex,Left,Cing,Control_Frontoparietal,-1,0,1
366,367,7Networks_LH_Cont_Cing_3,Cortex,Left,Cing,Control_Frontoparietal,-1,0,1
367,368,7Networks_LH_Cont_Cing_4,Cortex,Left,Cing,Control_Frontoparietal,-1,0,1
368,369,7Networks_LH_Cont_Cing_5,Cortex,Left,Cing,Control_Frontoparietal,-1,0,1
369,370,7Networks_LH_Cont_Cing_6,Cortex,Left,Cing,Control_Frontoparietal,-1,0,1
370,371,7Networks_LH_Cont_Cing_7,Cortex,Left,Cing,Control_Frontoparietal,-1,0,1
371,372,7Networks_LH_Cont_Cing_8,Cortex,Left,Cing,Control_Frontoparietal,-1,0,1
372,373,7Networks_LH_Cont_PFCmp_1,Cortex,Left,PFCmp,Control_Frontoparietal,-1,0,1
373,374,7Networks_LH_Cont_PFCmp_2,Cortex,Left,PFCmp,Control_Frontoparietal,-1,0,1
374,375,7Networks_LH_Default_Par_1,Cortex,Left,Par,Default_Mode,-1,1,0
375,376,7Networks_LH_Default_Par_2,Cortex,Left,Par,Default_Mode,-1,1,0
376,377,7Networks_LH_Default_Par_3,Cortex,Left,Par,Default_Mode,-1,1,0
377,378,7Networks_LH_Default_Par_4,Cortex,Left,Par,Default_Mode,-1,1,0
378,379,7Networks_LH_Default_Par_5,Cortex,Left,Par,Default_Mode,-1,1,0
379,380,7Networks_LH_Default_Par_6,Cortex,Left,Par,Default_Mode,-1,1,0
380,381,7Networks_LH_Default_Par_7,Cortex,Left,Par,Default_Mode,-1,1,0
381,382,7Networks_LH_Default_Par_8,Cortex,Left,Par,Default_Mode,-1,1,0
382,383,7Networks_LH_Default_Par_9,Cortex,Left,Par,Default_Mode,-1,1,0
383,384,7Networks_LH_Default_Par_10,Cortex,Left,Par,Default_Mode,-1,1,0
384,385,7Networks_LH_Default_Par_11,Cortex,Left,Par,Default_Mode,-1,1,0
385,386,7Networks_LH_Default_Par_12,Cortex,Left,Par,Default_Mode,-1,1,0
386,387,7Networks_LH_Default_Par_13,Cortex,Left,Par,Default_Mode,-1,1,0
387,388,7Networks_LH_Default_Par_14,Cortex,Left,Par,Default_Mode,-1,1,0
388,389,7Networks_LH_Default_Par_15,Cortex,Left,Par,Default_Mode,-1,1,0
389,390,7Networks_LH_Default_Par_16,Cortex,Left,Par,Default_Mode,-1,1,0
390,391,7Networks_LH_Default_Par_17,Cortex,Left,Par,Default_Mode,-1,1,0
391,392,7Networks_LH_Default_Par_18,Cortex,Left,Par,Default_Mode,-1,1,0
392,393,7Networks_LH_Default_Par_19,Cortex,Left,Par,Default_Mode,-1,1,0
393,394,7Networks_LH_Default_Temp_1,Cortex,Left,Temp,Default_Mode,-1,1,0
394,395,7Networks_LH_Default_Temp_2,Cortex,Left,Temp,Default_Mode,-1,1,0
395,396,7Networks_LH_Default_Temp_3,Cortex,Left,Temp,Default_Mode,-1,1,0
396,397,7Networks_LH_Default_Temp_4,Cortex,Left,Temp,Default_Mode,-1,1,0
397,398,7Networks_LH_Default_Temp_5,Cortex,Left,Temp,Default_Mode,-1,1,0
398,399,7Networks_LH_Default_Temp_6,Cortex,Left,Temp,Default_Mode,-1,1,0
399,400,7Networks_LH_Default_Temp_7,Cortex,Left,Temp,Default_Mode,-1,1,0
400,401,7Networks_LH_Default_Temp_8,Cortex,Left,Temp,Default_Mode,-1,1,0
401,402,7Networks_LH_Default_Temp_9,Cortex,Left,Temp,Default_Mode,-1,1,0
402,403,7Networks_LH_Default_Temp_10,Cortex,Left,Temp,Default_Mode,-1,1,0
403,404,7Networks_LH_Default_Temp_11,Cortex,Left,Temp,Default_Mode,-1,1,0
404,405,7Networks_LH_Default_Temp_12,Cortex,Left,Temp,Default_Mode,-1,1,0
405,406,7Networks_LH_Default_Temp_13,Cortex,Left,Temp,Default_Mode,-1,1,0
406,407,7Networks_LH_Default_Temp_14,Cortex,Left,Temp,Default_Mode,-1,1,0
407,408,7Networks_LH_Default_Temp_15,Cortex,Left,Temp,Default_Mode,-1,1,0
408,409,7Networks_LH_Default_Temp_16,Cortex,Left,Temp,Default_Mode,-1,1,0
409,410,7Networks_LH_Default_Temp_17,Cortex,Left,Temp,Default_Mode,-1,1,0
410,411,7Networks_LH_Default_Temp_18,Cortex,Left,Temp,Default_Mode,-1,1,0
411,412,7Networks_LH_Default_Temp_19,Cortex,Left,Temp,Default_Mode,-1,1,0
412,413,7Networks_LH_Default_Temp_20,Cortex,Left,Temp,Default_Mode,-1,1,0
413,414,7Networks_LH_Default_Temp_21,Cortex,Left,Temp,Default_Mode,-1,1,0
414,415,7Networks_LH_Default_Temp_22,Cortex,Left,Temp,Default_Mode,-1,1,0
415,416,7Networks_LH_Default_PFC_1,Cortex,Left,PFC,Default_Mode,-1,0,1
416,417,7Networks_LH_Default_PFC_2,Cortex,Left,PFC,Default_Mode,-1,0,1
417,418,7Networks_LH_Default_PFC_3,Cortex,Left,PFC,Default_Mode,-1,0,1
418,419,7Networks_LH_Default_PFC_4,Cortex,Left,PFC,Default_Mode,-1,0,1
419,420,7Networks_LH_Default_PFC_5,Cortex,Left,PFC,Default_Mode,-1,0,1
420,421,7Networks_LH_Default_PFC_6,Cortex,Left,PFC,Default_Mode,-1,0,1
421,422,7Networks_LH_Default_PFC_7,Cortex,Left,PFC,Default_Mode,-1,0,1
422,423,7Networks_LH_Default_PFC_8,Cortex,Left,PFC,Default_Mode,-1,0,1
423,424,7Networks_LH_Default_PFC_9,Cortex,Left,PFC,Default_Mode,-1,0,1
424,425,7Networks_LH_Default_PFC_10,Cortex,Left,PFC,Default_Mode,-1,0,1
425,426,7Networks_LH_Default_PFC_11,Cortex,Left,PFC,Default_Mode,-1,0,1
426,427,7Networks_LH_Default_PFC_12,Cortex,Left,PFC,Default_Mode,-1,0,1
427,428,7Networks_LH_Default_PFC_13,Cortex,Left,PFC,Default_Mode,-1,0,1
428,429,7Networks_LH_Default_PFC_14,Cortex,Left,PFC,Default_Mode,-1,0,1
429,430,7Networks_LH_Default_PFC_15,Cortex,Left,PFC,Default_Mode,-1,0,1
430,431,7Networks_LH_Default_PFC_16,Cortex,Left,PFC,Default_Mode,-1,0,1
431,432,7Networks_LH_Default_PFC_17,Cortex,Left,PFC,Default_Mode,-1,0,1
432,433,7Networks_LH_Default_PFC_18,Cortex,Left,PFC,Default_Mode,-1,0,1
433,434,7Networks_LH_Default_PFC_19,Cortex,Left,PFC,Default_Mode,-1,0,1
434,435,7Networks_LH_Default_PFC_20,Cortex,Left,PFC,Default_Mode,-1,0,1
435,436,7Networks_LH_Default_PFC_21,Cortex,Left,PFC,Default_Mode,-1,0,1
436,437,7Networks_LH_Default_PFC_22,Cortex,Left,PFC,Default_Mode,-1,0,1
437,438,7Networks_LH_Default_PFC_23,Cortex,Left,PFC,Default_Mode,-1,0,1
438,439,7Networks_LH_Default_PFC_24,Cortex,Left,PFC,Default_Mode,-1,0,1
439,440,7Networks_LH_Default_PFC_25,Cortex,Left,PFC,Default_Mode,-1,0,1
440,441,7Networks_LH_Default_PFC_26,Cortex,Left,PFC,Default_Mode,-1,0,1
441,442,7Networks_LH_Default_PFC_27,Cortex,Left,PFC,Default_Mode,-1,0,1
442,443,7Networks_LH_Default_PFC_28,Cortex,Left,PFC,Default_Mode,-1,0,1
443,444,7Networks_LH_Default_PFC_29,Cortex,Left,PFC,Default_Mode,-1,0,1
444,445,7Networks_LH_Default_PFC_30,Cortex,Left,PFC,Default_Mode,-1,0,1
445,446,7Networks_LH_Default_PFC_31,Cortex,Left,PFC,Default_Mode,-1,0,1
446,447,7Networks_LH_Default_PFC_32,Cortex,Left,PFC,Default_Mode,-1,0,1
447,448,7Networks_LH_Default_PFC_33,Cortex,Left,PFC,Default_Mode,-1,0,1
448,449,7Networks_LH_Default_PFC_34,Cortex,Left,PFC,Default_Mode,-1,0,1
449,450,7Networks_LH_Default_PFC_35,Cortex,Left,PFC,Default_Mode,-1,0,1
450,451,7Networks_LH_Default_PFC_36,Cortex,Left,PFC,Default_Mode,-1,0,1
451,452,7Networks_LH_Default_PFC_37,Cortex,Left,PFC,Default_Mode,-1,0,1
452,453,7Networks_LH_Default_PFC_38,Cortex,Left,PFC,Default_Mode,-1,0,1
453,454,7Networks_LH_Default_PFC_39,Cortex,Left,PFC,Default_Mode,-1,0,1
454,455,7Networks_LH_Default_PFC_40,Cortex,Left,PFC,Default_Mode,-1,0,1
455,456,7Networks_LH_Default_PFC_41,Cortex,Left,PFC,Default_Mode,-1,0,1
456,457,7Networks_LH_Default_PFC_42,Cortex,Left,PFC,Default_Mode,-1,0,1
457,458,7Networks_LH_Default_PFC_43,Cortex,Left,PFC,Default_Mode,-1,0,1
458,459,7Networks_LH_Default_PFC_44,Cortex,Left,PFC,Default_Mode,-1,0,1
459,460,7Networks_LH_Default_PFC_45,Cortex,Left,PFC,Default_Mode,-1,0,1
460,461,7Networks_LH_Default_PFC_46,Cortex,Left,PFC,Default_Mode,-1,0,1
461,462,7Networks_LH_Default_PFC_47,Cortex,Left,PFC,Default_Mode,-1,0,1
462,463,7Networks_LH_Default_PFC_48,Cortex,Left,PFC,Default_Mode,-1,0,1
463,464,7Networks_LH_Default_PFC_49,Cortex,Left,PFC,Default_Mode,-1,0,1
464,465,7Networks_LH_Default_PFC_50,Cortex,Left,PFC,Default_Mode,-1,0,1
465,466,7Networks_LH_Default_pCunPCC_1,Cortex,Left,pCunPCC,Default_Mode,-1,1,0
466,467,7Networks_LH_Default_pCunPCC_2,Cortex,Left,pCunPCC,Default_Mode,-1,1,0
467,468,7Networks_LH_Default_pCunPCC_3,Cortex,Left,pCunPCC,Default_Mode,-1,1,0
468,469,7Networks_LH_Default_pCunPCC_4,Cortex,Left,pCunPCC,Default_Mode,-1,1,0
469,470,7Networks_LH_Default_pCunPCC_5,Cortex,Left,pCunPCC,Default_Mode,-1,1,0
470,471,7Networks_LH_Default_pCunPCC_6,Cortex,Left,pCunPCC,Default_Mode,-1,1,0
471,472,7Networks_LH_Default_pCunPCC_7,Cortex,Left,pCunPCC,Default_Mode,-1,1,0
472,473,7Networks_LH_Default_pCunPCC_8,Cortex,Left,pCunPCC,Default_Mode,-1,1,0
473,474,7Networks_LH_Default_pCunPCC_9,Cortex,Left,pCunPCC,Default_Mode,-1,1,0
474,475,7Networks_LH_Default_pCunPCC_10,Cortex,Left,pCunPCC,Default_Mode,-1,1,0
475,476,7Networks_LH_Default_pCunPCC_11,Cortex,Left,pCunPCC,Default_Mode,-1,1,0
476,477,7Networks_LH_Default_pCunPCC_12,Cortex,Left,pCunPCC,Default_Mode,-1,1,0
477,478,7Networks_LH_Default_pCunPCC_13,Cortex,Left,pCunPCC,Default_Mode,-1,1,0
478,479,7Networks_LH_Default_pCunPCC_14,Cortex,Left,pCunPCC,Default_Mode,-1,1,0
479,480,7Networks_LH_Default_pCunPCC_15,Cortex,Left,pCunPCC,Default_Mode,-1,1,0
480,481,7Networks_LH_Default_pCunPCC_16,Cortex,Left,pCunPCC,Default_Mode,-1,1,0
481,482,7Networks_LH_Default_pCunPCC_17,Cortex,Left,pCunPCC,Default_Mode,-1,1,0
482,483,7Networks_LH_Default_pCunPCC_18,Cortex,Left,pCunPCC,Default_Mode,-1,1,0
483,484,7Networks_LH_Default_pCunPCC_19,Cortex,Left,pCunPCC,Default_Mode,-1,1,0
484,485,7Networks_LH_Default_pCunPCC_20,Cortex,Left,pCunPCC,Default_Mode,-1,1,0
485,486,7Networks_LH_Default_pCunPCC_21,Cortex,Left,pCunPCC,Default_Mode,-1,1,0
486,487,7Networks_LH_Default_pCunPCC_22,Cortex,Left,pCunPCC,Default_Mode,-1,1,0
487,488,7Networks_LH_Default_pCunPCC_23,Cortex,Left,pCunPCC,Default_Mode,-1,1,0
488,489,7Networks_LH_Default_pCunPCC_24,Cortex,Left,pCunPCC,Default_Mode,-1,1,0
489,490,7Networks_LH_Default_pCunPCC_25,Cortex,Left,pCunPCC,Default_Mode,-1,1,0
490,491,7Networks_LH_Default_pCunPCC_26,Cortex,Left,pCunPCC,Default_Mode,-1,1,0
491,492,7Networks_LH_Default_pCunPCC_27,Cortex,Left,pCunPCC,Default_Mode,-1,1,0
492,493,7Networks_LH_Default_pCunPCC_28,Cortex,Left,pCunPCC,Default_Mode,-1,1,0
493,494,7Networks_LH_Default_pCunPCC_29,Cortex,Left,pCunPCC,Default_Mode,-1,1,0
494,495,7Networks_LH_Default_pCunPCC_30,Cortex,Left,pCunPCC,Default_Mode,-1,1,0
495,496,7Networks_LH_Default_pCunPCC_31,Cortex,Left,pCunPCC,Default_Mode,-1,1,0
496,497,7Networks_LH_Default_pCunPCC_32,Cortex,Left,pCunPCC,Default_Mode,-1,1,0
497,498,7Networks_LH_Default_PHC_1,Cortex,Left,PHC,Default_Mode,-1,1,0
498,499,7Networks_LH_Default_PHC_2,Cortex,Left,PHC,Default_Mode,-1,1,0
499,500,7Networks_LH_Default_PHC_3,Cortex,Left,PHC,Default_Mode,-1,1,0
500,501,7Networks_RH_Vis_1,Cortex,Right,Vis,Visual,-1,1,0
501,502,7Networks_RH_Vis_2,Cortex,Right,Vis,Visual,-1,1,0
502,503,7Networks_RH_Vis_3,Cortex,Right,Vis,Visual,-1,1,0
503,504,7Networks_RH_Vis_4,Cortex,Right,Vis,Visual,-1,1,0
504,505,7Networks_RH_Vis_5,Cortex,Right,Vis,Visual,-1,1,0
505,506,7Networks_RH_Vis_6,Cortex,Right,Vis,Visual,-1,1,0
506,507,7Networks_RH_Vis_7,Cortex,Right,Vis,Visual,-1,1,0
507,508,7Networks_RH_Vis_8,Cortex,Right,Vis,Visual,-1,1,0
508,509,7Networks_RH_Vis_9,Cortex,Right,Vis,Visual,-1,1,0
509,510,7Networks_RH_Vis_10,Cortex,Right,Vis,Visual,-1,1,0
510,511,7Networks_RH_Vis_11,Cortex,Right,Vis,Visual,-1,1,0
511,512,7Networks_RH_Vis_12,Cortex,Right,Vis,Visual,-1,1,0
512,513,7Networks_RH_Vis_13,Cortex,Right,Vis,Visual,-1,1,0
513,514,7Networks_RH_Vis_14,Cortex,Right,Vis,Visual,-1,1,0
514,515,7Networks_RH_Vis_15,Cortex,Right,Vis,Visual,-1,1,0
515,516,7Networks_RH_Vis_16,Cortex,Right,Vis,Visual,-1,1,0
516,517,7Networks_RH_Vis_17,Cortex,Right,Vis,Visual,-1,1,0
517,518,7Networks_RH_Vis_18,Cortex,Right,Vis,Visual,-1,1,0
518,519,7Networks_RH_Vis_19,Cortex,Right,Vis,Visual,-1,1,0
519,520,7Networks_RH_Vis_20,Cortex,Right,Vis,Visual,-1,1,0
520,521,7Networks_RH_Vis_21,Cortex,Right,Vis,Visual,-1,1,0
521,522,7Networks_RH_Vis_22,Cortex,Right,Vis,Visual,-1,1,0
522,523,7Networks_RH_Vis_23,Cortex,Right,Vis,Visual,-1,1,0
523,524,7Networks_RH_Vis_24,Cortex,Right,Vis,Visual,-1,1,0
524,525,7Networks_RH_Vis_25,Cortex,Right,Vis,Visual,-1,1,0
525,526,7Networks_RH_Vis_26,Cortex,Right,Vis,Visual,-1,1,0
526,527,7Networks_RH_Vis_27,Cortex,Right,Vis,Visual,-1,1,0
527,528,7Networks_RH_Vis_28,Cortex,Right,Vis,Visual,-1,1,0
528,529,7Networks_RH_Vis_29,Cortex,Right,Vis,Visual,-1,1,0
529,530,7Networks_RH_Vis_30,Cortex,Right,Vis,Visual,-1,1,0
530,531,7Networks_RH_Vis_31,Cortex,Right,Vis,Visual,-1,1,0
531,532,7Networks_RH_Vis_32,Cortex,Right,Vis,Visual,-1,1,0
532,533,7Networks_RH_Vis_33,Cortex,Right,Vis,Visual,-1,1,0
533,534,7Networks_RH_Vis_34,Cortex,Right,Vis,Visual,-1,1,0
534,535,7Networks_RH_Vis_35,Cortex,Right,Vis,Visual,-1,1,0
535,536,7Networks_RH_Vis_36,Cortex,Right,Vis,Visual,-1,1,0
536,537,7Networks_RH_Vis_37,Cortex,Right,Vis,Visual,-1,1,0
537,538,7Networks_RH_Vis_38,Cortex,Right,Vis,Visual,-1,1,0
538,539,7Networks_RH_Vis_39,Cortex,Right,Vis,Visual,-1,1,0
539,540,7Networks_RH_Vis_40,Cortex,Right,Vis,Visual,-1,1,0
540,541,7Networks_RH_Vis_41,Cortex,Right,Vis,Visual,-1,1,0
541,542,7Networks_RH_Vis_42,Cortex,Right,Vis,Visual,-1,1,0
542,543,7Networks_RH_Vis_43,Cortex,Right,Vis,Visual,-1,1,0
543,544,7Networks_RH_Vis_44,Cortex,Right,Vis,Visual,-1,1,0
544,545,7Networks_RH_Vis_45,Cortex,Right,Vis,Visual,-1,1,0
545,546,7Networks_RH_Vis_46,Cortex,Right,Vis,Visual,-1,1,0
546,547,7Networks_RH_Vis_47,Cortex,Right,Vis,Visual,-1,1,0
547,548,7Networks_RH_Vis_48,Cortex,Right,Vis,Visual,-1,1,0
548,549,7Networks_RH_Vis_49,Cortex,Right,Vis,Visual,-1,1,0
549,550,7Networks_RH_Vis_50,Cortex,Right,Vis,Visual,-1,1,0
550,551,7Networks_RH_Vis_51,Cortex,Right,Vis,Visual,-1,1,0
551,552,7Networks_RH_Vis_52,Cortex,Right,Vis,Visual,-1,1,0
552,553,7Networks_RH_Vis_53,Cortex,Right,Vis,Visual,-1,1,0
553,554,7Networks_RH_Vis_54,Cortex,Right,Vis,Visual,-1,1,0
554,555,7Networks_RH_Vis_55,Cortex,Right,Vis,Visual,-1,1,0
555,556,7Networks_RH_Vis_56,Cortex,Right,Vis,Visual,-1,1,0
556,557,7Networks_RH_Vis_57,Cortex,Right,Vis,Visual,-1,1,0
557,558,7Networks_RH_Vis_58,Cortex,Right,Vis,Visual,-1,1,0
558,559,7Networks_RH_Vis_59,Cortex,Right,Vis,Visual,-1,1,0
559,560,7Networks_RH_Vis_60,Cortex,Right,Vis,Visual,-1,1,0
560,561,7Networks_RH_Vis_61,Cortex,Right,Vis,Visual,-1,1,0
561,562,7Networks_RH_Vis_62,Cortex,Right,Vis,Visual,-1,1,0
562,563,7Networks_RH_Vis_63,Cortex,Right,Vis,Visual,-1,1,0
563,564,7Networks_RH_Vis_64,Cortex,Right,Vis,Visual,-1,1,0
564,565,7Networks_RH_Vis_65,Cortex,Right,Vis,Visual,-1,1,0
565,566,7Networks_RH_Vis_66,Cortex,Right,Vis,Visual,-1,1,0
566,567,7Networks_RH_Vis_67,Cortex,Right,Vis,Visual,-1,1,0
567,568,7Networks_RH_Vis_68,Cortex,Right,Vis,Visual,-1,1,0
568,569,7Networks_RH_Vis_69,Cortex,Right,Vis,Visual,-1,1,0
569,570,7Networks_RH_Vis_70,Cortex,Right,Vis,Visual,-1,1,0
570,571,7Networks_RH_Vis_71,Cortex,Right,Vis,Visual,-1,1,0
571,572,7Networks_RH_Vis_72,Cortex,Right,Vis,Visual,-1,1,0
572,573,7Networks_RH_Vis_73,Cortex,Right,Vis,Visual,-1,1,0
573,574,7Networks_RH_Vis_74,Cortex,Right,Vis,Visual,-1,1,0
574,575,7Networks_RH_Vis_75,Cortex,Right,Vis,Visual,-1,1,0
575,576,7Networks_RH_Vis_76,Cortex,Right,Vis,Visual,-1,1,0
576,577,7Networks_RH_Vis_77,Cortex,Right,Vis,Visual,-1,1,0
577,578,7Networks_RH_Vis_78,Cortex,Right,Vis,Visual,-1,1,0
578,579,7Networks_RH_Vis_79,Cortex,Right,Vis,Visual,-1,1,0
579,580,7Networks_RH_Vis_80,Cortex,Right,Vis,Visual,-1,1,0
580,581,7Networks_RH_Vis_81,Cortex,Right,Vis,Visual,-1,1,0
581,582,7Networks_RH_SomMot_1,Cortex,Right,SomMot,Somatomotor,-1,0,0
582,583,7Networks_RH_SomMot_2,Cortex,Right,SomMot,Somatomotor,-1,0,0
583,584,7Networks_RH_SomMot_3,Cortex,Right,SomMot,Somatomotor,-1,0,0
584,585,7Networks_RH_SomMot_4,Cortex,Right,SomMot,Somatomotor,-1,0,0
585,586,7Networks_RH_SomMot_5,Cortex,Right,SomMot,Somatomotor,-1,0,0
586,587,7Networks_RH_SomMot_6,Cortex,Right,SomMot,Somatomotor,-1,0,0
587,588,7Networks_RH_SomMot_7,Cortex,Right,SomMot,Somatomotor,-1,0,0
588,589,7Networks_RH_SomMot_8,Cortex,Right,SomMot,Somatomotor,-1,0,0
589,590,7Networks_RH_SomMot_9,Cortex,Right,SomMot,Somatomotor,-1,0,0
590,591,7Networks_RH_SomMot_10,Cortex,Right,SomMot,Somatomotor,-1,0,0
591,592,7Networks_RH_SomMot_11,Cortex,Right,SomMot,Somatomotor,-1,0,0
592,593,7Networks_RH_SomMot_12,Cortex,Right,SomMot,Somatomotor,-1,0,0
593,594,7Networks_RH_SomMot_13,Cortex,Right,SomMot,Somatomotor,-1,0,0
594,595,7Networks_RH_SomMot_14,Cortex,Right,SomMot,Somatomotor,-1,0,0
595,596,7Networks_RH_SomMot_15,Cortex,Right,SomMot,Somatomotor,-1,0,0
596,597,7Networks_RH_SomMot_16,Cortex,Right,SomMot,Somatomotor,-1,0,0
597,598,7Networks_RH_SomMot_17,Cortex,Right,SomMot,Somatomotor,-1,0,0
598,599,7Networks_RH_SomMot_18,Cortex,Right,SomMot,Somatomotor,-1,0,0
599,600,7Networks_RH_SomMot_19,Cortex,Right,SomMot,Somatomotor,-1,0,0
600,601,7Networks_RH_SomMot_20,Cortex,Right,SomMot,Somatomotor,-1,0,0
601,602,7Networks_RH_SomMot_21,Cortex,Right,SomMot,Somatomotor,-1,0,0
602,603,7Networks_RH_SomMot_22,Cortex,Right,SomMot,Somatomotor,-1,0,0
603,604,7Networks_RH_SomMot_23,Cortex,Right,SomMot,Somatomotor,-1,0,0
604,605,7Networks_RH_SomMot_24,Cortex,Right,SomMot,Somatomotor,-1,0,0
605,606,7Networks_RH_SomMot_25,Cortex,Right,SomMot,Somatomotor,-1,0,0
606,607,7Networks_RH_SomMot_26,Cortex,Right,SomMot,Somatomotor,-1,0,0
607,608,7Networks_RH_SomMot_27,Cortex,Right,SomMot,Somatomotor,-1,0,0
608,609,7Networks_RH_SomMot_28,Cortex,Right,SomMot,Somatomotor,-1,0,0
609,610,7Networks_RH_SomMot_29,Cortex,Right,SomMot,Somatomotor,-1,0,0
610,611,7Networks_RH_SomMot_30,Cortex,Right,SomMot,Somatomotor,-1,0,0
611,612,7Networks_RH_SomMot_31,Cortex,Right,SomMot,Somatomotor,-1,0,0
612,613,7Networks_RH_SomMot_32,Cortex,Right,SomMot,Somatomotor,-1,0,0
613,614,7Networks_RH_SomMot_33,Cortex,Right,SomMot,Somatomotor,-1,0,0
614,615,7Networks_RH_SomMot_34,Cortex,Right,SomMot,Somatomotor,-1,0,0
615,616,7Networks_RH_SomMot_35,Cortex,Right,SomMot,Somatomotor,-1,0,0
616,617,7Networks_RH_SomMot_36,Cortex,Right,SomMot,Somatomotor,-1,0,0
617,618,7Networks_RH_SomMot_37,Cortex,Right,SomMot,Somatomotor,-1,0,0
618,619,7Networks_RH_SomMot_38,Cortex,Right,SomMot,Somatomotor,-1,0,0
619,620,7Networks_RH_SomMot_39,Cortex,Right,SomMot,Somatomotor,-1,0,0
620,621,7Networks_RH_SomMot_40,Cortex,Right,SomMot,Somatomotor,-1,0,0
621,622,7Networks_RH_SomMot_41,Cortex,Right,SomMot,Somatomotor,-1,0,0
622,623,7Networks_RH_SomMot_42,Cortex,Right,SomMot,Somatomotor,-1,0,0
623,624,7Networks_RH_SomMot_43,Cortex,Right,SomMot,Somatomotor,-1,0,0
624,625,7Networks_RH_SomMot_44,Cortex,Right,SomMot,Somatomotor,-1,0,0
625,626,7Networks_RH_SomMot_45,Cortex,Right,SomMot,Somatomotor,-1,0,0
626,627,7Networks_RH_SomMot_46,Cortex,Right,SomMot,Somatomotor,-1,0,0
627,628,7Networks_RH_SomMot_47,Cortex,Right,SomMot,Somatomotor,-1,0,0
628,629,7Networks_RH_SomMot_48,Cortex,Right,SomMot,Somatomotor,-1,0,0
629,630,7Networks_RH_SomMot_49,Cortex,Right,SomMot,Somatomotor,-1,0,0
630,631,7Networks_RH_SomMot_50,Cortex,Right,SomMot,Somatomotor,-1,0,0
631,632,7Networks_RH_SomMot_51,Cortex,Right,SomMot,Somatomotor,-1,0,0
632,633,7Networks_RH_SomMot_52,Cortex,Right,SomMot,Somatomotor,-1,0,0
633,634,7Networks_RH_SomMot_53,Cortex,Right,SomMot,Somatomotor,-1,0,0
634,635,7Networks_RH_SomMot_54,Cortex,Right,SomMot,Somatomotor,-1,0,0
635,636,7Networks_RH_SomMot_55,Cortex,Right,SomMot,Somatomotor,-1,0,0
636,637,7Networks_RH_SomMot_56,Cortex,Right,SomMot,Somatomotor,-1,0,0
637,638,7Networks_RH_SomMot_57,Cortex,Right,SomMot,Somatomotor,-1,0,0
638,639,7Networks_RH_SomMot_58,Cortex,Right,SomMot,Somatomotor,-1,0,0
639,640,7Networks_RH_SomMot_59,Cortex,Right,SomMot,Somatomotor,-1,0,0
640,641,7Networks_RH_SomMot_60,Cortex,Right,SomMot,Somatomotor,-1,0,0
641,642,7Networks_RH_SomMot_61,Cortex,Right,SomMot,Somatomotor,-1,0,0
642,643,7Networks_RH_SomMot_62,Cortex,Right,SomMot,Somatomotor,-1,0,0
643,644,7Networks_RH_SomMot_63,Cortex,Right,SomMot,Somatomotor,-1,0,0
644,645,7Networks_RH_SomMot_64,Cortex,Right,SomMot,Somatomotor,-1,0,0
645,646,7Networks_RH_SomMot_65,Cortex,Right,SomMot,Somatomotor,-1,0,0
646,647,7Networks_RH_SomMot_66,Cortex,Right,SomMot,Somatomotor,-1,0,0
647,648,7Networks_RH_SomMot_67,Cortex,Right,SomMot,Somatomotor,-1,0,0
648,649,7Networks_RH_SomMot_68,Cortex,Right,SomMot,Somatomotor,-1,0,0
649,650,7Networks_RH_SomMot_69,Cortex,Right,SomMot,Somatomotor,-1,0,0
650,651,7Networks_RH_SomMot_70,Cortex,Right,SomMot,Somatomotor,-1,0,0
651,652,7Networks_RH_SomMot_71,Cortex,Right,SomMot,Somatomotor,-1,0,0
652,653,7Networks_RH_SomMot_72,Cortex,Right,SomMot,Somatomotor,-1,0,0
653,654,7Networks_RH_SomMot_73,Cortex,Right,SomMot,Somatomotor,-1,0,0
654,655,7Networks_RH_SomMot_74,Cortex,Right,SomMot,Somatomotor,-1,0,0
655,656,7Networks_RH_SomMot_75,Cortex,Right,SomMot,Somatomotor,-1,0,0
656,657,7Networks_RH_SomMot_76,Cortex,Right,SomMot,Somatomotor,-1,0,0
657,658,7Networks_RH_SomMot_77,Cortex,Right,SomMot,Somatomotor,-1,0,0
658,659,7Networks_RH_SomMot_78,Cortex,Right,SomMot,Somatomotor,-1,0,0
659,660,7Networks_RH_SomMot_79,Cortex,Right,SomMot,Somatomotor,-1,0,0
660,661,7Networks_RH_SomMot_80,Cortex,Right,SomMot,Somatomotor,-1,0,0
661,662,7Networks_RH_SomMot_81,Cortex,Right,SomMot,Somatomotor,-1,0,0
662,663,7Networks_RH_SomMot_82,Cortex,Right,SomMot,Somatomotor,-1,0,0
663,664,7Networks_RH_SomMot_83,Cortex,Right,SomMot,Somatomotor,-1,0,0
664,665,7Networks_RH_SomMot_84,Cortex,Right,SomMot,Somatomotor,-1,0,0
665,666,7Networks_RH_SomMot_85,Cortex,Right,SomMot,Somatomotor,-1,0,0
666,667,7Networks_RH_SomMot_86,Cortex,Right,SomMot,Somatomotor,-1,0,0
667,668,7Networks_RH_SomMot_87,Cortex,Right,SomMot,Somatomotor,-1,0,0
668,669,7Networks_RH_SomMot_88,Cortex,Right,SomMot,Somatomotor,-1,0,0
669,670,7Networks_RH_SomMot_89,Cortex,Right,SomMot,Somatomotor,-1,0,0
670,671,7Networks_RH_SomMot_90,Cortex,Right,SomMot,Somatomotor,-1,0,0
671,672,7Networks_RH_SomMot_91,Cortex,Right,SomMot,Somatomotor,-1,0,0
672,673,7Networks_RH_SomMot_92,Cortex,Right,SomMot,Somatomotor,-1,0,0
673,674,7Networks_RH_SomMot_93,Cortex,Right,SomMot,Somatomotor,-1,0,0
674,675,7Networks_RH_SomMot_94,Cortex,Right,SomMot,Somatomotor,-1,0,0
675,676,7Networks_RH_SomMot_95,Cortex,Right,SomMot,Somatomotor,-1,0,0
676,677,7Networks_RH_SomMot_96,Cortex,Right,SomMot,Somatomotor,-1,0,0
677,678,7Networks_RH_SomMot_97,Cortex,Right,SomMot,Somatomotor,-1,0,0
678,679,7Networks_RH_SomMot_98,Cortex,Right,SomMot,Somatomotor,-1,0,0
679,680,7Networks_RH_SomMot_99,Cortex,Right,SomMot,Somatomotor,-1,0,0
680,681,7Networks_RH_SomMot_100,Cortex,Right,SomMot,Somatomotor,-1,0,0
681,682,7Networks_RH_SomMot_101,Cortex,Right,SomMot,Somatomotor,-1,0,0
682,683,7Networks_RH_SomMot_102,Cortex,Right,SomMot,Somatomotor,-1,0,0
683,684,7Networks_RH_SomMot_103,Cortex,Right,SomMot,Somatomotor,-1,0,0
684,685,7Networks_RH_DorsAttn_Post_1,Cortex,Right,Post,Dorsal_Attention,-1,1,0
685,686,7Networks_RH_DorsAttn_Post_2,Cortex,Right,Post,Dorsal_Attention,-1,1,0
686,687,7Networks_RH_DorsAttn_Post_3,Cortex,Right,Post,Dorsal_Attention,-1,1,0
687,688,7Networks_RH_DorsAttn_Post_4,Cortex,Right,Post,Dorsal_Attention,-1,1,0
688,689,7Networks_RH_DorsAttn_Post_5,Cortex,Right,Post,Dorsal_Attention,-1,1,0
689,690,7Networks_RH_DorsAttn_Post_6,Cortex,Right,Post,Dorsal_Attention,-1,1,0
690,691,7Networks_RH_DorsAttn_Post_7,Cortex,Right,Post,Dorsal_Attention,-1,1,0
691,692,7Networks_RH_DorsAttn_Post_8,Cortex,Right,Post,Dorsal_Attention,-1,1,0
692,693,7Networks_RH_DorsAttn_Post_9,Cortex,Right,Post,Dorsal_Attention,-1,1,0
693,694,7Networks_RH_DorsAttn_Post_10,Cortex,Right,Post,Dorsal_Attention,-1,1,0
694,695,7Networks_RH_DorsAttn_Post_11,Cortex,Right,Post,Dorsal_Attention,-1,1,0
695,696,7Networks_RH_DorsAttn_Post_12,Cortex,Right,Post,Dorsal_Attention,-1,1,0
696,697,7Networks_RH_DorsAttn_Post_13,Cortex,Right,Post,Dorsal_Attention,-1,1,0
697,698,7Networks_RH_DorsAttn_Post_14,Cortex,Right,Post,Dorsal_Attention,-1,1,0
698,699,7Networks_RH_DorsAttn_Post_15,Cortex,Right,Post,Dorsal_Attention,-1,1,0
699,700,7Networks_RH_DorsAttn_Post_16,Cortex,Right,Post,Dorsal_Attention,-1,1,0
700,701,7Networks_RH_DorsAttn_Post_17,Cortex,Right,Post,Dorsal_Attention,-1,1,0
701,702,7Networks_RH_DorsAttn_Post_18,Cortex,Right,Post,Dorsal_Attention,-1,1,0
702,703,7Networks_RH_DorsAttn_Post_19,Cortex,Right,Post,Dorsal_Attention,-1,1,0
703,704,7Networks_RH_DorsAttn_Post_20,Cortex,Right,Post,Dorsal_Attention,-1,1,0
704,705,7Networks_RH_DorsAttn_Post_21,Cortex,Right,Post,Dorsal_Attention,-1,1,0
705,706,7Networks_RH_DorsAttn_Post_22,Cortex,Right,Post,Dorsal_Attention,-1,1,0
706,707,7Networks_RH_DorsAttn_Post_23,Cortex,Right,Post,Dorsal_Attention,-1,1,0
707,708,7Networks_RH_DorsAttn_Post_24,Cortex,Right,Post,Dorsal_Attention,-1,1,0
708,709,7Networks_RH_DorsAttn_Post_25,Cortex,Right,Post,Dorsal_Attention,-1,1,0
709,710,7Networks_RH_DorsAttn_Post_26,Cortex,Right,Post,Dorsal_Attention,-1,1,0
710,711,7Networks_RH_DorsAttn_Post_27,Cortex,Right,Post,Dorsal_Attention,-1,1,0
711,712,7Networks_RH_DorsAttn_Post_28,Cortex,Right,Post,Dorsal_Attention,-1,1,0
712,713,7Networks_RH_DorsAttn_Post_29,Cortex,Right,Post,Dorsal_Attention,-1,1,0
713,714,7Networks_RH_DorsAttn_Post_30,Cortex,Right,Post,Dorsal_Attention,-1,1,0
714,715,7Networks_RH_DorsAttn_Post_31,Cortex,Right,Post,Dorsal_Attention,-1,1,0
715,716,7Networks_RH_DorsAttn_Post_32,Cortex,Right,Post,Dorsal_Attention,-1,1,0
716,717,7Networks_RH_DorsAttn_Post_33,Cortex,Right,Post,Dorsal_Attention,-1,1,0
717,718,7Networks_RH_DorsAttn_Post_34,Cortex,Right,Post,Dorsal_Attention,-1,1,0
718,719,7Networks_RH_DorsAttn_Post_35,Cortex,Right,Post,Dorsal_Attention,-1,1,0
719,720,7Networks_RH_DorsAttn_Post_36,Cortex,Right,Post,Dorsal_Attention,-1,1,0
720,721,7Networks_RH_DorsAttn_Post_37,Cortex,Right,Post,Dorsal_Attention,-1,1,0
721,722,7Networks_RH_DorsAttn_Post_38,Cortex,Right,Post,Dorsal_Attention,-1,1,0
722,723,7Networks_RH_DorsAttn_Post_39,Cortex,Right,Post,Dorsal_Attention,-1,1,0
723,724,7Networks_RH_DorsAttn_Post_40,Cortex,Right,Post,Dorsal_Attention,-1,1,0
724,725,7Networks_RH_DorsAttn_Post_41,Cortex,Right,Post,Dorsal_Attention,-1,1,0
725,726,7Networks_RH_DorsAttn_Post_42,Cortex,Right,Post,Dorsal_Attention,-1,1,0
726,727,7Networks_RH_DorsAttn_Post_43,Cortex,Right,Post,Dorsal_Attention,-1,1,0
727,728,7Networks_RH_DorsAttn_Post_44,Cortex,Right,Post,Dorsal_Attention,-1,1,0
728,729,7Networks_RH_DorsAttn_Post_45,Cortex,Right,Post,Dorsal_Attention,-1,1,0
729,730,7Networks_RH_DorsAttn_Post_46,Cortex,Right,Post,Dorsal_Attention,-1,1,0
730,731,7Networks_RH_DorsAttn_Post_47,Cortex,Right,Post,Dorsal_Attention,-1,1,0
731,732,7Networks_RH_DorsAttn_Post_48,Cortex,Right,Post,Dorsal_Attention,-1,1,0
732,733,7Networks_RH_DorsAttn_Post_49,Cortex,Right,Post,Dorsal_Attention,-1,1,0
733,734,7Networks_RH_DorsAttn_Post_50,Cortex,Right,Post,Dorsal_Attention,-1,1,0
734,735,7Networks_RH_DorsAttn_Post_51,Cortex,Right,Post,Dorsal_Attention,-1,1,0
735,736,7Networks_RH_DorsAttn_Post_52,Cortex,Right,Post,Dorsal_Attention,-1,1,0
736,737,7Networks_RH_DorsAttn_FEF_1,Cortex,Right,FEF,Dorsal_Attention,-1,0,1
737,738,7Networks_RH_DorsAttn_FEF_2,Cortex,Right,FEF,Dorsal_Attention,-1,0,1
738,739,7Networks_RH_DorsAttn_FEF_3,Cortex,Right,FEF,Dorsal_Attention,-1,0,1
739,740,7Networks_RH_DorsAttn_FEF_4,Cortex,Right,FEF,Dorsal_Attention,-1,0,1
740,741,7Networks_RH_DorsAttn_FEF_5,Cortex,Right,FEF,Dorsal_Attention,-1,0,1
741,742,7Networks_RH_DorsAttn_FEF_6,Cortex,Right,FEF,Dorsal_Attention,-1,0,1
742,743,7Networks_RH_DorsAttn_PrCv_1,Cortex,Right,PrCv,Dorsal_Attention,-1,0,0
743,744,7Networks_RH_DorsAttn_PrCv_2,Cortex,Right,PrCv,Dorsal_Attention,-1,0,0
744,745,7Networks_RH_DorsAttn_PrCv_3,Cortex,Right,PrCv,Dorsal_Attention,-1,0,0
745,746,7Networks_RH_SalVentAttn_TempOccPar_1,Cortex,Right,TempOccPar,Salience_Ventral_Attention,-1,1,1
746,747,7Networks_RH_SalVentAttn_TempOccPar_2,Cortex,Right,TempOccPar,Salience_Ventral_Attention,-1,1,1
747,748,7Networks_RH_SalVentAttn_TempOccPar_3,Cortex,Right,TempOccPar,Salience_Ventral_Attention,-1,1,1
748,749,7Networks_RH_SalVentAttn_TempOccPar_4,Cortex,Right,TempOccPar,Salience_Ventral_Attention,-1,1,1
749,750,7Networks_RH_SalVentAttn_TempOccPar_5,Cortex,Right,TempOccPar,Salience_Ventral_Attention,-1,1,1
750,751,7Networks_RH_SalVentAttn_TempOccPar_6,Cortex,Right,TempOccPar,Salience_Ventral_Attention,-1,1,1
751,752,7Networks_RH_SalVentAttn_TempOccPar_7,Cortex,Right,TempOccPar,Salience_Ventral_Attention,-1,1,1
752,753,7Networks_RH_SalVentAttn_TempOccPar_8,Cortex,Right,TempOccPar,Salience_Ventral_Attention,-1,1,1
753,754,7Networks_RH_SalVentAttn_TempOccPar_9,Cortex,Right,TempOccPar,Salience_Ventral_Attention,-1,1,1
754,755,7Networks_RH_SalVentAttn_TempOccPar_10,Cortex,Right,TempOccPar,Salience_Ventral_Attention,-1,1,1
755,756,7Networks_RH_SalVentAttn_TempOccPar_11,Cortex,Right,TempOccPar,Salience_Ventral_Attention,-1,1,1
756,757,7Networks_RH_SalVentAttn_TempOccPar_12,Cortex,Right,TempOccPar,Salience_Ventral_Attention,-1,1,1
757,758,7Networks_RH_SalVentAttn_TempOccPar_13,Cortex,Right,TempOccPar,Salience_Ventral_Attention,-1,1,1
758,759,7Networks_RH_SalVentAttn_TempOccPar_14,Cortex,Right,TempOccPar,Salience_Ventral_Attention,-1,1,1
759,760,7Networks_RH_SalVentAttn_TempOccPar_15,Cortex,Right,TempOccPar,Salience_Ventral_Attention,-1,1,1
760,761,7Networks_RH_SalVentAttn_TempOccPar_16,Cortex,Right,TempOccPar,Salience_Ventral_Attention,-1,1,1
761,762,7Networks_RH_SalVentAttn_TempOccPar_17,Cortex,Right,TempOccPar,Salience_Ventral_Attention,-1,1,1
762,763,7Networks_RH_SalVentAttn_TempOccPar_18,Cortex,Right,TempOccPar,Salience_Ventral_Attention,-1,1,1
763,764,7Networks_RH_SalVentAttn_PrC_1,Cortex,Right,PrC,Salience_Ventral_Attention,-1,0,1
764,765,7Networks_RH_SalVentAttn_PrC_2,Cortex,Right,PrC,Salience_Ventral_Attention,-1,0,1
765,766,7Networks_RH_SalVentAttn_FrOperIns_1,Cortex,Right,FrOperIns,Salience_Ventral_Attention,-1,0,1
766,767,7Networks_RH_SalVentAttn_FrOperIns_2,Cortex,Right,FrOperIns,Salience_Ventral_Attention,-1,0,1
767,768,7Networks_RH_SalVentAttn_FrOperIns_3,Cortex,Right,FrOperIns,Salience_Ventral_Attention,-1,0,1
768,769,7Networks_RH_SalVentAttn_FrOperIns_4,Cortex,Right,FrOperIns,Salience_Ventral_Attention,-1,0,1
769,770,7Networks_RH_SalVentAttn_FrOperIns_5,Cortex,Right,FrOperIns,Salience_Ventral_Attention,-1,0,1
770,771,7Networks_RH_SalVentAttn_FrOperIns_6,Cortex,Right,FrOperIns,Salience_Ventral_Attention,-1,0,1
771,772,7Networks_RH_SalVentAttn_FrOperIns_7,Cortex,Right,FrOperIns,Salience_Ventral_Attention,-1,0,1
772,773,7Networks_RH_SalVentAttn_FrOperIns_8,Cortex,Right,FrOperIns,Salience_Ventral_Attention,-1,0,1
773,774,7Networks_RH_SalVentAttn_FrOperIns_9,Cortex,Right,FrOperIns,Salience_Ventral_Attention,-1,0,1
774,775,7Networks_RH_SalVentAttn_FrOperIns_10,Cortex,Right,FrOperIns,Salience_Ventral_Attention,-1,0,1
775,776,7Networks_RH_SalVentAttn_FrOperIns_11,Cortex,Right,FrOperIns,Salience_Ventral_Attention,-1,0,1
776,777,7Networks_RH_SalVentAttn_FrOperIns_12,Cortex,Right,FrOperIns,Salience_Ventral_Attention,-1,0,1
777,778,7Networks_RH_SalVentAttn_FrOperIns_13,Cortex,Right,FrOperIns,Salience_Ventral_Attention,-1,0,1
778,779,7Networks_RH_SalVentAttn_FrOperIns_14,Cortex,Right,FrOperIns,Salience_Ventral_Attention,-1,0,1
779,780,7Networks_RH_SalVentAttn_FrOperIns_15,Cortex,Right,FrOperIns,Salience_Ventral_Attention,-1,0,1
780,781,7Networks_RH_SalVentAttn_FrOperIns_16,Cortex,Right,FrOperIns,Salience_Ventral_Attention,-1,0,1
781,782,7Networks_RH_SalVentAttn_FrOperIns_17,Cortex,Right,FrOperIns,Salience_Ventral_Attention,-1,0,1
782,783,7Networks_RH_SalVentAttn_FrOperIns_18,Cortex,Right,FrOperIns,Salience_Ventral_Attention,-1,0,1
783,784,7Networks_RH_SalVentAttn_FrOperIns_19,Cortex,Right,FrOperIns,Salience_Ventral_Attention,-1,0,1
784,785,7Networks_RH_SalVentAttn_FrOperIns_20,Cortex,Right,FrOperIns,Salience_Ventral_Attention,-1,0,1
785,786,7Networks_RH_SalVentAttn_FrOperIns_21,Cortex,Right,FrOperIns,Salience_Ventral_Attention,-1,0,1
786,787,7Networks_RH_SalVentAttn_FrOperIns_22,Cortex,Right,FrOperIns,Salience_Ventral_Attention,-1,0,1
787,788,7Networks_RH_SalVentAttn_FrOperIns_23,Cortex,Right,FrOperIns,Salience_Ventral_Attention,-1,0,1
788,789,7Networks_RH_SalVentAttn_FrOperIns_24,Cortex,Right,FrOperIns,Salience_Ventral_Attention,-1,0,1
789,790,7Networks_RH_SalVentAttn_PFCl_1,Cortex,Right,PFCl,Salience_Ventral_Attention,-1,0,1
790,791,7Networks_RH_SalVentAttn_PFCl_2,Cortex,Right,PFCl,Salience_Ventral_Attention,-1,0,1
791,792,7Networks_RH_SalVentAttn_Med_1,Cortex,Right,Med,Salience_Ventral_Attention,-1,0,1
792,793,7Networks_RH_SalVentAttn_Med_2,Cortex,Right,Med,Salience_Ventral_Attention,-1,0,1
793,794,7Networks_RH_SalVentAttn_Med_3,Cortex,Right,Med,Salience_Ventral_Attention,-1,0,1
794,795,7Networks_RH_SalVentAttn_Med_4,Cortex,Right,Med,Salience_Ventral_Attention,-1,0,1
795,796,7Networks_RH_SalVentAttn_Med_5,Cortex,Right,Med,Salience_Ventral_Attention,-1,0,1
796,797,7Networks_RH_SalVentAttn_Med_6,Cortex,Right,Med,Salience_Ventral_Attention,-1,0,1
797,798,7Networks_RH_SalVentAttn_Med_7,Cortex,Right,Med,Salience_Ventral_Attention,-1,0,1
798,799,7Networks_RH_SalVentAttn_Med_8,Cortex,Right,Med,Salience_Ventral_Attention,-1,0,1
799,800,7Networks_RH_SalVentAttn_Med_9,Cortex,Right,Med,Salience_Ventral_Attention,-1,0,1
800,801,7Networks_RH_SalVentAttn_Med_10,Cortex,Right,Med,Salience_Ventral_Attention,-1,0,1
801,802,7Networks_RH_SalVentAttn_Med_11,Cortex,Right,Med,Salience_Ventral_Attention,-1,0,1
802,803,7Networks_RH_SalVentAttn_Med_12,Cortex,Right,Med,Salience_Ventral_Attention,-1,0,1
803,804,7Networks_RH_SalVentAttn_Med_13,Cortex,Right,Med,Salience_Ventral_Attention,-1,0,1
804,805,7Networks_RH_SalVentAttn_Med_14,Cortex,Right,Med,Salience_Ventral_Attention,-1,0,1
805,806,7Networks_RH_SalVentAttn_Med_15,Cortex,Right,Med,Salience_Ventral_Attention,-1,0,1
806,807,7Networks_RH_SalVentAttn_Med_16,Cortex,Right,Med,Salience_Ventral_Attention,-1,0,1
807,808,7Networks_RH_SalVentAttn_Med_17,Cortex,Right,Med,Salience_Ventral_Attention,-1,0,1
808,809,7Networks_RH_SalVentAttn_Med_18,Cortex,Right,Med,Salience_Ventral_Attention,-1,0,1
809,810,7Networks_RH_SalVentAttn_Med_19,Cortex,Right,Med,Salience_Ventral_Attention,-1,0,1
810,811,7Networks_RH_SalVentAttn_Med_20,Cortex,Right,Med,Salience_Ventral_Attention,-1,0,1
811,812,7Networks_RH_Limbic_OFC_1,Cortex,Right,OFC,Limbic,-1,0,0
812,813,7Networks_RH_Limbic_OFC_2,Cortex,Right,OFC,Limbic,-1,0,0
813,814,7Networks_RH_Limbic_OFC_3,Cortex,Right,OFC,Limbic,-1,0,0
814,815,7Networks_RH_Limbic_OFC_4,Cortex,Right,OFC,Limbic,-1,0,0
815,816,7Networks_RH_Limbic_OFC_5,Cortex,Right,OFC,Limbic,-1,0,0
816,817,7Networks_RH_Limbic_OFC_6,Cortex,Right,OFC,Limbic,-1,0,0
817,818,7Networks_RH_Limbic_OFC_7,Cortex,Right,OFC,Limbic,-1,0,0
818,819,7Networks_RH_Limbic_OFC_8,Cortex,Right,OFC,Limbic,-1,0,0
819,820,7Networks_RH_Limbic_OFC_9,Cortex,Right,OFC,Limbic,-1,0,0
820,821,7Networks_RH_Limbic_OFC_10,Cortex,Right,OFC,Limbic,-1,0,0
821,822,7Networks_RH_Limbic_OFC_11,Cortex,Right,OFC,Limbic,-1,0,0
822,823,7Networks_RH_Limbic_OFC_12,Cortex,Right,OFC,Limbic,-1,0,0
823,824,7Networks_RH_Limbic_OFC_13,Cortex,Right,OFC,Limbic,-1,0,0
824,825,7Networks_RH_Limbic_OFC_14,Cortex,Right,OFC,Limbic,-1,0,0
825,826,7Networks_RH_Limbic_TempPole_1,Cortex,Right,TempPole,Limbic,-1,0,0
826,827,7Networks_RH_Limbic_TempPole_2,Cortex,Right,TempPole,Limbic,-1,0,0
827,828,7Networks_RH_Limbic_TempPole_3,Cortex,Right,TempPole,Limbic,-1,0,0
828,829,7Networks_RH_Limbic_TempPole_4,Cortex,Right,TempPole,Limbic,-1,0,0
829,830,7Networks_RH_Limbic_TempPole_5,Cortex,Right,TempPole,Limbic,-1,0,0
830,831,7Networks_RH_Limbic_TempPole_6,Cortex,Right,TempPole,Limbic,-1,0,0
831,832,7Networks_RH_Limbic_TempPole_7,Cortex,Right,TempPole,Limbic,-1,0,0
832,833,7Networks_RH_Limbic_TempPole_8,Cortex,Right,TempPole,Limbic,-1,0,0
833,834,7Networks_RH_Limbic_TempPole_9,Cortex,Right,TempPole,Limbic,-1,0,0
834,835,7Networks_RH_Limbic_TempPole_10,Cortex,Right,TempPole,Limbic,-1,0,0
835,836,7Networks_RH_Limbic_TempPole_11,Cortex,Right,TempPole,Limbic,-1,0,0
836,837,7Networks_RH_Limbic_TempPole_12,Cortex,Right,TempPole,Limbic,-1,0,0
837,838,7Networks_RH_Limbic_TempPole_13,Cortex,Right,TempPole,Limbic,-1,0,0
838,839,7Networks_RH_Limbic_TempPole_14,Cortex,Right,TempPole,Limbic,-1,0,0
839,840,7Networks_RH_Limbic_TempPole_15,Cortex,Right,TempPole,Limbic,-1,0,0
840,841,7Networks_RH_Limbic_TempPole_16,Cortex,Right,TempPole,Limbic,-1,0,0
841,842,7Networks_RH_Limbic_TempPole_17,Cortex,Right,TempPole,Limbic,-1,0,0
842,843,7Networks_RH_Cont_Par_1,Cortex,Right,Par,Control_Frontoparietal,-1,1,1
843,844,7Networks_RH_Cont_Par_2,Cortex,Right,Par,Control_Frontoparietal,-1,1,1
844,845,7Networks_RH_Cont_Par_3,Cortex,Right,Par,Control_Frontoparietal,-1,1,1
845,846,7Networks_RH_Cont_Par_4,Cortex,Right,Par,Control_Frontoparietal,-1,1,1
846,847,7Networks_RH_Cont_Par_5,Cortex,Right,Par,Control_Frontoparietal,-1,1,1
847,848,7Networks_RH_Cont_Par_6,Cortex,Right,Par,Control_Frontoparietal,-1,1,1
848,849,7Networks_RH_Cont_Par_7,Cortex,Right,Par,Control_Frontoparietal,-1,1,1
849,850,7Networks_RH_Cont_Par_8,Cortex,Right,Par,Control_Frontoparietal,-1,1,1
850,851,7Networks_RH_Cont_Par_9,Cortex,Right,Par,Control_Frontoparietal,-1,1,1
851,852,7Networks_RH_Cont_Par_10,Cortex,Right,Par,Control_Frontoparietal,-1,1,1
852,853,7Networks_RH_Cont_Par_11,Cortex,Right,Par,Control_Frontoparietal,-1,1,1
853,854,7Networks_RH_Cont_Par_12,Cortex,Right,Par,Control_Frontoparietal,-1,1,1
854,855,7Networks_RH_Cont_Par_13,Cortex,Right,Par,Control_Frontoparietal,-1,1,1
855,856,7Networks_RH_Cont_Par_14,Cortex,Right,Par,Control_Frontoparietal,-1,1,1
856,857,7Networks_RH_Cont_Par_15,Cortex,Right,Par,Control_Frontoparietal,-1,1,1
857,858,7Networks_RH_Cont_Par_16,Cortex,Right,Par,Control_Frontoparietal,-1,1,1
858,859,7Networks_RH_Cont_Par_17,Cortex,Right,Par,Control_Frontoparietal,-1,1,1
859,860,7Networks_RH_Cont_Temp_1,Cortex,Right,Temp,Control_Frontoparietal,-1,0,1
860,861,7Networks_RH_Cont_Temp_2,Cortex,Right,Temp,Control_Frontoparietal,-1,0,1
861,862,7Networks_RH_Cont_Temp_3,Cortex,Right,Temp,Control_Frontoparietal,-1,0,1
862,863,7Networks_RH_Cont_Temp_4,Cortex,Right,Temp,Control_Frontoparietal,-1,0,1
863,864,7Networks_RH_Cont_PFCv_1,Cortex,Right,PFCv,Control_Frontoparietal,-1,0,1
864,865,7Networks_RH_Cont_PFCv_2,Cortex,Right,PFCv,Control_Frontoparietal,-1,0,1
865,866,7Networks_RH_Cont_PFCl_1,Cortex,Right,PFCl,Control_Frontoparietal,-1,0,1
866,867,7Networks_RH_Cont_PFCl_2,Cortex,Right,PFCl,Control_Frontoparietal,-1,0,1
867,868,7Networks_RH_Cont_PFCl_3,Cortex,Right,PFCl,Control_Frontoparietal,-1,0,1
868,869,7Networks_RH_Cont_PFCl_4,Cortex,Right,PFCl,Control_Frontoparietal,-1,0,1
869,870,7Networks_RH_Cont_PFCl_5,Cortex,Right,PFCl,Control_Frontoparietal,-1,0,1
870,871,7Networks_RH_Cont_PFCl_6,Cortex,Right,PFCl,Control_Frontoparietal,-1,0,1
871,872,7Networks_RH_Cont_PFCl_7,Cortex,Right,PFCl,Control_Frontoparietal,-1,0,1
872,873,7Networks_RH_Cont_PFCl_8,Cortex,Right,PFCl,Control_Frontoparietal,-1,0,1
873,874,7Networks_RH_Cont_PFCl_9,Cortex,Right,PFCl,Control_Frontoparietal,-1,0,1
874,875,7Networks_RH_Cont_PFCl_10,Cortex,Right,PFCl,Control_Frontoparietal,-1,0,1
875,876,7Networks_RH_Cont_PFCl_11,Cortex,Right,PFCl,Control_Frontoparietal,-1,0,1
876,877,7Networks_RH_Cont_PFCl_12,Cortex,Right,PFCl,Control_Frontoparietal,-1,0,1
877,878,7Networks_RH_Cont_PFCl_13,Cortex,Right,PFCl,Control_Frontoparietal,-1,0,1
878,879,7Networks_RH_Cont_PFCl_14,Cortex,Right,PFCl,Control_Frontoparietal,-1,0,1
879,880,7Networks_RH_Cont_PFCl_15,Cortex,Right,PFCl,Control_Frontoparietal,-1,0,1
880,881,7Networks_RH_Cont_PFCl_16,Cortex,Right,PFCl,Control_Frontoparietal,-1,0,1
881,882,7Networks_RH_Cont_PFCl_17,Cortex,Right,PFCl,Control_Frontoparietal,-1,0,1
882,883,7Networks_RH_Cont_PFCl_18,Cortex,Right,PFCl,Control_Frontoparietal,-1,0,1
883,884,7Networks_RH_Cont_PFCl_19,Cortex,Right,PFCl,Control_Frontoparietal,-1,0,1
884,885,7Networks_RH_Cont_PFCl_20,Cortex,Right,PFCl,Control_Frontoparietal,-1,0,1
885,886,7Networks_RH_Cont_PFCl_21,Cortex,Right,PFCl,Control_Frontoparietal,-1,0,1
886,887,7Networks_RH_Cont_PFCl_22,Cortex,Right,PFCl,Control_Frontoparietal,-1,0,1
887,888,7Networks_RH_Cont_PFCl_23,Cortex,Right,PFCl,Control_Frontoparietal,-1,0,1
888,889,7Networks_RH_Cont_PFCl_24,Cortex,Right,PFCl,Control_Frontoparietal,-1,0,1
889,890,7Networks_RH_Cont_PFCl_25,Cortex,Right,PFCl,Control_Frontoparietal,-1,0,1
890,891,7Networks_RH_Cont_PFCl_26,Cortex,Right,PFCl,Control_Frontoparietal,-1,0,1
891,892,7Networks_RH_Cont_PFCl_27,Cortex,Right,PFCl,Control_Frontoparietal,-1,0,1
892,893,7Networks_RH_Cont_PFCl_28,Cortex,Right,PFCl,Control_Frontoparietal,-1,0,1
893,894,7Networks_RH_Cont_PFCl_29,Cortex,Right,PFCl,Control_Frontoparietal,-1,0,1
894,895,7Networks_RH_Cont_PFCl_30,Cortex,Right,PFCl,Control_Frontoparietal,-1,0,1
895,896,7Networks_RH_Cont_PFCl_31,Cortex,Right,PFCl,Control_Frontoparietal,-1,0,1
896,897,7Networks_RH_Cont_PFCl_32,Cortex,Right,PFCl,Control_Frontoparietal,-1,0,1
897,898,7Networks_RH_Cont_PFCl_33,Cortex,Right,PFCl,Control_Frontoparietal,-1,0,1
898,899,7Networks_RH_Cont_PFCl_34,Cortex,Right,PFCl,Control_Frontoparietal,-1,0,1
899,900,7Networks_RH_Cont_pCun_1,Cortex,Right,pCun,Control_Frontoparietal,-1,1,1
900,901,7Networks_RH_Cont_pCun_3,Cortex,Right,pCun,Control_Frontoparietal,-1,1,1
901,902,7Networks_RH_Cont_pCun_5,Cortex,Right,pCun,Control_Frontoparietal,-1,1,1
902,903,7Networks_RH_Cont_Cing_1,Cortex,Right,Cing,Control_Frontoparietal,-1,0,1
903,904,7Networks_RH_Cont_Cing_2,Cortex,Right,Cing,Control_Frontoparietal,-1,0,1
904,905,7Networks_RH_Cont_Cing_3,Cortex,Right,Cing,Control_Frontoparietal,-1,0,1
905,906,7Networks_RH_Cont_Cing_4,Cortex,Right,Cing,Control_Frontoparietal,-1,0,1
906,907,7Networks_RH_Cont_Cing_5,Cortex,Right,Cing,Control_Frontoparietal,-1,0,1
907,908,7Networks_RH_Cont_PFCmp_1,Cortex,Right,PFCmp,Control_Frontoparietal,-1,0,1
908,909,7Networks_RH_Cont_PFCmp_2,Cortex,Right,PFCmp,Control_Frontoparietal,-1,0,1
909,910,7Networks_RH_Cont_PFCmp_3,Cortex,Right,PFCmp,Control_Frontoparietal,-1,0,1
910,911,7Networks_RH_Cont_PFCmp_4,Cortex,Right,PFCmp,Control_Frontoparietal,-1,0,1
911,912,7Networks_RH_Cont_PFCmp_5,Cortex,Right,PFCmp,Control_Frontoparietal,-1,0,1
912,913,7Networks_RH_Default_Par_1,Cortex,Right,Par,Default_Mode,-1,1,0
913,914,7Networks_RH_Default_Par_2,Cortex,Right,Par,Default_Mode,-1,1,0
914,915,7Networks_RH_Default_Par_3,Cortex,Right,Par,Default_Mode,-1,1,0
915,916,7Networks_RH_Default_Par_4,Cortex,Right,Par,Default_Mode,-1,1,0
916,917,7Networks_RH_Default_Par_5,Cortex,Right,Par,Default_Mode,-1,1,0
917,918,7Networks_RH_Default_Par_6,Cortex,Right,Par,Default_Mode,-1,1,0
918,919,7Networks_RH_Default_Par_7,Cortex,Right,Par,Default_Mode,-1,1,0
919,920,7Networks_RH_Default_Par_8,Cortex,Right,Par,Default_Mode,-1,1,0
920,921,7Networks_RH_Default_Par_9,Cortex,Right,Par,Default_Mode,-1,1,0
921,922,7Networks_RH_Default_Par_10,Cortex,Right,Par,Default_Mode,-1,1,0
922,923,7Networks_RH_Default_Par_11,Cortex,Right,Par,Default_Mode,-1,1,0
923,924,7Networks_RH_Default_Par_12,Cortex,Right,Par,Default_Mode,-1,1,0
924,925,7Networks_RH_Default_Par_13,Cortex,Right,Par,Default_Mode,-1,1,0
925,926,7Networks_RH_Default_Par_14,Cortex,Right,Par,Default_Mode,-1,1,0
926,927,7Networks_RH_Default_Par_15,Cortex,Right,Par,Default_Mode,-1,1,0
927,928,7Networks_RH_Default_Par_16,Cortex,Right,Par,Default_Mode,-1,1,0
928,929,7Networks_RH_Default_Temp_1,Cortex,Right,Temp,Default_Mode,-1,1,0
929,930,7Networks_RH_Default_Temp_2,Cortex,Right,Temp,Default_Mode,-1,1,0
930,931,7Networks_RH_Default_Temp_3,Cortex,Right,Temp,Default_Mode,-1,1,0
931,932,7Networks_RH_Default_Temp_4,Cortex,Right,Temp,Default_Mode,-1,1,0
932,933,7Networks_RH_Default_Temp_5,Cortex,Right,Temp,Default_Mode,-1,1,0
933,934,7Networks_RH_Default_Temp_6,Cortex,Right,Temp,Default_Mode,-1,1,0
934,935,7Networks_RH_Default_Temp_7,Cortex,Right,Temp,Default_Mode,-1,1,0
935,936,7Networks_RH_Default_Temp_8,Cortex,Right,Temp,Default_Mode,-1,1,0
936,937,7Networks_RH_Default_Temp_9,Cortex,Right,Temp,Default_Mode,-1,1,0
937,938,7Networks_RH_Default_Temp_10,Cortex,Right,Temp,Default_Mode,-1,1,0
938,939,7Networks_RH_Default_Temp_11,Cortex,Right,Temp,Default_Mode,-1,1,0
939,940,7Networks_RH_Default_Temp_12,Cortex,Right,Temp,Default_Mode,-1,1,0
940,941,7Networks_RH_Default_Temp_13,Cortex,Right,Temp,Default_Mode,-1,1,0
941,942,7Networks_RH_Default_Temp_14,Cortex,Right,Temp,Default_Mode,-1,1,0
942,943,7Networks_RH_Default_Temp_15,Cortex,Right,Temp,Default_Mode,-1,1,0
943,944,7Networks_RH_Default_Temp_16,Cortex,Right,Temp,Default_Mode,-1,1,0
944,945,7Networks_RH_Default_Temp_17,Cortex,Right,Temp,Default_Mode,-1,1,0
945,946,7Networks_RH_Default_Temp_18,Cortex,Right,Temp,Default_Mode,-1,1,0
946,947,7Networks_RH_Default_PFCv_1,Cortex,Right,PFCv,Default_Mode,-1,0,1
947,948,7Networks_RH_Default_PFCv_2,Cortex,Right,PFCv,Default_Mode,-1,0,1
948,949,7Networks_RH_Default_PFCv_3,Cortex,Right,PFCv,Default_Mode,-1,0,1
949,950,7Networks_RH_Default_PFCv_4,Cortex,Right,PFCv,Default_Mode,-1,0,1
950,951,7Networks_RH_Default_PFCv_5,Cortex,Right,PFCv,Default_Mode,-1,0,1
951,952,7Networks_RH_Default_PFCv_6,Cortex,Right,PFCv,Default_Mode,-1,0,1
952,953,7Networks_RH_Default_PFCv_7,Cortex,Right,PFCv,Default_Mode,-1,0,1
953,954,7Networks_RH_Default_PFCv_8,Cortex,Right,PFCv,Default_Mode,-1,0,1
954,955,7Networks_RH_Default_PFCv_9,Cortex,Right,PFCv,Default_Mode,-1,0,1
955,956,7Networks_RH_Default_PFCv_10,Cortex,Right,PFCv,Default_Mode,-1,0,1
956,957,7Networks_RH_Default_PFCdPFCm_1,Cortex,Right,PFCdPFCm,Default_Mode,-1,0,1
957,958,7Networks_RH_Default_PFCdPFCm_2,Cortex,Right,PFCdPFCm,Default_Mode,-1,0,1
958,959,7Networks_RH_Default_PFCdPFCm_3,Cortex,Right,PFCdPFCm,Default_Mode,-1,0,1
959,960,7Networks_RH_Default_PFCdPFCm_4,Cortex,Right,PFCdPFCm,Default_Mode,-1,0,1
960,961,7Networks_RH_Default_PFCdPFCm_5,Cortex,Right,PFCdPFCm,Default_Mode,-1,0,1
961,962,7Networks_RH_Default_PFCdPFCm_6,Cortex,Right,PFCdPFCm,Default_Mode,-1,0,1
962,963,7Networks_RH_Default_PFCdPFCm_7,Cortex,Right,PFCdPFCm,Default_Mode,-1,0,1
963,964,7Networks_RH_Default_PFCdPFCm_8,Cortex,Right,PFCdPFCm,Default_Mode,-1,0,1
964,965,7Networks_RH_Default_PFCdPFCm_9,Cortex,Right,PFCdPFCm,Default_Mode,-1,0,1
965,966,7Networks_RH_Default_PFCdPFCm_10,Cortex,Right,PFCdPFCm,Default_Mode,-1,0,1
966,967,7Networks_RH_Default_PFCdPFCm_11,Cortex,Right,PFCdPFCm,Default_Mode,-1,0,1
967,968,7Networks_RH_Default_PFCdPFCm_12,Cortex,Right,PFCdPFCm,Default_Mode,-1,0,1
968,969,7Networks_RH_Default_PFCdPFCm_13,Cortex,Right,PFCdPFCm,Default_Mode,-1,0,1
969,970,7Networks_RH_Default_PFCdPFCm_14,Cortex,Right,PFCdPFCm,Default_Mode,-1,0,1
970,971,7Networks_RH_Default_PFCdPFCm_15,Cortex,Right,PFCdPFCm,Default_Mode,-1,0,1
971,972,7Networks_RH_Default_PFCdPFCm_16,Cortex,Right,PFCdPFCm,Default_Mode,-1,0,1
972,973,7Networks_RH_Default_PFCdPFCm_17,Cortex,Right,PFCdPFCm,Default_Mode,-1,0,1
973,974,7Networks_RH_Default_PFCdPFCm_18,Cortex,Right,PFCdPFCm,Default_Mode,-1,0,1
974,975,7Networks_RH_Default_PFCdPFCm_19,Cortex,Right,PFCdPFCm,Default_Mode,-1,0,1
975,976,7Networks_RH_Default_PFCdPFCm_20,Cortex,Right,PFCdPFCm,Default_Mode,-1,0,1
976,977,7Networks_RH_Default_PFCdPFCm_21,Cortex,Right,PFCdPFCm,Default_Mode,-1,0,1
977,978,7Networks_RH_Default_PFCdPFCm_22,Cortex,Right,PFCdPFCm,Default_Mode,-1,0,1
978,979,7Networks_RH_Default_PFCdPFCm_23,Cortex,Right,PFCdPFCm,Default_Mode,-1,0,1
979,980,7Networks_RH_Default_PFCdPFCm_24,Cortex,Right,PFCdPFCm,Default_Mode,-1,0,1
980,981,7Networks_RH_Default_pCunPCC_1,Cortex,Right,pCunPCC,Default_Mode,-1,1,0
981,982,7Networks_RH_Default_pCunPCC_2,Cortex,Right,pCunPCC,Default_Mode,-1,1,0
982,983,7Networks_RH_Default_pCunPCC_3,Cortex,Right,pCunPCC,Default_Mode,-1,1,0
983,984,7Networks_RH_Default_pCunPCC_4,Cortex,Right,pCunPCC,Default_Mode,-1,1,0
984,985,7Networks_RH_Default_pCunPCC_5,Cortex,Right,pCunPCC,Default_Mode,-1,1,0
985,986,7Networks_RH_Default_pCunPCC_6,Cortex,Right,pCunPCC,Default_Mode,-1,1,0
986,987,7Networks_RH_Default_pCunPCC_7,Cortex,Right,pCunPCC,Default_Mode,-1,1,0
987,988,7Networks_RH_Default_pCunPCC_8,Cortex,Right,pCunPCC,Default_Mode,-1,1,0
988,989,7Networks_RH_Default_pCunPCC_9,Cortex,Right,pCunPCC,Default_Mode,-1,1,0
989,990,7Networks_RH_Default_pCunPCC_10,Cortex,Right,pCunPCC,Default_Mode,-1,1,0
990,991,7Networks_RH_Default_pCunPCC_11,Cortex,Right,pCunPCC,Default_Mode,-1,1,0
991,992,7Networks_RH_Default_pCunPCC_12,Cortex,Right,pCunPCC,Default_Mode,-1,1,0
992,993,7Networks_RH_Default_pCunPCC_13,Cortex,Right,pCunPCC,Default_Mode,-1,1,0
993,994,7Networks_RH_Default_pCunPCC_14,Cortex,Right,pCunPCC,Default_Mode,-1,1,0
994,995,7Networks_RH_Default_pCunPCC_15,Cortex,Right,pCunPCC,Default_Mode,-1,1,0
995,996,7Networks_RH_Default_pCunPCC_16,Cortex,Right,pCunPCC,Default_Mode,-1,1,0
996,997,7Networks_RH_Default_pCunPCC_17,Cortex,Right,pCunPCC,Default_Mode,-1,1,0
997,998,7Networks_RH_Default_pCunPCC_18,Cortex,Right,pCunPCC,Default_Mode,-1,1,0
998,999,7Networks_RH_Cont_pCun_2,Cortex,Right,pCun,Control_Frontoparietal,-1,1,1
999,1000,7Networks_RH_Cont_pCun_4,Cortex,Right,pCun,Control_Frontoparietal,-1,1,1
1000,1001,Subcortex_Left-Thalamus-Proper,Subcortex,Left,Thalamus,Subcortex,10,0,0
1001,1002,Subcortex_Left-Caudate,Subcortex,Left,Caudate,Subcortex,11,0,0
1002,1003,Subcortex_Left-Putamen,Subcortex,Left,Putamen,Subcortex,12,0,0
1003,1004,Subcortex_Left-Pallidum,Subcortex,Left,Pallidum,Subcortex,13,0,0
1004,1005,Subcortex_Left-Hippocampus,Subcortex,Left,Hippocampus,Subcortex,17,0,0
1005,1006,Subcortex_Left-Amygdala,Subcortex,Left,Amygdala,Subcortex,18,0,0
1006,1007,Subcortex_Left-Accumbens-area,Subcortex,Left,Accumbens,Subcortex,26,0,0
1007,1008,Subcortex_Right-Thalamus-Proper,Subcortex,Right,Thalamus,Subcortex,49,0,0
1008,1009,Subcortex_Right-Caudate,Subcortex,Right,Caudate,Subcortex,50,0,0
1009,1010,Subcortex_Right-Putamen,Subcortex,Right,Putamen,Subcortex,51,0,0
1010,1011,Subcortex_Right-Pallidum,Subcortex,Right,Pallidum,Subcortex,52,0,0
1011,1012,Subcortex_Right-Hippocampus,Subcortex,Right,Hippocampus,Subcortex,53,0,0
1012,1013,Subcortex_Right-Amygdala,Subcortex,Right,Amygdala,Subcortex,54,0,0
1013,1014,Subcortex_Right-Accumbens-area,Subcortex,Right,Accumbens,Subcortex,58,0,0
