0.00000000,15.05581425,15.63884436,48.97188268,18.63302378,46.09238868,54.85926024,32.81389315,52.43816185,47.46489215,64.76623931,43.96856200,44.38026142,62.19101715,54.07513361,68.38865643,0.00000000,0.00000000,0.00000000,0.00000000,14.76410677,0.00000000,0.00000000,89.84547161,0.00000000,0.00000000,0.00000000,0.00000000,94.02878062,83.42583038,0.00000000,0.00000000,0.00000000,0.00000000,0.00000000,0.00000000,95.17765263,0.00000000,0.00000000,0.00000000,0.00000000,0.00000000,0.00000000,0.00000000,0.00000000,0.00000000,0.00000000,0.00000000,0.00000000,0.00000000,0.00000000,0.00000000,0.00000000,0.00000000,0.00000000,0.00000000,0.00000000,0.00000000,0.00000000,0.00000000,0.00000000,0.00000000,0.00000000,0.00000000,0.00000000,0.00000000,0.00000000,0.00000000,0.00000000,0.00000000,0.00000000,0.00000000,0.00000000,0.00000000,0.00000000,0.00000000,0.00000000,0.00000000,0.00000000,0.00000000,0.00000000,0.00000000,0.00000000,0.00000000,0.00000000,0.00000000,0.00000000,0.00000000,0.00000000,0.00000000
15.05581425,0.00000000,15.52063529,13.87008788,39.85600757,31.80533160,25.90257685,45.53654882,40.47911035,49.87911708,28.26004776,48.39447107,35.75432598,57.20500161,55.65124233,57.85643809,0.00000000,0.00000000,0.00000000,0.00000000,32.24886967,0.00000000,0.00000000,84.51876371,0.00000000,0.00000000,0.00000000,95.71628101,96.94431721,81.35411189,96.53392563,0.00000000,0.00000000,0.00000000,0.00000000,0.00000000,93.82013275,0.00000000,0.00000000,0.00000000,0.00000000,0.00000000,0.00000000,0.00000000,0.00000000,0.00000000,0.00000000,0.00000000,0.00000000,0.00000000,0.00000000,0.00000000,0.00000000,0.00000000,0.00000000,90.60920429,0.00000000,0.00000000,0.00000000,0.00000000,0.00000000,0.00000000,0.00000000,0.00000000,0.00000000,0.00000000,0.00000000,0.00000000,0.00000000,0.00000000,0.00000000,0.00000000,0.00000000,0.00000000,0.00000000,0.00000000,0.00000000,0.00000000,0.00000000,0.00000000,0.00000000,0.00000000,0.00000000,0.00000000,0.00000000,0.00000000,0.00000000,0.00000000,0.00000000,0.00000000
15.63884436,15.52063529,0.00000000,15.25810429,14.01549254,12.51833238,17.25638345,29.48526196,21.49603215,35.76529072,34.35565486,40.59578191,41.18102533,49.04576953,50.69266434,57.94519580,0.00000000,0.00000000,0.00000000,0.00000000,60.62229207,0.00000000,0.00000000,92.14672553,0.00000000,0.00000000,0.00000000,0.00000000,0.00000000,93.83214378,0.00000000,0.00000000,0.00000000,0.00000000,0.00000000,0.00000000,98.17781544,0.00000000,0.00000000,0.00000000,0.00000000,0.00000000,0.00000000,0.00000000,0.00000000,0.00000000,0.00000000,0.00000000,0.00000000,0.00000000,0.00000000,0.00000000,0.00000000,0.00000000,0.00000000,0.00000000,0.00000000,0.00000000,0.00000000,0.00000000,0.00000000,0.00000000,0.00000000,0.00000000,0.00000000,0.00000000,0.00000000,0.00000000,0.00000000,0.00000000,0.00000000,0.00000000,0.00000000,0.00000000,0.00000000,0.00000000,0.00000000,0.00000000,0.00000000,0.00000000,0.00000000,0.00000000,0.00000000,0.00000000,0.00000000,0.00000000,0.00000000,0.00000000,0.00000000,0.00000000
48.97188268,13.87008788,15.25810429,0.00000000,48.72439321,12.65486677,11.16416817,50.61797384,32.88061309,46.92686517,14.81340654,54.21942033,35.00886398,44.82656924,51.81286482,46.71866956,0.00000000,0.00000000,0.00000000,0.00000000,70.48195924,0.00000000,0.00000000,87.66069794,0.00000000,0.00000000,0.00000000,0.00000000,0.00000000,90.73668880,0.00000000,0.00000000,0.00000000,0.00000000,0.00000000,0.00000000,95.79506938,0.00000000,0.00000000,0.00000000,0.00000000,0.00000000,0.00000000,0.00000000,0.00000000,0.00000000,0.00000000,0.00000000,0.00000000,0.00000000,0.00000000,0.00000000,0.00000000,0.00000000,0.00000000,0.00000000,0.00000000,0.00000000,0.00000000,0.00000000,0.00000000,0.00000000,0.00000000,0.00000000,0.00000000,0.00000000,0.00000000,0.00000000,0.00000000,0.00000000,0.00000000,0.00000000,0.00000000,0.00000000,0.00000000,0.00000000,0.00000000,0.00000000,0.00000000,0.00000000,0.00000000,0.00000000,0.00000000,0.00000000,0.00000000,0.00000000,0.00000000,0.00000000,0.00000000,0.00000000
18.63302378,39.85600757,14.01549254,48.72439321,0.00000000,10.93118898,34.54501822,14.87253428,20.16178111,16.23993822,42.18963013,30.38268326,48.86340794,46.00735822,48.31229071,63.02702098,0.00000000,0.00000000,0.00000000,0.00000000,60.51072073,0.00000000,0.00000000,95.72828432,0.00000000,0.00000000,0.00000000,0.00000000,0.00000000,92.47723948,0.00000000,0.00000000,0.00000000,0.00000000,0.00000000,0.00000000,0.00000000,0.00000000,0.00000000,0.00000000,0.00000000,0.00000000,0.00000000,0.00000000,0.00000000,0.00000000,0.00000000,0.00000000,0.00000000,0.00000000,0.00000000,0.00000000,0.00000000,0.00000000,0.00000000,0.00000000,0.00000000,0.00000000,0.00000000,0.00000000,0.00000000,0.00000000,0.00000000,0.00000000,0.00000000,0.00000000,0.00000000,0.00000000,0.00000000,0.00000000,0.00000000,0.00000000,0.00000000,0.00000000,0.00000000,0.00000000,0.00000000,0.00000000,0.00000000,0.00000000,0.00000000,0.00000000,0.00000000,0.00000000,0.00000000,0.00000000,0.00000000,0.00000000,0.00000000,0.00000000
46.09238868,31.80533160,12.51833238,12.65486677,10.93118898,0.00000000,10.65903572,33.60816983,12.08052645,24.12580067,33.00194650,41.41984811,44.87194196,41.75802497,46.62476117,52.94641172,0.00000000,0.00000000,0.00000000,0.00000000,76.35758567,0.00000000,0.00000000,95.81382454,0.00000000,0.00000000,0.00000000,0.00000000,0.00000000,95.49790596,0.00000000,0.00000000,0.00000000,0.00000000,0.00000000,0.00000000,0.00000000,0.00000000,0.00000000,0.00000000,0.00000000,0.00000000,0.00000000,0.00000000,0.00000000,0.00000000,0.00000000,0.00000000,0.00000000,0.00000000,0.00000000,0.00000000,0.00000000,0.00000000,0.00000000,0.00000000,0.00000000,0.00000000,0.00000000,0.00000000,0.00000000,0.00000000,0.00000000,0.00000000,0.00000000,0.00000000,0.00000000,0.00000000,0.00000000,0.00000000,0.00000000,0.00000000,0.00000000,0.00000000,0.00000000,0.00000000,0.00000000,0.00000000,0.00000000,0.00000000,0.00000000,0.00000000,0.00000000,0.00000000,0.00000000,0.00000000,0.00000000,0.00000000,0.00000000,0.00000000
54.85926024,25.90257685,17.25638345,11.16416817,34.54501822,10.65903572,0.00000000,54.32408918,11.15399712,28.12548320,13.47230626,45.03167508,37.55729910,19.39600177,27.88852530,26.40683316,0.00000000,0.00000000,0.00000000,0.00000000,72.86620876,0.00000000,0.00000000,90.70756412,0.00000000,0.00000000,0.00000000,0.00000000,0.00000000,92.80836792,0.00000000,0.00000000,0.00000000,0.00000000,0.00000000,0.00000000,0.00000000,0.00000000,0.00000000,0.00000000,0.00000000,0.00000000,0.00000000,0.00000000,0.00000000,0.00000000,0.00000000,0.00000000,0.00000000,0.00000000,0.00000000,0.00000000,0.00000000,0.00000000,0.00000000,90.24390666,0.00000000,0.00000000,0.00000000,0.00000000,0.00000000,0.00000000,0.00000000,0.00000000,0.00000000,0.00000000,0.00000000,0.00000000,0.00000000,0.00000000,0.00000000,0.00000000,0.00000000,0.00000000,0.00000000,0.00000000,0.00000000,0.00000000,0.00000000,0.00000000,0.00000000,0.00000000,0.00000000,0.00000000,0.00000000,0.00000000,0.00000000,0.00000000,0.00000000,0.00000000
32.81389315,45.53654882,29.48526196,50.61797384,14.87253428,33.60816983,54.32408918,0.00000000,39.34730013,19.35195118,54.06791051,18.71544720,47.18821756,51.49776290,43.62646644,62.09845829,0.00000000,0.00000000,0.00000000,0.00000000,52.02906672,0.00000000,0.00000000,89.38553953,0.00000000,0.00000000,0.00000000,0.00000000,0.00000000,91.75368098,0.00000000,0.00000000,0.00000000,0.00000000,0.00000000,0.00000000,0.00000000,0.00000000,0.00000000,0.00000000,0.00000000,0.00000000,0.00000000,0.00000000,0.00000000,0.00000000,0.00000000,0.00000000,0.00000000,0.00000000,0.00000000,0.00000000,0.00000000,0.00000000,0.00000000,0.00000000,0.00000000,0.00000000,0.00000000,0.00000000,0.00000000,0.00000000,0.00000000,0.00000000,0.00000000,0.00000000,0.00000000,0.00000000,0.00000000,0.00000000,0.00000000,0.00000000,0.00000000,0.00000000,0.00000000,0.00000000,0.00000000,0.00000000,0.00000000,0.00000000,0.00000000,0.00000000,0.00000000,0.00000000,0.00000000,0.00000000,0.00000000,0.00000000,0.00000000,0.00000000
52.43816185,40.47911035,21.49603215,32.88061309,20.16178111,12.08052645,11.15399712,39.34730013,0.00000000,16.21046986,26.86013661,31.99891743,44.64350497,13.11980276,27.09935674,25.86249919,0.00000000,0.00000000,0.00000000,0.00000000,73.86608800,0.00000000,0.00000000,93.55810253,0.00000000,0.00000000,0.00000000,0.00000000,0.00000000,0.00000000,0.00000000,0.00000000,0.00000000,0.00000000,0.00000000,0.00000000,0.00000000,0.00000000,0.00000000,0.00000000,0.00000000,0.00000000,0.00000000,0.00000000,0.00000000,0.00000000,0.00000000,0.00000000,0.00000000,0.00000000,0.00000000,0.00000000,0.00000000,0.00000000,0.00000000,0.00000000,0.00000000,0.00000000,0.00000000,0.00000000,0.00000000,0.00000000,0.00000000,0.00000000,0.00000000,0.00000000,0.00000000,0.00000000,0.00000000,0.00000000,0.00000000,0.00000000,0.00000000,0.00000000,0.00000000,0.00000000,0.00000000,0.00000000,0.00000000,0.00000000,0.00000000,0.00000000,0.00000000,0.00000000,0.00000000,0.00000000,0.00000000,0.00000000,0.00000000,0.00000000
47.46489215,49.87911708,35.76529072,46.92686517,16.23993822,24.12580067,28.12548320,19.35195118,16.21046986,0.00000000,35.44999678,14.41792946,47.66749833,14.94603575,17.05668042,51.92545573,0.00000000,0.00000000,0.00000000,0.00000000,73.22027090,0.00000000,0.00000000,95.20697514,0.00000000,0.00000000,0.00000000,0.00000000,0.00000000,0.00000000,0.00000000,0.00000000,0.00000000,0.00000000,0.00000000,0.00000000,0.00000000,0.00000000,0.00000000,0.00000000,0.00000000,0.00000000,0.00000000,0.00000000,0.00000000,0.00000000,0.00000000,0.00000000,0.00000000,0.00000000,0.00000000,0.00000000,0.00000000,0.00000000,0.00000000,0.00000000,0.00000000,0.00000000,0.00000000,0.00000000,0.00000000,0.00000000,0.00000000,0.00000000,0.00000000,0.00000000,0.00000000,0.00000000,0.00000000,0.00000000,0.00000000,0.00000000,0.00000000,0.00000000,0.00000000,0.00000000,0.00000000,0.00000000,0.00000000,0.00000000,0.00000000,0.00000000,0.00000000,0.00000000,0.00000000,0.00000000,0.00000000,0.00000000,0.00000000,0.00000000
64.76623931,28.26004776,34.35565486,14.81340654,42.18963013,33.00194650,13.47230626,54.06791051,26.86013661,35.44999678,0.00000000,45.74449768,14.00876144,26.88684401,33.90490671,19.81688460,0.00000000,0.00000000,0.00000000,0.00000000,66.35257912,0.00000000,0.00000000,83.24494934,0.00000000,0.00000000,0.00000000,0.00000000,0.00000000,87.47537613,0.00000000,0.00000000,0.00000000,0.00000000,0.00000000,0.00000000,93.98660469,0.00000000,0.00000000,0.00000000,0.00000000,0.00000000,0.00000000,0.00000000,0.00000000,0.00000000,0.00000000,0.00000000,0.00000000,0.00000000,0.00000000,0.00000000,0.00000000,0.00000000,0.00000000,93.47909429,0.00000000,0.00000000,0.00000000,85.71305621,0.00000000,0.00000000,0.00000000,0.00000000,0.00000000,0.00000000,0.00000000,0.00000000,0.00000000,0.00000000,0.00000000,0.00000000,0.00000000,0.00000000,0.00000000,0.00000000,0.00000000,0.00000000,0.00000000,0.00000000,0.00000000,0.00000000,0.00000000,0.00000000,0.00000000,0.00000000,0.00000000,0.00000000,0.00000000,0.00000000
43.96856200,48.39447107,40.59578191,54.21942033,30.38268326,41.41984811,45.03167508,18.71544720,31.99891743,14.41792946,45.74449768,0.00000000,51.27607828,32.45919665,19.96330006,53.10759031,0.00000000,0.00000000,0.00000000,0.00000000,60.79934817,0.00000000,0.00000000,90.79412985,0.00000000,0.00000000,0.00000000,0.00000000,0.00000000,0.00000000,0.00000000,0.00000000,0.00000000,0.00000000,0.00000000,0.00000000,0.00000000,0.00000000,0.00000000,0.00000000,0.00000000,0.00000000,0.00000000,0.00000000,0.00000000,0.00000000,0.00000000,0.00000000,0.00000000,0.00000000,0.00000000,0.00000000,0.00000000,0.00000000,0.00000000,0.00000000,0.00000000,0.00000000,0.00000000,0.00000000,0.00000000,0.00000000,0.00000000,0.00000000,0.00000000,0.00000000,0.00000000,0.00000000,0.00000000,0.00000000,0.00000000,0.00000000,0.00000000,0.00000000,0.00000000,0.00000000,0.00000000,0.00000000,0.00000000,0.00000000,0.00000000,0.00000000,0.00000000,0.00000000,0.00000000,0.00000000,0.00000000,0.00000000,0.00000000,0.00000000
44.38026142,35.75432598,41.18102533,35.00886398,48.86340794,44.87194196,37.55729910,47.18821756,44.64350497,47.66749833,14.00876144,51.27607828,0.00000000,49.49506297,49.30780019,40.94347957,0.00000000,0.00000000,0.00000000,0.00000000,39.87875210,0.00000000,0.00000000,73.14425512,0.00000000,0.00000000,0.00000000,82.41756657,76.73967285,75.40026093,0.00000000,0.00000000,0.00000000,0.00000000,0.00000000,0.00000000,79.29491643,0.00000000,0.00000000,0.00000000,0.00000000,0.00000000,84.08485540,0.00000000,0.00000000,0.00000000,0.00000000,0.00000000,0.00000000,0.00000000,0.00000000,0.00000000,0.00000000,94.09163490,0.00000000,79.39946766,0.00000000,0.00000000,0.00000000,86.61076034,0.00000000,98.14879862,96.33869289,0.00000000,0.00000000,0.00000000,0.00000000,0.00000000,0.00000000,0.00000000,0.00000000,0.00000000,0.00000000,0.00000000,0.00000000,0.00000000,0.00000000,0.00000000,0.00000000,0.00000000,0.00000000,95.43390137,0.00000000,0.00000000,0.00000000,0.00000000,0.00000000,0.00000000,0.00000000,0.00000000
62.19101715,57.20500161,49.04576953,44.82656924,46.00735822,41.75802497,19.39600177,51.49776290,13.11980276,14.94603575,26.88684401,32.45919665,49.49506297,0.00000000,15.21386626,13.26827714,0.00000000,0.00000000,0.00000000,0.00000000,0.00000000,0.00000000,0.00000000,97.52174260,0.00000000,0.00000000,0.00000000,0.00000000,0.00000000,0.00000000,0.00000000,0.00000000,0.00000000,0.00000000,0.00000000,0.00000000,0.00000000,0.00000000,0.00000000,0.00000000,0.00000000,0.00000000,0.00000000,0.00000000,0.00000000,0.00000000,0.00000000,0.00000000,0.00000000,0.00000000,0.00000000,0.00000000,0.00000000,0.00000000,0.00000000,0.00000000,0.00000000,0.00000000,0.00000000,0.00000000,0.00000000,0.00000000,0.00000000,0.00000000,0.00000000,0.00000000,0.00000000,0.00000000,0.00000000,0.00000000,0.00000000,0.00000000,0.00000000,0.00000000,0.00000000,0.00000000,0.00000000,0.00000000,0.00000000,0.00000000,0.00000000,0.00000000,0.00000000,0.00000000,0.00000000,0.00000000,0.00000000,0.00000000,0.00000000,0.00000000
54.07513361,55.65124233,50.69266434,51.81286482,48.31229071,46.62476117,27.88852530,43.62646644,27.09935674,17.05668042,33.90490671,19.96330006,49.30780019,15.21386626,0.00000000,22.09675672,0.00000000,0.00000000,0.00000000,0.00000000,71.29761412,0.00000000,0.00000000,94.32758458,0.00000000,0.00000000,0.00000000,0.00000000,0.00000000,0.00000000,0.00000000,0.00000000,0.00000000,0.00000000,0.00000000,0.00000000,0.00000000,0.00000000,0.00000000,0.00000000,0.00000000,0.00000000,0.00000000,0.00000000,0.00000000,0.00000000,0.00000000,0.00000000,0.00000000,0.00000000,0.00000000,0.00000000,0.00000000,0.00000000,0.00000000,0.00000000,0.00000000,0.00000000,0.00000000,0.00000000,0.00000000,0.00000000,0.00000000,0.00000000,0.00000000,0.00000000,0.00000000,0.00000000,0.00000000,0.00000000,0.00000000,0.00000000,0.00000000,0.00000000,0.00000000,0.00000000,0.00000000,0.00000000,0.00000000,0.00000000,0.00000000,0.00000000,0.00000000,0.00000000,0.00000000,0.00000000,0.00000000,0.00000000,0.00000000,0.00000000
68.38865643,57.85643809,57.94519580,46.71866956,63.02702098,52.94641172,26.40683316,62.09845829,25.86249919,51.92545573,19.81688460,53.10759031,40.94347957,13.26827714,22.09675672,0.00000000,0.00000000,0.00000000,0.00000000,0.00000000,0.00000000,0.00000000,0.00000000,95.69260346,0.00000000,0.00000000,0.00000000,0.00000000,0.00000000,0.00000000,0.00000000,0.00000000,0.00000000,0.00000000,0.00000000,0.00000000,0.00000000,0.00000000,0.00000000,0.00000000,0.00000000,0.00000000,0.00000000,0.00000000,0.00000000,0.00000000,0.00000000,0.00000000,0.00000000,0.00000000,0.00000000,0.00000000,0.00000000,0.00000000,0.00000000,96.88094815,0.00000000,0.00000000,0.00000000,0.00000000,0.00000000,0.00000000,0.00000000,0.00000000,0.00000000,0.00000000,0.00000000,0.00000000,0.00000000,0.00000000,0.00000000,0.00000000,0.00000000,0.00000000,0.00000000,0.00000000,0.00000000,0.00000000,0.00000000,0.00000000,0.00000000,0.00000000,0.00000000,0.00000000,0.00000000,0.00000000,0.00000000,0.00000000,0.00000000,0.00000000
0.00000000,0.00000000,0.00000000,0.00000000,0.00000000,0.00000000,0.00000000,0.00000000,0.00000000,0.00000000,0.00000000,0.00000000,0.00000000,0.00000000,0.00000000,0.00000000,0.00000000,51.36442288,15.45739057,0.00000000,0.00000000,62.25964737,0.00000000,0.00000000,0.00000000,17.93959754,0.00000000,0.00000000,0.00000000,0.00000000,0.00000000,0.00000000,0.00000000,0.00000000,0.00000000,32.86977581,0.00000000,0.00000000,0.00000000,76.92485482,0.00000000,0.00000000,0.00000000,0.00000000,0.00000000,0.00000000,0.00000000,0.00000000,0.00000000,0.00000000,0.00000000,0.00000000,0.00000000,0.00000000,0.00000000,0.00000000,0.00000000,0.00000000,0.00000000,0.00000000,0.00000000,0.00000000,0.00000000,0.00000000,0.00000000,78.78143130,95.31962530,0.00000000,0.00000000,0.00000000,0.00000000,89.80881334,0.00000000,0.00000000,0.00000000,0.00000000,0.00000000,0.00000000,0.00000000,0.00000000,0.00000000,0.00000000,0.00000000,0.00000000,0.00000000,0.00000000,0.00000000,0.00000000,0.00000000,0.00000000
0.00000000,0.00000000,0.00000000,0.00000000,0.00000000,0.00000000,0.00000000,0.00000000,0.00000000,0.00000000,0.00000000,0.00000000,0.00000000,0.00000000,0.00000000,0.00000000,51.36442288,0.00000000,59.89662933,23.33382302,0.00000000,36.82478218,71.86929765,75.27383032,0.00000000,0.00000000,0.00000000,0.00000000,0.00000000,0.00000000,0.00000000,78.21977972,0.00000000,93.63545990,92.65297875,60.03947431,0.00000000,0.00000000,0.00000000,91.18100626,0.00000000,0.00000000,0.00000000,0.00000000,0.00000000,0.00000000,0.00000000,0.00000000,0.00000000,0.00000000,0.00000000,0.00000000,0.00000000,0.00000000,0.00000000,0.00000000,0.00000000,0.00000000,0.00000000,0.00000000,0.00000000,0.00000000,0.00000000,0.00000000,0.00000000,95.88063393,0.00000000,0.00000000,0.00000000,0.00000000,0.00000000,98.28953552,0.00000000,0.00000000,0.00000000,0.00000000,0.00000000,0.00000000,0.00000000,0.00000000,0.00000000,0.00000000,0.00000000,0.00000000,0.00000000,0.00000000,0.00000000,0.00000000,0.00000000,0.00000000
0.00000000,0.00000000,0.00000000,0.00000000,0.00000000,0.00000000,0.00000000,0.00000000,0.00000000,0.00000000,0.00000000,0.00000000,0.00000000,0.00000000,0.00000000,0.00000000,15.45739057,59.89662933,0.00000000,61.16762447,0.00000000,0.00000000,0.00000000,0.00000000,0.00000000,53.52437707,0.00000000,0.00000000,0.00000000,0.00000000,0.00000000,0.00000000,0.00000000,0.00000000,0.00000000,42.58550511,0.00000000,0.00000000,0.00000000,0.00000000,0.00000000,0.00000000,0.00000000,0.00000000,0.00000000,0.00000000,0.00000000,0.00000000,0.00000000,0.00000000,0.00000000,0.00000000,0.00000000,0.00000000,0.00000000,0.00000000,0.00000000,0.00000000,0.00000000,0.00000000,0.00000000,0.00000000,0.00000000,0.00000000,0.00000000,89.69545248,100.01145168,0.00000000,0.00000000,0.00000000,0.00000000,97.45010101,0.00000000,0.00000000,0.00000000,0.00000000,0.00000000,0.00000000,0.00000000,0.00000000,0.00000000,0.00000000,0.00000000,0.00000000,0.00000000,0.00000000,0.00000000,0.00000000,0.00000000,0.00000000
0.00000000,0.00000000,0.00000000,0.00000000,0.00000000,0.00000000,0.00000000,0.00000000,0.00000000,0.00000000,0.00000000,0.00000000,0.00000000,0.00000000,0.00000000,0.00000000,0.00000000,23.33382302,61.16762447,0.00000000,0.00000000,60.11033910,74.54329314,67.53627135,0.00000000,0.00000000,0.00000000,0.00000000,0.00000000,0.00000000,0.00000000,67.61972615,0.00000000,0.00000000,0.00000000,0.00000000,0.00000000,0.00000000,0.00000000,92.06278028,0.00000000,0.00000000,0.00000000,0.00000000,0.00000000,0.00000000,0.00000000,0.00000000,0.00000000,0.00000000,0.00000000,0.00000000,0.00000000,0.00000000,0.00000000,0.00000000,0.00000000,0.00000000,0.00000000,0.00000000,0.00000000,0.00000000,0.00000000,0.00000000,0.00000000,0.00000000,0.00000000,0.00000000,0.00000000,0.00000000,0.00000000,0.00000000,0.00000000,0.00000000,0.00000000,0.00000000,0.00000000,0.00000000,0.00000000,0.00000000,0.00000000,0.00000000,0.00000000,0.00000000,0.00000000,0.00000000,0.00000000,0.00000000,0.00000000,0.00000000
14.76410677,32.24886967,60.62229207,70.48195924,60.51072073,76.35758567,72.86620876,52.02906672,73.86608800,73.22027090,66.35257912,60.79934817,39.87875210,0.00000000,71.29761412,0.00000000,0.00000000,0.00000000,0.00000000,0.00000000,0.00000000,0.00000000,0.00000000,88.47568936,0.00000000,0.00000000,0.00000000,85.36628723,87.05431853,62.01631188,89.05994129,0.00000000,0.00000000,0.00000000,0.00000000,0.00000000,83.52733962,0.00000000,0.00000000,0.00000000,0.00000000,0.00000000,0.00000000,0.00000000,0.00000000,0.00000000,0.00000000,0.00000000,0.00000000,0.00000000,0.00000000,0.00000000,0.00000000,0.00000000,0.00000000,0.00000000,0.00000000,0.00000000,0.00000000,0.00000000,0.00000000,0.00000000,0.00000000,0.00000000,0.00000000,0.00000000,0.00000000,0.00000000,0.00000000,0.00000000,0.00000000,0.00000000,0.00000000,0.00000000,0.00000000,0.00000000,0.00000000,0.00000000,0.00000000,0.00000000,0.00000000,0.00000000,0.00000000,0.00000000,0.00000000,0.00000000,0.00000000,0.00000000,0.00000000,0.00000000
0.00000000,0.00000000,0.00000000,0.00000000,0.00000000,0.00000000,0.00000000,0.00000000,0.00000000,0.00000000,0.00000000,0.00000000,0.00000000,0.00000000,0.00000000,0.00000000,62.25964737,36.82478218,0.00000000,60.11033910,0.00000000,0.00000000,67.11342991,82.72980245,78.86889038,58.14878791,0.00000000,0.00000000,0.00000000,0.00000000,0.00000000,81.16889600,0.00000000,83.33810370,80.36371694,53.84404379,0.00000000,0.00000000,0.00000000,79.16815796,0.00000000,0.00000000,0.00000000,0.00000000,0.00000000,0.00000000,0.00000000,0.00000000,0.00000000,0.00000000,0.00000000,0.00000000,0.00000000,0.00000000,0.00000000,0.00000000,0.00000000,0.00000000,0.00000000,0.00000000,0.00000000,0.00000000,0.00000000,0.00000000,0.00000000,90.63332096,0.00000000,0.00000000,0.00000000,0.00000000,0.00000000,97.98960944,0.00000000,0.00000000,0.00000000,0.00000000,0.00000000,0.00000000,0.00000000,0.00000000,0.00000000,0.00000000,0.00000000,0.00000000,0.00000000,0.00000000,0.00000000,0.00000000,0.00000000,0.00000000
0.00000000,0.00000000,0.00000000,0.00000000,0.00000000,0.00000000,0.00000000,0.00000000,0.00000000,0.00000000,0.00000000,0.00000000,0.00000000,0.00000000,0.00000000,0.00000000,0.00000000,71.86929765,0.00000000,74.54329314,0.00000000,67.11342991,0.00000000,13.42498975,62.57975869,66.56750319,39.24422576,0.00000000,0.00000000,0.00000000,40.87919483,84.96694489,59.34773407,61.78027248,61.63965344,62.83637873,0.00000000,0.00000000,0.00000000,54.27089291,77.13467238,74.07312622,0.00000000,0.00000000,0.00000000,0.00000000,0.00000000,0.00000000,0.00000000,0.00000000,0.00000000,0.00000000,0.00000000,0.00000000,0.00000000,0.00000000,0.00000000,0.00000000,0.00000000,0.00000000,0.00000000,0.00000000,0.00000000,0.00000000,0.00000000,0.00000000,0.00000000,0.00000000,0.00000000,0.00000000,0.00000000,0.00000000,0.00000000,0.00000000,0.00000000,0.00000000,0.00000000,0.00000000,0.00000000,0.00000000,0.00000000,0.00000000,0.00000000,0.00000000,0.00000000,0.00000000,0.00000000,0.00000000,0.00000000,0.00000000
89.84547161,84.51876371,92.14672553,87.66069794,95.72828432,95.81382454,90.70756412,89.38553953,93.55810253,95.20697514,83.24494934,90.79412985,73.14425512,97.52174260,94.32758458,95.69260346,0.00000000,75.27383032,0.00000000,67.53627135,88.47568936,82.72980245,13.42498975,0.00000000,0.00000000,0.00000000,0.00000000,0.00000000,51.17461223,0.00000000,49.17414513,76.19348371,0.00000000,0.00000000,0.00000000,57.75531451,47.98565562,0.00000000,0.00000000,85.46512512,0.00000000,0.00000000,0.00000000,0.00000000,0.00000000,0.00000000,0.00000000,0.00000000,0.00000000,0.00000000,0.00000000,0.00000000,0.00000000,0.00000000,0.00000000,0.00000000,0.00000000,0.00000000,0.00000000,0.00000000,0.00000000,0.00000000,0.00000000,0.00000000,0.00000000,0.00000000,0.00000000,0.00000000,0.00000000,0.00000000,0.00000000,0.00000000,0.00000000,0.00000000,0.00000000,0.00000000,0.00000000,0.00000000,0.00000000,0.00000000,0.00000000,0.00000000,0.00000000,0.00000000,0.00000000,0.00000000,0.00000000,0.00000000,0.00000000,0.00000000
0.00000000,0.00000000,0.00000000,0.00000000,0.00000000,0.00000000,0.00000000,0.00000000,0.00000000,0.00000000,0.00000000,0.00000000,0.00000000,0.00000000,0.00000000,0.00000000,0.00000000,0.00000000,0.00000000,0.00000000,0.00000000,78.86889038,62.57975869,0.00000000,0.00000000,0.00000000,0.00000000,0.00000000,0.00000000,0.00000000,0.00000000,0.00000000,48.97606478,57.72145880,19.59145487,0.00000000,0.00000000,0.00000000,0.00000000,73.48783413,68.22556425,65.11334560,0.00000000,0.00000000,0.00000000,0.00000000,0.00000000,0.00000000,0.00000000,0.00000000,0.00000000,0.00000000,0.00000000,0.00000000,0.00000000,0.00000000,0.00000000,0.00000000,0.00000000,0.00000000,0.00000000,0.00000000,0.00000000,0.00000000,0.00000000,0.00000000,0.00000000,0.00000000,0.00000000,0.00000000,0.00000000,0.00000000,0.00000000,0.00000000,0.00000000,0.00000000,0.00000000,0.00000000,0.00000000,0.00000000,95.90344574,0.00000000,0.00000000,0.00000000,0.00000000,0.00000000,0.00000000,0.00000000,0.00000000,92.66028226
0.00000000,0.00000000,0.00000000,0.00000000,0.00000000,0.00000000,0.00000000,0.00000000,0.00000000,0.00000000,0.00000000,0.00000000,0.00000000,0.00000000,0.00000000,0.00000000,17.93959754,0.00000000,53.52437707,0.00000000,0.00000000,58.14878791,66.56750319,0.00000000,0.00000000,0.00000000,0.00000000,0.00000000,0.00000000,0.00000000,0.00000000,0.00000000,0.00000000,70.22398307,72.31875506,42.35626608,0.00000000,0.00000000,65.37146293,75.08558467,72.93865343,61.93204962,0.00000000,0.00000000,0.00000000,0.00000000,0.00000000,0.00000000,0.00000000,0.00000000,0.00000000,0.00000000,0.00000000,0.00000000,0.00000000,0.00000000,0.00000000,0.00000000,0.00000000,0.00000000,0.00000000,0.00000000,0.00000000,0.00000000,0.00000000,79.84092910,95.06133080,0.00000000,0.00000000,0.00000000,90.96854518,89.00371488,0.00000000,0.00000000,0.00000000,0.00000000,0.00000000,0.00000000,0.00000000,0.00000000,0.00000000,0.00000000,0.00000000,0.00000000,0.00000000,0.00000000,0.00000000,0.00000000,0.00000000,0.00000000
0.00000000,0.00000000,0.00000000,0.00000000,0.00000000,0.00000000,0.00000000,0.00000000,0.00000000,0.00000000,0.00000000,0.00000000,0.00000000,0.00000000,0.00000000,0.00000000,0.00000000,0.00000000,0.00000000,0.00000000,0.00000000,0.00000000,39.24422576,0.00000000,0.00000000,0.00000000,0.00000000,0.00000000,0.00000000,0.00000000,66.64537430,0.00000000,16.94934531,0.00000000,0.00000000,0.00000000,0.00000000,38.87078507,42.25574562,0.00000000,59.04222641,0.00000000,0.00000000,0.00000000,0.00000000,0.00000000,0.00000000,0.00000000,0.00000000,0.00000000,0.00000000,0.00000000,0.00000000,0.00000000,0.00000000,0.00000000,0.00000000,0.00000000,0.00000000,0.00000000,0.00000000,0.00000000,0.00000000,0.00000000,0.00000000,0.00000000,0.00000000,0.00000000,0.00000000,0.00000000,0.00000000,0.00000000,0.00000000,0.00000000,0.00000000,0.00000000,0.00000000,0.00000000,0.00000000,0.00000000,0.00000000,0.00000000,0.00000000,0.00000000,0.00000000,0.00000000,0.00000000,0.00000000,73.31148624,0.00000000
0.00000000,95.71628101,0.00000000,0.00000000,0.00000000,0.00000000,0.00000000,0.00000000,0.00000000,0.00000000,0.00000000,0.00000000,82.41756657,0.00000000,0.00000000,0.00000000,0.00000000,0.00000000,0.00000000,0.00000000,85.36628723,0.00000000,0.00000000,0.00000000,0.00000000,0.00000000,0.00000000,0.00000000,10.80806824,17.62626302,13.60100778,0.00000000,0.00000000,0.00000000,0.00000000,0.00000000,31.47137603,0.00000000,0.00000000,0.00000000,0.00000000,0.00000000,0.00000000,0.00000000,0.00000000,0.00000000,0.00000000,0.00000000,0.00000000,0.00000000,0.00000000,0.00000000,0.00000000,0.00000000,0.00000000,0.00000000,0.00000000,0.00000000,0.00000000,0.00000000,0.00000000,0.00000000,0.00000000,0.00000000,0.00000000,0.00000000,0.00000000,0.00000000,0.00000000,0.00000000,0.00000000,0.00000000,0.00000000,0.00000000,0.00000000,0.00000000,0.00000000,0.00000000,0.00000000,0.00000000,0.00000000,0.00000000,0.00000000,0.00000000,0.00000000,0.00000000,0.00000000,0.00000000,0.00000000,0.00000000
94.02878062,96.94431721,0.00000000,0.00000000,0.00000000,0.00000000,0.00000000,0.00000000,0.00000000,0.00000000,0.00000000,0.00000000,76.73967285,0.00000000,0.00000000,0.00000000,0.00000000,0.00000000,0.00000000,0.00000000,87.05431853,0.00000000,0.00000000,51.17461223,0.00000000,0.00000000,0.00000000,10.80806824,0.00000000,19.55943828,12.26498746,0.00000000,0.00000000,0.00000000,0.00000000,0.00000000,14.06839842,0.00000000,0.00000000,0.00000000,0.00000000,0.00000000,0.00000000,0.00000000,0.00000000,0.00000000,0.00000000,0.00000000,0.00000000,0.00000000,0.00000000,0.00000000,0.00000000,0.00000000,0.00000000,0.00000000,0.00000000,0.00000000,0.00000000,0.00000000,0.00000000,0.00000000,0.00000000,0.00000000,0.00000000,0.00000000,0.00000000,0.00000000,0.00000000,0.00000000,0.00000000,0.00000000,0.00000000,0.00000000,0.00000000,0.00000000,0.00000000,0.00000000,0.00000000,0.00000000,0.00000000,0.00000000,0.00000000,0.00000000,0.00000000,0.00000000,0.00000000,0.00000000,0.00000000,0.00000000
83.42583038,81.35411189,93.83214378,90.73668880,92.47723948,95.49790596,92.80836792,91.75368098,0.00000000,0.00000000,87.47537613,0.00000000,75.40026093,0.00000000,0.00000000,0.00000000,0.00000000,0.00000000,0.00000000,0.00000000,62.01631188,0.00000000,0.00000000,0.00000000,0.00000000,0.00000000,0.00000000,17.62626302,19.55943828,0.00000000,43.51371997,0.00000000,0.00000000,0.00000000,0.00000000,0.00000000,17.82967470,0.00000000,0.00000000,0.00000000,0.00000000,0.00000000,0.00000000,0.00000000,0.00000000,0.00000000,0.00000000,0.00000000,0.00000000,0.00000000,0.00000000,0.00000000,0.00000000,0.00000000,0.00000000,0.00000000,0.00000000,0.00000000,0.00000000,0.00000000,0.00000000,0.00000000,0.00000000,0.00000000,0.00000000,0.00000000,0.00000000,0.00000000,0.00000000,0.00000000,0.00000000,0.00000000,0.00000000,0.00000000,0.00000000,0.00000000,0.00000000,0.00000000,0.00000000,0.00000000,0.00000000,0.00000000,0.00000000,0.00000000,0.00000000,0.00000000,0.00000000,0.00000000,0.00000000,0.00000000
0.00000000,96.53392563,0.00000000,0.00000000,0.00000000,0.00000000,0.00000000,0.00000000,0.00000000,0.00000000,0.00000000,0.00000000,0.00000000,0.00000000,0.00000000,0.00000000,0.00000000,0.00000000,0.00000000,0.00000000,89.05994129,0.00000000,40.87919483,49.17414513,0.00000000,0.00000000,66.64537430,13.60100778,12.26498746,43.51371997,0.00000000,0.00000000,0.00000000,0.00000000,0.00000000,0.00000000,27.22905892,0.00000000,0.00000000,0.00000000,0.00000000,0.00000000,0.00000000,0.00000000,0.00000000,0.00000000,0.00000000,0.00000000,0.00000000,0.00000000,0.00000000,0.00000000,0.00000000,0.00000000,0.00000000,0.00000000,0.00000000,0.00000000,0.00000000,0.00000000,0.00000000,0.00000000,0.00000000,0.00000000,0.00000000,0.00000000,0.00000000,0.00000000,0.00000000,0.00000000,0.00000000,0.00000000,0.00000000,0.00000000,0.00000000,0.00000000,0.00000000,0.00000000,0.00000000,0.00000000,0.00000000,0.00000000,0.00000000,0.00000000,0.00000000,0.00000000,0.00000000,0.00000000,0.00000000,0.00000000
0.00000000,0.00000000,0.00000000,0.00000000,0.00000000,0.00000000,0.00000000,0.00000000,0.00000000,0.00000000,0.00000000,0.00000000,0.00000000,0.00000000,0.00000000,0.00000000,0.00000000,78.21977972,0.00000000,67.61972615,0.00000000,81.16889600,84.96694489,76.19348371,0.00000000,0.00000000,0.00000000,0.00000000,0.00000000,0.00000000,0.00000000,0.00000000,0.00000000,0.00000000,0.00000000,0.00000000,0.00000000,0.00000000,0.00000000,90.51632050,0.00000000,0.00000000,0.00000000,0.00000000,0.00000000,0.00000000,0.00000000,0.00000000,0.00000000,0.00000000,0.00000000,0.00000000,0.00000000,0.00000000,0.00000000,0.00000000,0.00000000,0.00000000,0.00000000,0.00000000,0.00000000,0.00000000,0.00000000,0.00000000,0.00000000,0.00000000,0.00000000,0.00000000,0.00000000,0.00000000,0.00000000,0.00000000,0.00000000,0.00000000,0.00000000,0.00000000,0.00000000,0.00000000,0.00000000,0.00000000,0.00000000,0.00000000,0.00000000,0.00000000,0.00000000,0.00000000,0.00000000,0.00000000,0.00000000,0.00000000
0.00000000,0.00000000,0.00000000,0.00000000,0.00000000,0.00000000,0.00000000,0.00000000,0.00000000,0.00000000,0.00000000,0.00000000,0.00000000,0.00000000,0.00000000,0.00000000,0.00000000,0.00000000,0.00000000,0.00000000,0.00000000,0.00000000,59.34773407,0.00000000,48.97606478,0.00000000,16.94934531,0.00000000,0.00000000,0.00000000,0.00000000,0.00000000,0.00000000,41.71165000,44.00335121,0.00000000,0.00000000,19.50113291,44.59154977,0.00000000,56.41825994,0.00000000,0.00000000,0.00000000,0.00000000,0.00000000,0.00000000,0.00000000,0.00000000,0.00000000,0.00000000,0.00000000,0.00000000,0.00000000,0.00000000,0.00000000,0.00000000,0.00000000,0.00000000,0.00000000,0.00000000,0.00000000,0.00000000,0.00000000,0.00000000,0.00000000,0.00000000,0.00000000,0.00000000,0.00000000,0.00000000,0.00000000,0.00000000,0.00000000,0.00000000,0.00000000,0.00000000,0.00000000,86.81932746,0.00000000,0.00000000,0.00000000,0.00000000,0.00000000,0.00000000,0.00000000,0.00000000,0.00000000,81.78303741,92.52954784
0.00000000,0.00000000,0.00000000,0.00000000,0.00000000,0.00000000,0.00000000,0.00000000,0.00000000,0.00000000,0.00000000,0.00000000,0.00000000,0.00000000,0.00000000,0.00000000,0.00000000,93.63545990,0.00000000,0.00000000,0.00000000,83.33810370,61.78027248,0.00000000,57.72145880,70.22398307,0.00000000,0.00000000,0.00000000,0.00000000,0.00000000,0.00000000,41.71165000,0.00000000,20.73079783,0.00000000,0.00000000,0.00000000,0.00000000,24.75520722,75.60498585,76.09178279,0.00000000,0.00000000,0.00000000,0.00000000,0.00000000,0.00000000,0.00000000,0.00000000,0.00000000,0.00000000,0.00000000,0.00000000,0.00000000,0.00000000,0.00000000,0.00000000,0.00000000,0.00000000,0.00000000,0.00000000,0.00000000,0.00000000,0.00000000,0.00000000,0.00000000,0.00000000,0.00000000,0.00000000,0.00000000,0.00000000,0.00000000,0.00000000,0.00000000,0.00000000,0.00000000,0.00000000,0.00000000,0.00000000,0.00000000,0.00000000,0.00000000,0.00000000,0.00000000,0.00000000,0.00000000,0.00000000,0.00000000,0.00000000
0.00000000,0.00000000,0.00000000,0.00000000,0.00000000,0.00000000,0.00000000,0.00000000,0.00000000,0.00000000,0.00000000,0.00000000,0.00000000,0.00000000,0.00000000,0.00000000,0.00000000,92.65297875,0.00000000,0.00000000,0.00000000,80.36371694,61.63965344,0.00000000,19.59145487,72.31875506,0.00000000,0.00000000,0.00000000,0.00000000,0.00000000,0.00000000,44.00335121,20.73079783,0.00000000,0.00000000,0.00000000,0.00000000,0.00000000,65.05607848,72.02825219,71.99983673,0.00000000,0.00000000,0.00000000,0.00000000,0.00000000,0.00000000,0.00000000,0.00000000,0.00000000,0.00000000,0.00000000,0.00000000,0.00000000,0.00000000,0.00000000,0.00000000,0.00000000,0.00000000,0.00000000,0.00000000,0.00000000,0.00000000,0.00000000,0.00000000,0.00000000,0.00000000,0.00000000,0.00000000,0.00000000,0.00000000,0.00000000,0.00000000,0.00000000,0.00000000,0.00000000,0.00000000,0.00000000,0.00000000,92.00661469,0.00000000,0.00000000,0.00000000,0.00000000,0.00000000,0.00000000,0.00000000,0.00000000,89.06357276
0.00000000,0.00000000,0.00000000,0.00000000,0.00000000,0.00000000,0.00000000,0.00000000,0.00000000,0.00000000,0.00000000,0.00000000,0.00000000,0.00000000,0.00000000,0.00000000,32.86977581,60.03947431,42.58550511,0.00000000,0.00000000,53.84404379,62.83637873,57.75531451,0.00000000,42.35626608,0.00000000,0.00000000,0.00000000,0.00000000,0.00000000,0.00000000,0.00000000,0.00000000,0.00000000,0.00000000,0.00000000,91.19658203,75.75007950,80.67620741,87.54648813,81.41811948,0.00000000,0.00000000,0.00000000,0.00000000,0.00000000,0.00000000,0.00000000,0.00000000,0.00000000,0.00000000,0.00000000,0.00000000,0.00000000,0.00000000,0.00000000,0.00000000,0.00000000,0.00000000,0.00000000,0.00000000,0.00000000,73.90871277,0.00000000,46.28988151,65.68315502,0.00000000,0.00000000,72.76717595,0.00000000,62.43732950,0.00000000,0.00000000,0.00000000,0.00000000,0.00000000,0.00000000,0.00000000,0.00000000,0.00000000,72.25265958,0.00000000,0.00000000,0.00000000,0.00000000,0.00000000,0.00000000,0.00000000,0.00000000
95.17765263,93.82013275,98.17781544,95.79506938,0.00000000,0.00000000,0.00000000,0.00000000,0.00000000,0.00000000,93.98660469,0.00000000,79.29491643,0.00000000,0.00000000,0.00000000,0.00000000,0.00000000,0.00000000,0.00000000,83.52733962,0.00000000,0.00000000,47.98565562,0.00000000,0.00000000,0.00000000,31.47137603,14.06839842,17.82967470,27.22905892,0.00000000,0.00000000,0.00000000,0.00000000,0.00000000,0.00000000,0.00000000,0.00000000,0.00000000,0.00000000,0.00000000,0.00000000,0.00000000,0.00000000,0.00000000,0.00000000,0.00000000,0.00000000,0.00000000,0.00000000,0.00000000,0.00000000,0.00000000,0.00000000,0.00000000,0.00000000,0.00000000,0.00000000,0.00000000,0.00000000,0.00000000,0.00000000,0.00000000,0.00000000,0.00000000,0.00000000,0.00000000,0.00000000,0.00000000,0.00000000,0.00000000,0.00000000,0.00000000,0.00000000,0.00000000,0.00000000,0.00000000,0.00000000,0.00000000,0.00000000,0.00000000,0.00000000,0.00000000,0.00000000,0.00000000,0.00000000,0.00000000,0.00000000,0.00000000
0.00000000,0.00000000,0.00000000,0.00000000,0.00000000,0.00000000,0.00000000,0.00000000,0.00000000,0.00000000,0.00000000,0.00000000,0.00000000,0.00000000,0.00000000,0.00000000,0.00000000,0.00000000,0.00000000,0.00000000,0.00000000,0.00000000,0.00000000,0.00000000,0.00000000,0.00000000,38.87078507,0.00000000,0.00000000,0.00000000,0.00000000,0.00000000,19.50113291,0.00000000,0.00000000,91.19658203,0.00000000,0.00000000,21.74326570,0.00000000,19.50792328,63.29431302,0.00000000,0.00000000,0.00000000,0.00000000,0.00000000,0.00000000,0.00000000,0.00000000,0.00000000,0.00000000,0.00000000,0.00000000,0.00000000,0.00000000,0.00000000,0.00000000,0.00000000,0.00000000,0.00000000,0.00000000,0.00000000,0.00000000,0.00000000,0.00000000,0.00000000,0.00000000,0.00000000,0.00000000,0.00000000,0.00000000,0.00000000,0.00000000,0.00000000,0.00000000,0.00000000,0.00000000,94.13075256,0.00000000,88.95488281,0.00000000,0.00000000,0.00000000,0.00000000,0.00000000,0.00000000,0.00000000,82.10374347,91.98705255
0.00000000,0.00000000,0.00000000,0.00000000,0.00000000,0.00000000,0.00000000,0.00000000,0.00000000,0.00000000,0.00000000,0.00000000,0.00000000,0.00000000,0.00000000,0.00000000,0.00000000,0.00000000,0.00000000,0.00000000,0.00000000,0.00000000,0.00000000,0.00000000,0.00000000,65.37146293,42.25574562,0.00000000,0.00000000,0.00000000,0.00000000,0.00000000,44.59154977,0.00000000,0.00000000,75.75007950,0.00000000,21.74326570,0.00000000,0.00000000,16.82060539,34.09471407,0.00000000,0.00000000,0.00000000,0.00000000,0.00000000,0.00000000,0.00000000,0.00000000,0.00000000,0.00000000,0.00000000,0.00000000,0.00000000,0.00000000,0.00000000,0.00000000,0.00000000,0.00000000,0.00000000,0.00000000,0.00000000,0.00000000,0.00000000,0.00000000,0.00000000,0.00000000,0.00000000,0.00000000,0.00000000,0.00000000,0.00000000,0.00000000,0.00000000,0.00000000,0.00000000,0.00000000,84.26283587,83.37678610,82.41031377,0.00000000,0.00000000,0.00000000,0.00000000,0.00000000,0.00000000,0.00000000,69.04037917,70.96019973
0.00000000,0.00000000,0.00000000,0.00000000,0.00000000,0.00000000,0.00000000,0.00000000,0.00000000,0.00000000,0.00000000,0.00000000,0.00000000,0.00000000,0.00000000,0.00000000,76.92485482,91.18100626,0.00000000,92.06278028,0.00000000,79.16815796,54.27089291,85.46512512,73.48783413,75.08558467,0.00000000,0.00000000,0.00000000,0.00000000,0.00000000,90.51632050,0.00000000,24.75520722,65.05607848,80.67620741,0.00000000,0.00000000,0.00000000,0.00000000,0.00000000,82.54408054,0.00000000,0.00000000,0.00000000,0.00000000,0.00000000,0.00000000,0.00000000,0.00000000,0.00000000,0.00000000,0.00000000,0.00000000,0.00000000,0.00000000,0.00000000,0.00000000,0.00000000,0.00000000,0.00000000,0.00000000,0.00000000,0.00000000,0.00000000,0.00000000,0.00000000,0.00000000,0.00000000,0.00000000,0.00000000,0.00000000,0.00000000,0.00000000,0.00000000,0.00000000,0.00000000,0.00000000,0.00000000,0.00000000,0.00000000,0.00000000,0.00000000,0.00000000,0.00000000,0.00000000,0.00000000,0.00000000,0.00000000,0.00000000
0.00000000,0.00000000,0.00000000,0.00000000,0.00000000,0.00000000,0.00000000,0.00000000,0.00000000,0.00000000,0.00000000,0.00000000,0.00000000,0.00000000,0.00000000,0.00000000,0.00000000,0.00000000,0.00000000,0.00000000,0.00000000,0.00000000,77.13467238,0.00000000,68.22556425,72.93865343,59.04222641,0.00000000,0.00000000,0.00000000,0.00000000,0.00000000,56.41825994,75.60498585,72.02825219,87.54648813,0.00000000,19.50792328,16.82060539,0.00000000,0.00000000,21.90043736,0.00000000,0.00000000,0.00000000,0.00000000,0.00000000,0.00000000,0.00000000,0.00000000,0.00000000,0.00000000,0.00000000,0.00000000,0.00000000,0.00000000,0.00000000,0.00000000,0.00000000,0.00000000,0.00000000,0.00000000,0.00000000,0.00000000,0.00000000,0.00000000,0.00000000,0.00000000,0.00000000,0.00000000,0.00000000,0.00000000,0.00000000,0.00000000,0.00000000,0.00000000,0.00000000,0.00000000,96.47993863,96.48341726,95.32529144,0.00000000,0.00000000,0.00000000,0.00000000,0.00000000,0.00000000,0.00000000,90.29537671,92.05358315
0.00000000,0.00000000,0.00000000,0.00000000,0.00000000,0.00000000,0.00000000,0.00000000,0.00000000,0.00000000,0.00000000,0.00000000,0.00000000,0.00000000,0.00000000,0.00000000,0.00000000,0.00000000,0.00000000,0.00000000,0.00000000,0.00000000,74.07312622,0.00000000,65.11334560,61.93204962,0.00000000,0.00000000,0.00000000,0.00000000,0.00000000,0.00000000,0.00000000,76.09178279,71.99983673,81.41811948,0.00000000,63.29431302,34.09471407,82.54408054,21.90043736,0.00000000,0.00000000,0.00000000,0.00000000,0.00000000,0.00000000,0.00000000,0.00000000,0.00000000,0.00000000,0.00000000,0.00000000,0.00000000,0.00000000,0.00000000,0.00000000,0.00000000,0.00000000,0.00000000,0.00000000,0.00000000,0.00000000,0.00000000,0.00000000,0.00000000,0.00000000,0.00000000,0.00000000,0.00000000,93.72863706,0.00000000,0.00000000,0.00000000,0.00000000,0.00000000,0.00000000,0.00000000,0.00000000,0.00000000,97.28038597,0.00000000,0.00000000,0.00000000,0.00000000,0.00000000,0.00000000,93.45429039,0.00000000,94.74909447
0.00000000,0.00000000,0.00000000,0.00000000,0.00000000,0.00000000,0.00000000,0.00000000,0.00000000,0.00000000,0.00000000,0.00000000,84.08485540,0.00000000,0.00000000,0.00000000,0.00000000,0.00000000,0.00000000,0.00000000,0.00000000,0.00000000,0.00000000,0.00000000,0.00000000,0.00000000,0.00000000,0.00000000,0.00000000,0.00000000,0.00000000,0.00000000,0.00000000,0.00000000,0.00000000,0.00000000,0.00000000,0.00000000,0.00000000,0.00000000,0.00000000,0.00000000,0.00000000,50.76960211,54.04998292,50.13919711,78.22331521,55.72579695,67.15398464,78.65849238,84.18074853,61.63774038,0.00000000,70.33236545,78.88967154,46.49576339,70.25078539,89.71652730,81.65657234,67.80239838,78.16909698,87.67040574,85.48600303,0.00000000,0.00000000,0.00000000,0.00000000,42.70648489,51.02149192,67.55017090,0.00000000,0.00000000,46.21813418,25.69610270,17.96545810,50.21652699,12.31535343,57.74317270,0.00000000,0.00000000,0.00000000,83.87946980,55.28001543,50.71626125,55.69372041,54.00634956,0.00000000,0.00000000,0.00000000,0.00000000
0.00000000,0.00000000,0.00000000,0.00000000,0.00000000,0.00000000,0.00000000,0.00000000,0.00000000,0.00000000,0.00000000,0.00000000,0.00000000,0.00000000,0.00000000,0.00000000,0.00000000,0.00000000,0.00000000,0.00000000,0.00000000,0.00000000,0.00000000,0.00000000,0.00000000,0.00000000,0.00000000,0.00000000,0.00000000,0.00000000,0.00000000,0.00000000,0.00000000,0.00000000,0.00000000,0.00000000,0.00000000,0.00000000,0.00000000,0.00000000,0.00000000,0.00000000,50.76960211,0.00000000,13.67009502,38.12725691,16.23775625,16.56874677,57.23295939,19.43272358,50.88183832,28.78430553,46.38481479,67.76171728,33.48691796,42.74552402,42.67039862,59.77239646,48.21455990,0.00000000,54.41490545,61.12572364,70.36868834,0.00000000,0.00000000,0.00000000,0.00000000,14.22983497,89.56354370,89.66751453,0.00000000,0.00000000,0.00000000,0.00000000,80.17830780,0.00000000,49.09735552,80.91882706,0.00000000,0.00000000,0.00000000,79.92458064,0.00000000,88.64592896,87.05643845,93.66241789,0.00000000,0.00000000,0.00000000,0.00000000
0.00000000,0.00000000,0.00000000,0.00000000,0.00000000,0.00000000,0.00000000,0.00000000,0.00000000,0.00000000,0.00000000,0.00000000,0.00000000,0.00000000,0.00000000,0.00000000,0.00000000,0.00000000,0.00000000,0.00000000,0.00000000,0.00000000,0.00000000,0.00000000,0.00000000,0.00000000,0.00000000,0.00000000,0.00000000,0.00000000,0.00000000,0.00000000,0.00000000,0.00000000,0.00000000,0.00000000,0.00000000,0.00000000,0.00000000,0.00000000,0.00000000,0.00000000,54.04998292,13.67009502,0.00000000,15.30205084,13.64229712,40.00079521,26.85396856,24.85120080,35.17456143,51.39744445,41.14724887,45.19289234,36.11384929,36.81592301,48.57224240,54.86256498,47.46915909,63.05743472,55.73824649,59.28744982,68.89045486,0.00000000,0.00000000,0.00000000,0.00000000,38.36767099,91.52406683,87.43236328,0.00000000,0.00000000,0.00000000,0.00000000,86.45744629,0.00000000,54.59753381,81.60160758,0.00000000,0.00000000,0.00000000,76.30050387,93.48921299,92.36574312,92.47701263,93.90486076,0.00000000,0.00000000,0.00000000,0.00000000
0.00000000,0.00000000,0.00000000,0.00000000,0.00000000,0.00000000,0.00000000,0.00000000,0.00000000,0.00000000,0.00000000,0.00000000,0.00000000,0.00000000,0.00000000,0.00000000,0.00000000,0.00000000,0.00000000,0.00000000,0.00000000,0.00000000,0.00000000,0.00000000,0.00000000,0.00000000,0.00000000,0.00000000,0.00000000,0.00000000,0.00000000,0.00000000,0.00000000,0.00000000,0.00000000,0.00000000,0.00000000,0.00000000,0.00000000,0.00000000,0.00000000,0.00000000,50.13919711,38.12725691,15.30205084,0.00000000,35.39119179,60.08567492,13.85679423,49.29594037,50.09396362,64.20565292,54.04657137,27.84390280,54.61883033,32.63877452,61.31268462,59.74506744,58.66063142,52.22516394,64.75905332,64.35988582,58.12672155,0.00000000,0.00000000,0.00000000,0.00000000,62.83780823,84.73395157,82.64051160,0.00000000,0.00000000,90.04377979,81.79288356,82.03912195,0.00000000,61.63445833,72.38232295,0.00000000,0.00000000,0.00000000,0.00000000,92.51066116,87.59197187,87.10466851,88.33411121,0.00000000,0.00000000,0.00000000,0.00000000
0.00000000,0.00000000,0.00000000,0.00000000,0.00000000,0.00000000,0.00000000,0.00000000,0.00000000,0.00000000,0.00000000,0.00000000,0.00000000,0.00000000,0.00000000,0.00000000,0.00000000,0.00000000,0.00000000,0.00000000,0.00000000,0.00000000,0.00000000,0.00000000,0.00000000,0.00000000,0.00000000,0.00000000,0.00000000,0.00000000,0.00000000,0.00000000,0.00000000,0.00000000,0.00000000,0.00000000,0.00000000,0.00000000,0.00000000,0.00000000,0.00000000,0.00000000,78.22331521,16.23775625,13.64229712,35.39119179,0.00000000,61.37120264,27.85855704,11.41468969,17.55849526,57.80597523,26.30862614,32.25076009,25.91983678,39.27366246,48.92913152,45.42268537,46.16954582,0.00000000,57.07469739,59.36812931,67.80971527,0.00000000,0.00000000,0.00000000,0.00000000,75.31225789,98.09975433,94.12348267,0.00000000,0.00000000,0.00000000,0.00000000,0.00000000,0.00000000,84.93730152,88.90698099,0.00000000,0.00000000,0.00000000,0.00000000,0.00000000,0.00000000,0.00000000,98.16942003,0.00000000,0.00000000,0.00000000,0.00000000
0.00000000,0.00000000,0.00000000,0.00000000,0.00000000,0.00000000,0.00000000,0.00000000,0.00000000,0.00000000,0.00000000,0.00000000,0.00000000,0.00000000,0.00000000,0.00000000,0.00000000,0.00000000,0.00000000,0.00000000,0.00000000,0.00000000,0.00000000,0.00000000,0.00000000,0.00000000,0.00000000,0.00000000,0.00000000,0.00000000,0.00000000,0.00000000,0.00000000,0.00000000,0.00000000,0.00000000,0.00000000,0.00000000,0.00000000,0.00000000,0.00000000,0.00000000,55.72579695,16.56874677,40.00079521,60.08567492,61.37120264,0.00000000,71.33787046,40.68436504,74.96982447,17.81028842,68.49033101,76.12445297,39.20690545,49.06536947,39.14669615,72.78242005,54.53406987,0.00000000,58.46617357,66.25750954,68.73302505,87.30573055,0.00000000,0.00000000,0.00000000,15.46951651,82.08233888,84.15268395,0.00000000,0.00000000,86.27916050,72.35596695,76.11531143,0.00000000,54.64496549,16.16537943,0.00000000,0.00000000,0.00000000,80.00147438,88.79491425,79.84767914,80.92139875,88.58659918,0.00000000,0.00000000,0.00000000,0.00000000
0.00000000,0.00000000,0.00000000,0.00000000,0.00000000,0.00000000,0.00000000,0.00000000,0.00000000,0.00000000,0.00000000,0.00000000,0.00000000,0.00000000,0.00000000,0.00000000,0.00000000,0.00000000,0.00000000,0.00000000,0.00000000,0.00000000,0.00000000,0.00000000,0.00000000,0.00000000,0.00000000,0.00000000,0.00000000,0.00000000,0.00000000,0.00000000,0.00000000,0.00000000,0.00000000,0.00000000,0.00000000,0.00000000,0.00000000,0.00000000,0.00000000,0.00000000,67.15398464,57.23295939,26.85396856,13.85679423,27.85855704,71.33787046,0.00000000,50.59422938,42.19307292,71.69906362,0.00000000,14.05803969,52.50550426,31.39658303,73.93875758,49.18337020,62.50652528,45.56244782,0.00000000,56.06943480,49.62150969,0.00000000,0.00000000,0.00000000,0.00000000,74.05301921,93.32417806,89.29762154,0.00000000,0.00000000,0.00000000,0.00000000,91.68710887,0.00000000,77.12511105,0.00000000,0.00000000,0.00000000,0.00000000,0.00000000,0.00000000,93.94061788,0.00000000,94.14275360,0.00000000,0.00000000,0.00000000,0.00000000
0.00000000,0.00000000,0.00000000,0.00000000,0.00000000,0.00000000,0.00000000,0.00000000,0.00000000,0.00000000,0.00000000,0.00000000,0.00000000,0.00000000,0.00000000,0.00000000,0.00000000,0.00000000,0.00000000,0.00000000,0.00000000,0.00000000,0.00000000,0.00000000,0.00000000,0.00000000,0.00000000,0.00000000,0.00000000,0.00000000,0.00000000,0.00000000,0.00000000,0.00000000,0.00000000,0.00000000,0.00000000,0.00000000,0.00000000,0.00000000,0.00000000,0.00000000,78.65849238,19.43272358,24.85120080,49.29594037,11.41468969,40.68436504,50.59422938,0.00000000,13.67289291,43.03455873,12.68516118,42.85003352,16.13379035,46.76548441,35.04176082,50.13264192,42.54541321,0.00000000,55.04250757,59.66522331,74.20818634,0.00000000,0.00000000,0.00000000,0.00000000,66.39657112,0.00000000,96.23903147,0.00000000,0.00000000,0.00000000,0.00000000,0.00000000,0.00000000,85.59351131,90.36564151,0.00000000,0.00000000,0.00000000,0.00000000,0.00000000,0.00000000,0.00000000,0.00000000,0.00000000,0.00000000,0.00000000,0.00000000
0.00000000,0.00000000,0.00000000,0.00000000,0.00000000,0.00000000,0.00000000,0.00000000,0.00000000,0.00000000,0.00000000,0.00000000,0.00000000,0.00000000,0.00000000,0.00000000,0.00000000,0.00000000,0.00000000,0.00000000,0.00000000,0.00000000,0.00000000,0.00000000,0.00000000,0.00000000,0.00000000,0.00000000,0.00000000,0.00000000,0.00000000,0.00000000,0.00000000,0.00000000,0.00000000,0.00000000,0.00000000,0.00000000,0.00000000,0.00000000,0.00000000,0.00000000,84.18074853,50.88183832,35.17456143,50.09396362,17.55849526,74.96982447,42.19307292,13.67289291,0.00000000,69.82682800,10.61515612,28.22005790,21.28494598,42.93270797,58.59258735,14.85390809,34.48663736,58.05550666,49.24877850,42.29533551,64.55338620,0.00000000,0.00000000,0.00000000,0.00000000,83.65555923,0.00000000,96.27234599,0.00000000,0.00000000,0.00000000,0.00000000,0.00000000,0.00000000,88.20464325,91.14873335,0.00000000,0.00000000,0.00000000,80.15914567,0.00000000,0.00000000,0.00000000,0.00000000,0.00000000,0.00000000,0.00000000,0.00000000
0.00000000,0.00000000,0.00000000,0.00000000,0.00000000,0.00000000,0.00000000,0.00000000,0.00000000,0.00000000,0.00000000,0.00000000,0.00000000,0.00000000,0.00000000,0.00000000,0.00000000,0.00000000,0.00000000,0.00000000,0.00000000,0.00000000,0.00000000,0.00000000,0.00000000,0.00000000,0.00000000,0.00000000,0.00000000,0.00000000,0.00000000,0.00000000,0.00000000,0.00000000,0.00000000,0.00000000,0.00000000,0.00000000,0.00000000,0.00000000,0.00000000,0.00000000,61.63774038,28.78430553,51.39744445,64.20565292,57.80597523,17.81028842,71.69906362,43.03455873,69.82682800,0.00000000,59.24121518,71.95680571,34.04009710,50.89827580,18.78445495,65.83510335,48.93758662,0.00000000,47.67559926,59.23199298,62.08186340,87.31126523,0.00000000,0.00000000,0.00000000,37.02585180,88.06459849,81.04917921,0.00000000,0.00000000,0.00000000,0.00000000,84.36176510,0.00000000,63.54652646,61.38299899,0.00000000,0.00000000,0.00000000,74.50678755,93.80642446,89.78107013,89.11288834,90.73441661,0.00000000,0.00000000,0.00000000,0.00000000
0.00000000,0.00000000,0.00000000,0.00000000,0.00000000,0.00000000,0.00000000,0.00000000,0.00000000,0.00000000,0.00000000,0.00000000,0.00000000,0.00000000,0.00000000,0.00000000,0.00000000,0.00000000,0.00000000,0.00000000,0.00000000,0.00000000,0.00000000,0.00000000,0.00000000,0.00000000,0.00000000,0.00000000,0.00000000,0.00000000,0.00000000,0.00000000,0.00000000,0.00000000,0.00000000,0.00000000,0.00000000,0.00000000,0.00000000,0.00000000,0.00000000,0.00000000,0.00000000,46.38481479,41.14724887,54.04657137,26.30862614,68.49033101,0.00000000,12.68516118,10.61515612,59.24121518,0.00000000,33.44934045,12.55973303,46.16802692,47.93405513,27.04247375,32.03072856,0.00000000,38.27151129,52.00983349,62.02723360,0.00000000,0.00000000,0.00000000,0.00000000,83.82869318,0.00000000,97.76547482,0.00000000,0.00000000,0.00000000,0.00000000,0.00000000,0.00000000,0.00000000,0.00000000,0.00000000,0.00000000,0.00000000,0.00000000,0.00000000,0.00000000,0.00000000,0.00000000,0.00000000,0.00000000,0.00000000,0.00000000
0.00000000,0.00000000,0.00000000,0.00000000,0.00000000,0.00000000,0.00000000,0.00000000,0.00000000,0.00000000,0.00000000,0.00000000,94.09163490,0.00000000,0.00000000,0.00000000,0.00000000,0.00000000,0.00000000,0.00000000,0.00000000,0.00000000,0.00000000,0.00000000,0.00000000,0.00000000,0.00000000,0.00000000,0.00000000,0.00000000,0.00000000,0.00000000,0.00000000,0.00000000,0.00000000,0.00000000,0.00000000,0.00000000,0.00000000,0.00000000,0.00000000,0.00000000,70.33236545,67.76171728,45.19289234,27.84390280,32.25076009,76.12445297,14.05803969,42.85003352,28.22005790,71.95680571,33.44934045,0.00000000,39.39028599,18.38688352,72.35015951,25.25395671,43.72190314,11.01697360,53.05327082,32.85340375,25.40377373,0.00000000,0.00000000,0.00000000,0.00000000,77.67238281,92.23294957,89.13493456,0.00000000,0.00000000,0.00000000,0.00000000,90.50109609,0.00000000,79.60929616,73.17557017,0.00000000,0.00000000,0.00000000,54.92992565,0.00000000,92.48892406,0.00000000,91.25552622,0.00000000,0.00000000,0.00000000,0.00000000
0.00000000,0.00000000,0.00000000,0.00000000,0.00000000,0.00000000,0.00000000,0.00000000,0.00000000,0.00000000,0.00000000,0.00000000,0.00000000,0.00000000,0.00000000,0.00000000,0.00000000,0.00000000,0.00000000,0.00000000,0.00000000,0.00000000,0.00000000,0.00000000,0.00000000,0.00000000,0.00000000,0.00000000,0.00000000,0.00000000,0.00000000,0.00000000,0.00000000,0.00000000,0.00000000,0.00000000,0.00000000,0.00000000,0.00000000,0.00000000,0.00000000,0.00000000,78.88967154,33.48691796,36.11384929,54.61883033,25.91983678,39.20690545,52.50550426,16.13379035,21.28494598,34.04009710,12.55973303,39.39028599,0.00000000,45.24786689,16.65278467,39.36605071,20.11686421,55.38713099,34.41695455,48.53459040,66.74643993,0.00000000,0.00000000,0.00000000,0.00000000,62.37121752,0.00000000,93.16014902,0.00000000,0.00000000,0.00000000,0.00000000,0.00000000,0.00000000,83.59846321,89.31861538,0.00000000,0.00000000,0.00000000,76.96713765,0.00000000,0.00000000,0.00000000,97.78734898,0.00000000,0.00000000,0.00000000,0.00000000
0.00000000,90.60920429,0.00000000,0.00000000,0.00000000,0.00000000,90.24390666,0.00000000,0.00000000,0.00000000,93.47909429,0.00000000,79.39946766,0.00000000,0.00000000,96.88094815,0.00000000,0.00000000,0.00000000,0.00000000,0.00000000,0.00000000,0.00000000,0.00000000,0.00000000,0.00000000,0.00000000,0.00000000,0.00000000,0.00000000,0.00000000,0.00000000,0.00000000,0.00000000,0.00000000,0.00000000,0.00000000,0.00000000,0.00000000,0.00000000,0.00000000,0.00000000,46.49576339,42.74552402,36.81592301,32.63877452,39.27366246,49.06536947,31.39658303,46.76548441,42.93270797,50.89827580,46.16802692,18.38688352,45.24786689,0.00000000,57.18728447,49.08890587,52.74255837,15.30197836,62.74498749,49.75606311,37.19283308,0.00000000,0.00000000,0.00000000,0.00000000,54.42553449,74.04322554,69.52428896,0.00000000,0.00000000,0.00000000,69.12190737,71.59531937,0.00000000,63.57695847,62.61787796,0.00000000,0.00000000,0.00000000,46.96753149,85.94914900,79.28464050,73.81047344,79.47177209,0.00000000,0.00000000,0.00000000,0.00000000
0.00000000,0.00000000,0.00000000,0.00000000,0.00000000,0.00000000,0.00000000,0.00000000,0.00000000,0.00000000,0.00000000,0.00000000,0.00000000,0.00000000,0.00000000,0.00000000,0.00000000,0.00000000,0.00000000,0.00000000,0.00000000,0.00000000,0.00000000,0.00000000,0.00000000,0.00000000,0.00000000,0.00000000,0.00000000,0.00000000,0.00000000,0.00000000,0.00000000,0.00000000,0.00000000,0.00000000,0.00000000,0.00000000,0.00000000,0.00000000,0.00000000,0.00000000,70.25078539,42.67039862,48.57224240,61.31268462,48.92913152,39.14669615,73.93875758,35.04176082,58.59258735,18.78445495,47.93405513,72.35015951,16.65278467,57.18728447,0.00000000,55.14678303,23.57176782,68.34232966,25.07066749,48.79906375,58.60481349,90.66608986,0.00000000,0.00000000,0.00000000,53.75801190,94.02134838,85.82326868,0.00000000,0.00000000,0.00000000,0.00000000,92.33274460,0.00000000,73.54447117,81.51184159,0.00000000,0.00000000,0.00000000,67.95086071,0.00000000,94.69356857,93.21379979,95.06487598,0.00000000,0.00000000,0.00000000,0.00000000
0.00000000,0.00000000,0.00000000,0.00000000,0.00000000,0.00000000,0.00000000,0.00000000,0.00000000,0.00000000,0.00000000,0.00000000,0.00000000,0.00000000,0.00000000,0.00000000,0.00000000,0.00000000,0.00000000,0.00000000,0.00000000,0.00000000,0.00000000,0.00000000,0.00000000,0.00000000,0.00000000,0.00000000,0.00000000,0.00000000,0.00000000,0.00000000,0.00000000,0.00000000,0.00000000,0.00000000,0.00000000,0.00000000,0.00000000,0.00000000,0.00000000,0.00000000,89.71652730,59.77239646,54.86256498,59.74506744,45.42268537,72.78242005,49.18337020,50.13264192,14.85390809,65.83510335,27.04247375,25.25395671,39.36605071,49.08890587,55.14678303,0.00000000,19.00852394,55.26506964,47.13486910,18.25872271,42.26857581,0.00000000,0.00000000,0.00000000,0.00000000,85.28818403,0.00000000,97.62223545,0.00000000,0.00000000,0.00000000,0.00000000,0.00000000,0.00000000,90.74261005,93.85176849,0.00000000,0.00000000,0.00000000,78.37826817,0.00000000,0.00000000,0.00000000,0.00000000,0.00000000,0.00000000,0.00000000,0.00000000
0.00000000,0.00000000,0.00000000,0.00000000,0.00000000,0.00000000,0.00000000,0.00000000,0.00000000,0.00000000,0.00000000,0.00000000,0.00000000,0.00000000,0.00000000,0.00000000,0.00000000,0.00000000,0.00000000,0.00000000,0.00000000,0.00000000,0.00000000,0.00000000,0.00000000,0.00000000,0.00000000,0.00000000,0.00000000,0.00000000,0.00000000,0.00000000,0.00000000,0.00000000,0.00000000,0.00000000,0.00000000,0.00000000,0.00000000,0.00000000,0.00000000,0.00000000,81.65657234,48.21455990,47.46915909,58.66063142,46.16954582,54.53406987,62.50652528,42.54541321,34.48663736,48.93758662,32.03072856,43.72190314,20.11686421,52.74255837,23.57176782,19.00852394,0.00000000,61.25936000,13.11904366,19.00636436,51.61881614,0.00000000,0.00000000,0.00000000,0.00000000,67.46598874,0.00000000,93.27297465,0.00000000,0.00000000,0.00000000,0.00000000,0.00000000,0.00000000,85.31412951,90.85065587,0.00000000,0.00000000,0.00000000,69.22981763,0.00000000,0.00000000,0.00000000,97.92528328,0.00000000,0.00000000,0.00000000,0.00000000
0.00000000,0.00000000,0.00000000,0.00000000,0.00000000,0.00000000,0.00000000,0.00000000,0.00000000,0.00000000,85.71305621,0.00000000,86.61076034,0.00000000,0.00000000,0.00000000,0.00000000,0.00000000,0.00000000,0.00000000,0.00000000,0.00000000,0.00000000,0.00000000,0.00000000,0.00000000,0.00000000,0.00000000,0.00000000,0.00000000,0.00000000,0.00000000,0.00000000,0.00000000,0.00000000,0.00000000,0.00000000,0.00000000,0.00000000,0.00000000,0.00000000,0.00000000,67.80239838,0.00000000,63.05743472,52.22516394,0.00000000,0.00000000,45.56244782,0.00000000,58.05550666,0.00000000,0.00000000,11.01697360,55.38713099,15.30197836,68.34232966,55.26506964,61.25936000,0.00000000,60.97437123,37.35952266,15.30096437,0.00000000,0.00000000,0.00000000,0.00000000,0.00000000,0.00000000,81.16524620,0.00000000,0.00000000,0.00000000,0.00000000,0.00000000,0.00000000,0.00000000,0.00000000,0.00000000,0.00000000,0.00000000,27.21880056,0.00000000,0.00000000,0.00000000,0.00000000,0.00000000,0.00000000,0.00000000,0.00000000
0.00000000,0.00000000,0.00000000,0.00000000,0.00000000,0.00000000,0.00000000,0.00000000,0.00000000,0.00000000,0.00000000,0.00000000,0.00000000,0.00000000,0.00000000,0.00000000,0.00000000,0.00000000,0.00000000,0.00000000,0.00000000,0.00000000,0.00000000,0.00000000,0.00000000,0.00000000,0.00000000,0.00000000,0.00000000,0.00000000,0.00000000,0.00000000,0.00000000,0.00000000,0.00000000,0.00000000,0.00000000,0.00000000,0.00000000,0.00000000,0.00000000,0.00000000,78.16909698,54.41490545,55.73824649,64.75905332,57.07469739,58.46617357,0.00000000,55.04250757,49.24877850,47.67559926,38.27151129,53.05327082,34.41695455,62.74498749,25.07066749,47.13486910,13.11904366,60.97437123,0.00000000,34.12493022,51.58969021,90.04150238,0.00000000,0.00000000,0.00000000,67.45389479,95.16451263,87.08954582,0.00000000,0.00000000,0.00000000,0.00000000,93.35452881,0.00000000,81.79985883,86.10702311,0.00000000,0.00000000,0.00000000,60.04813743,0.00000000,94.87432480,93.32504038,96.65633477,0.00000000,0.00000000,0.00000000,0.00000000
0.00000000,0.00000000,0.00000000,0.00000000,0.00000000,0.00000000,0.00000000,0.00000000,0.00000000,0.00000000,0.00000000,0.00000000,98.14879862,0.00000000,0.00000000,0.00000000,0.00000000,0.00000000,0.00000000,0.00000000,0.00000000,0.00000000,0.00000000,0.00000000,0.00000000,0.00000000,0.00000000,0.00000000,0.00000000,0.00000000,0.00000000,0.00000000,0.00000000,0.00000000,0.00000000,0.00000000,0.00000000,0.00000000,0.00000000,0.00000000,0.00000000,0.00000000,87.67040574,61.12572364,59.28744982,64.35988582,59.36812931,66.25750954,56.06943480,59.66522331,42.29533551,59.23199298,52.00983349,32.85340375,48.53459040,49.75606311,48.79906375,18.25872271,19.00636436,37.35952266,34.12493022,0.00000000,18.49717702,94.66700999,0.00000000,0.00000000,0.00000000,76.12828910,0.00000000,94.35117842,0.00000000,0.00000000,0.00000000,0.00000000,0.00000000,0.00000000,89.95067501,93.50258586,0.00000000,0.00000000,0.00000000,43.83753245,0.00000000,0.00000000,0.00000000,99.13284683,0.00000000,0.00000000,0.00000000,0.00000000
0.00000000,0.00000000,0.00000000,0.00000000,0.00000000,0.00000000,0.00000000,0.00000000,0.00000000,0.00000000,0.00000000,0.00000000,96.33869289,0.00000000,0.00000000,0.00000000,0.00000000,0.00000000,0.00000000,0.00000000,0.00000000,0.00000000,0.00000000,0.00000000,0.00000000,0.00000000,0.00000000,0.00000000,0.00000000,0.00000000,0.00000000,0.00000000,0.00000000,0.00000000,0.00000000,0.00000000,0.00000000,0.00000000,0.00000000,0.00000000,0.00000000,0.00000000,85.48600303,70.36868834,68.89045486,58.12672155,67.80971527,68.73302505,49.62150969,74.20818634,64.55338620,62.08186340,62.02723360,25.40377373,66.74643993,37.19283308,58.60481349,42.26857581,51.61881614,15.30096437,51.58969021,18.49717702,0.00000000,0.00000000,0.00000000,0.00000000,0.00000000,79.35395580,0.00000000,89.80653381,0.00000000,0.00000000,0.00000000,0.00000000,0.00000000,0.00000000,86.34147797,0.00000000,0.00000000,0.00000000,0.00000000,13.68006468,0.00000000,0.00000000,0.00000000,0.00000000,0.00000000,0.00000000,0.00000000,0.00000000
0.00000000,0.00000000,0.00000000,0.00000000,0.00000000,0.00000000,0.00000000,0.00000000,0.00000000,0.00000000,0.00000000,0.00000000,0.00000000,0.00000000,0.00000000,0.00000000,0.00000000,0.00000000,0.00000000,0.00000000,0.00000000,0.00000000,0.00000000,0.00000000,0.00000000,0.00000000,0.00000000,0.00000000,0.00000000,0.00000000,0.00000000,0.00000000,0.00000000,0.00000000,0.00000000,73.90871277,0.00000000,0.00000000,0.00000000,0.00000000,0.00000000,0.00000000,0.00000000,0.00000000,0.00000000,0.00000000,0.00000000,87.30573055,0.00000000,0.00000000,0.00000000,87.31126523,0.00000000,0.00000000,0.00000000,0.00000000,90.66608986,0.00000000,0.00000000,0.00000000,90.04150238,94.66700999,0.00000000,0.00000000,0.00000000,0.00000000,0.00000000,88.45520891,78.14607348,57.51340629,78.57576151,0.00000000,0.00000000,0.00000000,0.00000000,0.00000000,0.00000000,78.51529884,0.00000000,0.00000000,0.00000000,90.62151189,0.00000000,73.97009468,67.35878103,41.19811795,0.00000000,0.00000000,0.00000000,0.00000000
0.00000000,0.00000000,0.00000000,0.00000000,0.00000000,0.00000000,0.00000000,0.00000000,0.00000000,0.00000000,0.00000000,0.00000000,0.00000000,0.00000000,0.00000000,0.00000000,0.00000000,0.00000000,0.00000000,0.00000000,0.00000000,0.00000000,0.00000000,0.00000000,0.00000000,0.00000000,0.00000000,0.00000000,0.00000000,0.00000000,0.00000000,0.00000000,0.00000000,0.00000000,0.00000000,0.00000000,0.00000000,0.00000000,0.00000000,0.00000000,0.00000000,0.00000000,0.00000000,0.00000000,0.00000000,0.00000000,0.00000000,0.00000000,0.00000000,0.00000000,0.00000000,0.00000000,0.00000000,0.00000000,0.00000000,0.00000000,0.00000000,0.00000000,0.00000000,0.00000000,0.00000000,0.00000000,0.00000000,0.00000000,0.00000000,0.00000000,86.84151378,0.00000000,66.88134623,70.27396070,64.33990492,82.83874766,0.00000000,0.00000000,0.00000000,0.00000000,0.00000000,0.00000000,0.00000000,0.00000000,0.00000000,0.00000000,0.00000000,0.00000000,0.00000000,0.00000000,0.00000000,77.42941920,0.00000000,0.00000000
0.00000000,0.00000000,0.00000000,0.00000000,0.00000000,0.00000000,0.00000000,0.00000000,0.00000000,0.00000000,0.00000000,0.00000000,0.00000000,0.00000000,0.00000000,0.00000000,78.78143130,95.88063393,89.69545248,0.00000000,0.00000000,90.63332096,0.00000000,0.00000000,0.00000000,79.84092910,0.00000000,0.00000000,0.00000000,0.00000000,0.00000000,0.00000000,0.00000000,0.00000000,0.00000000,46.28988151,0.00000000,0.00000000,0.00000000,0.00000000,0.00000000,0.00000000,0.00000000,0.00000000,0.00000000,0.00000000,0.00000000,0.00000000,0.00000000,0.00000000,0.00000000,0.00000000,0.00000000,0.00000000,0.00000000,0.00000000,0.00000000,0.00000000,0.00000000,0.00000000,0.00000000,0.00000000,0.00000000,0.00000000,0.00000000,0.00000000,25.22248808,0.00000000,0.00000000,0.00000000,0.00000000,16.28956186,0.00000000,0.00000000,0.00000000,0.00000000,0.00000000,0.00000000,0.00000000,0.00000000,0.00000000,75.46035894,0.00000000,0.00000000,0.00000000,0.00000000,0.00000000,0.00000000,0.00000000,0.00000000
0.00000000,0.00000000,0.00000000,0.00000000,0.00000000,0.00000000,0.00000000,0.00000000,0.00000000,0.00000000,0.00000000,0.00000000,0.00000000,0.00000000,0.00000000,0.00000000,95.31962530,0.00000000,100.01145168,0.00000000,0.00000000,0.00000000,0.00000000,0.00000000,0.00000000,95.06133080,0.00000000,0.00000000,0.00000000,0.00000000,0.00000000,0.00000000,0.00000000,0.00000000,0.00000000,65.68315502,0.00000000,0.00000000,0.00000000,0.00000000,0.00000000,0.00000000,0.00000000,0.00000000,0.00000000,0.00000000,0.00000000,0.00000000,0.00000000,0.00000000,0.00000000,0.00000000,0.00000000,0.00000000,0.00000000,0.00000000,0.00000000,0.00000000,0.00000000,0.00000000,0.00000000,0.00000000,0.00000000,0.00000000,86.84151378,25.22248808,0.00000000,0.00000000,0.00000000,83.94829014,81.43226439,20.24753865,0.00000000,0.00000000,0.00000000,0.00000000,0.00000000,0.00000000,0.00000000,0.00000000,0.00000000,0.00000000,0.00000000,0.00000000,0.00000000,0.00000000,0.00000000,0.00000000,0.00000000,0.00000000
0.00000000,0.00000000,0.00000000,0.00000000,0.00000000,0.00000000,0.00000000,0.00000000,0.00000000,0.00000000,0.00000000,0.00000000,0.00000000,0.00000000,0.00000000,0.00000000,0.00000000,0.00000000,0.00000000,0.00000000,0.00000000,0.00000000,0.00000000,0.00000000,0.00000000,0.00000000,0.00000000,0.00000000,0.00000000,0.00000000,0.00000000,0.00000000,0.00000000,0.00000000,0.00000000,0.00000000,0.00000000,0.00000000,0.00000000,0.00000000,0.00000000,0.00000000,42.70648489,14.22983497,38.36767099,62.83780823,75.31225789,15.46951651,74.05301921,66.39657112,83.65555923,37.02585180,83.82869318,77.67238281,62.37121752,54.42553449,53.75801190,85.28818403,67.46598874,0.00000000,67.45389479,76.12828910,79.35395580,88.45520891,0.00000000,0.00000000,0.00000000,0.00000000,69.28559952,83.17671204,0.00000000,0.00000000,75.34261916,71.65348925,57.90077015,82.83248043,32.81795333,11.82821141,0.00000000,0.00000000,0.00000000,85.93205600,77.14023922,61.30116221,66.35981496,75.16347192,0.00000000,0.00000000,0.00000000,0.00000000
0.00000000,0.00000000,0.00000000,0.00000000,0.00000000,0.00000000,0.00000000,0.00000000,0.00000000,0.00000000,0.00000000,0.00000000,0.00000000,0.00000000,0.00000000,0.00000000,0.00000000,0.00000000,0.00000000,0.00000000,0.00000000,0.00000000,0.00000000,0.00000000,0.00000000,0.00000000,0.00000000,0.00000000,0.00000000,0.00000000,0.00000000,0.00000000,0.00000000,0.00000000,0.00000000,0.00000000,0.00000000,0.00000000,0.00000000,0.00000000,0.00000000,0.00000000,51.02149192,89.56354370,91.52406683,84.73395157,98.09975433,82.08233888,93.32417806,0.00000000,0.00000000,88.06459849,0.00000000,92.23294957,0.00000000,74.04322554,94.02134838,0.00000000,0.00000000,0.00000000,95.16451263,0.00000000,0.00000000,78.14607348,66.88134623,0.00000000,0.00000000,69.28559952,0.00000000,9.01381422,7.23323392,73.68564199,36.23012390,28.16476419,37.43199871,26.30324760,45.33804855,62.90857188,66.73841426,61.90598209,65.50409300,0.00000000,30.25574805,32.26879580,31.29969692,21.05322249,53.09580823,54.38156438,0.00000000,72.25389338
0.00000000,0.00000000,0.00000000,0.00000000,0.00000000,0.00000000,0.00000000,0.00000000,0.00000000,0.00000000,0.00000000,0.00000000,0.00000000,0.00000000,0.00000000,0.00000000,0.00000000,0.00000000,0.00000000,0.00000000,0.00000000,0.00000000,0.00000000,0.00000000,0.00000000,0.00000000,0.00000000,0.00000000,0.00000000,0.00000000,0.00000000,0.00000000,0.00000000,0.00000000,0.00000000,72.76717595,0.00000000,0.00000000,0.00000000,0.00000000,0.00000000,0.00000000,67.55017090,89.66751453,87.43236328,82.64051160,94.12348267,84.15268395,89.29762154,96.23903147,96.27234599,81.04917921,97.76547482,89.13493456,93.16014902,69.52428896,85.82326868,97.62223545,93.27297465,81.16524620,87.08954582,94.35117842,89.80653381,57.51340629,70.27396070,0.00000000,83.94829014,83.17671204,9.01381422,0.00000000,9.33322603,79.01415863,47.86331024,0.00000000,47.52471209,37.68705237,69.47877312,70.85207675,73.56824493,0.00000000,0.00000000,89.23274666,40.42759314,40.97813510,34.30304275,20.18888863,62.02845891,0.00000000,0.00000000,0.00000000
0.00000000,0.00000000,0.00000000,0.00000000,0.00000000,0.00000000,0.00000000,0.00000000,0.00000000,0.00000000,0.00000000,0.00000000,0.00000000,0.00000000,0.00000000,0.00000000,0.00000000,0.00000000,0.00000000,0.00000000,0.00000000,0.00000000,0.00000000,0.00000000,0.00000000,90.96854518,0.00000000,0.00000000,0.00000000,0.00000000,0.00000000,0.00000000,0.00000000,0.00000000,0.00000000,0.00000000,0.00000000,0.00000000,0.00000000,0.00000000,0.00000000,93.72863706,0.00000000,0.00000000,0.00000000,0.00000000,0.00000000,0.00000000,0.00000000,0.00000000,0.00000000,0.00000000,0.00000000,0.00000000,0.00000000,0.00000000,0.00000000,0.00000000,0.00000000,0.00000000,0.00000000,0.00000000,0.00000000,78.57576151,64.33990492,0.00000000,81.43226439,0.00000000,7.23323392,9.33322603,0.00000000,74.24716456,0.00000000,0.00000000,0.00000000,0.00000000,0.00000000,96.96460342,64.79100062,65.38754070,69.11900224,0.00000000,0.00000000,0.00000000,0.00000000,0.00000000,54.44551856,48.36569394,0.00000000,0.00000000
0.00000000,0.00000000,0.00000000,0.00000000,0.00000000,0.00000000,0.00000000,0.00000000,0.00000000,0.00000000,0.00000000,0.00000000,0.00000000,0.00000000,0.00000000,0.00000000,89.80881334,98.28953552,97.45010101,0.00000000,0.00000000,97.98960944,0.00000000,0.00000000,0.00000000,89.00371488,0.00000000,0.00000000,0.00000000,0.00000000,0.00000000,0.00000000,0.00000000,0.00000000,0.00000000,62.43732950,0.00000000,0.00000000,0.00000000,0.00000000,0.00000000,0.00000000,0.00000000,0.00000000,0.00000000,0.00000000,0.00000000,0.00000000,0.00000000,0.00000000,0.00000000,0.00000000,0.00000000,0.00000000,0.00000000,0.00000000,0.00000000,0.00000000,0.00000000,0.00000000,0.00000000,0.00000000,0.00000000,0.00000000,82.83874766,16.28956186,20.24753865,0.00000000,73.68564199,79.01415863,74.24716456,0.00000000,0.00000000,0.00000000,0.00000000,0.00000000,0.00000000,0.00000000,0.00000000,0.00000000,0.00000000,0.00000000,0.00000000,0.00000000,0.00000000,0.00000000,0.00000000,89.02649138,0.00000000,0.00000000
0.00000000,0.00000000,0.00000000,0.00000000,0.00000000,0.00000000,0.00000000,0.00000000,0.00000000,0.00000000,0.00000000,0.00000000,0.00000000,0.00000000,0.00000000,0.00000000,0.00000000,0.00000000,0.00000000,0.00000000,0.00000000,0.00000000,0.00000000,0.00000000,0.00000000,0.00000000,0.00000000,0.00000000,0.00000000,0.00000000,0.00000000,0.00000000,0.00000000,0.00000000,0.00000000,0.00000000,0.00000000,0.00000000,0.00000000,0.00000000,0.00000000,0.00000000,46.21813418,0.00000000,0.00000000,90.04377979,0.00000000,86.27916050,0.00000000,0.00000000,0.00000000,0.00000000,0.00000000,0.00000000,0.00000000,0.00000000,0.00000000,0.00000000,0.00000000,0.00000000,0.00000000,0.00000000,0.00000000,0.00000000,0.00000000,0.00000000,0.00000000,75.34261916,36.23012390,47.86331024,0.00000000,0.00000000,0.00000000,7.98164188,10.03123966,18.24393938,40.49045059,69.00307750,0.00000000,0.00000000,0.00000000,0.00000000,10.97925976,12.71672846,37.39148622,35.64341636,0.00000000,0.00000000,0.00000000,0.00000000
0.00000000,0.00000000,0.00000000,0.00000000,0.00000000,0.00000000,0.00000000,0.00000000,0.00000000,0.00000000,0.00000000,0.00000000,0.00000000,0.00000000,0.00000000,0.00000000,0.00000000,0.00000000,0.00000000,0.00000000,0.00000000,0.00000000,0.00000000,0.00000000,0.00000000,0.00000000,0.00000000,0.00000000,0.00000000,0.00000000,0.00000000,0.00000000,0.00000000,0.00000000,0.00000000,0.00000000,0.00000000,0.00000000,0.00000000,0.00000000,0.00000000,0.00000000,25.69610270,0.00000000,0.00000000,81.79288356,0.00000000,72.35596695,0.00000000,0.00000000,0.00000000,0.00000000,0.00000000,0.00000000,0.00000000,69.12190737,0.00000000,0.00000000,0.00000000,0.00000000,0.00000000,0.00000000,0.00000000,0.00000000,0.00000000,0.00000000,0.00000000,71.65348925,28.16476419,0.00000000,0.00000000,0.00000000,7.98164188,0.00000000,9.49811199,15.44925908,32.54835988,0.00000000,0.00000000,0.00000000,0.00000000,0.00000000,24.33770009,31.42864216,32.67025185,29.47773205,0.00000000,0.00000000,0.00000000,0.00000000
0.00000000,0.00000000,0.00000000,0.00000000,0.00000000,0.00000000,0.00000000,0.00000000,0.00000000,0.00000000,0.00000000,0.00000000,0.00000000,0.00000000,0.00000000,0.00000000,0.00000000,0.00000000,0.00000000,0.00000000,0.00000000,0.00000000,0.00000000,0.00000000,0.00000000,0.00000000,0.00000000,0.00000000,0.00000000,0.00000000,0.00000000,0.00000000,0.00000000,0.00000000,0.00000000,0.00000000,0.00000000,0.00000000,0.00000000,0.00000000,0.00000000,0.00000000,17.96545810,80.17830780,86.45744629,82.03912195,0.00000000,76.11531143,91.68710887,0.00000000,0.00000000,84.36176510,0.00000000,90.50109609,0.00000000,71.59531937,92.33274460,0.00000000,0.00000000,0.00000000,93.35452881,0.00000000,0.00000000,0.00000000,0.00000000,0.00000000,0.00000000,57.90077015,37.43199871,47.52471209,0.00000000,0.00000000,10.03123966,9.49811199,0.00000000,28.26819925,14.93544944,59.96972235,0.00000000,0.00000000,0.00000000,0.00000000,17.36920868,11.09226125,32.20766543,31.01132094,0.00000000,0.00000000,0.00000000,0.00000000
0.00000000,0.00000000,0.00000000,0.00000000,0.00000000,0.00000000,0.00000000,0.00000000,0.00000000,0.00000000,0.00000000,0.00000000,0.00000000,0.00000000,0.00000000,0.00000000,0.00000000,0.00000000,0.00000000,0.00000000,0.00000000,0.00000000,0.00000000,0.00000000,0.00000000,0.00000000,0.00000000,0.00000000,0.00000000,0.00000000,0.00000000,0.00000000,0.00000000,0.00000000,0.00000000,0.00000000,0.00000000,0.00000000,0.00000000,0.00000000,0.00000000,0.00000000,50.21652699,0.00000000,0.00000000,0.00000000,0.00000000,0.00000000,0.00000000,0.00000000,0.00000000,0.00000000,0.00000000,0.00000000,0.00000000,0.00000000,0.00000000,0.00000000,0.00000000,0.00000000,0.00000000,0.00000000,0.00000000,0.00000000,0.00000000,0.00000000,0.00000000,82.83248043,26.30324760,37.68705237,0.00000000,0.00000000,18.24393938,15.44925908,28.26819925,0.00000000,50.39408358,0.00000000,0.00000000,0.00000000,0.00000000,0.00000000,11.34885400,38.97824180,43.11466623,34.38891506,0.00000000,0.00000000,0.00000000,0.00000000
0.00000000,0.00000000,0.00000000,0.00000000,0.00000000,0.00000000,0.00000000,0.00000000,0.00000000,0.00000000,0.00000000,0.00000000,0.00000000,0.00000000,0.00000000,0.00000000,0.00000000,0.00000000,0.00000000,0.00000000,0.00000000,0.00000000,0.00000000,0.00000000,0.00000000,0.00000000,0.00000000,0.00000000,0.00000000,0.00000000,0.00000000,0.00000000,0.00000000,0.00000000,0.00000000,0.00000000,0.00000000,0.00000000,0.00000000,0.00000000,0.00000000,0.00000000,12.31535343,49.09735552,54.59753381,61.63445833,84.93730152,54.64496549,77.12511105,85.59351131,88.20464325,63.54652646,0.00000000,79.60929616,83.59846321,63.57695847,73.54447117,90.74261005,85.31412951,0.00000000,81.79985883,89.95067501,86.34147797,0.00000000,0.00000000,0.00000000,0.00000000,32.81795333,45.33804855,69.47877312,0.00000000,0.00000000,40.49045059,32.54835988,14.93544944,50.39408358,0.00000000,46.39484262,0.00000000,0.00000000,0.00000000,90.46850014,43.79035570,28.37494348,32.56842575,35.53054349,0.00000000,0.00000000,0.00000000,0.00000000
0.00000000,0.00000000,0.00000000,0.00000000,0.00000000,0.00000000,0.00000000,0.00000000,0.00000000,0.00000000,0.00000000,0.00000000,0.00000000,0.00000000,0.00000000,0.00000000,0.00000000,0.00000000,0.00000000,0.00000000,0.00000000,0.00000000,0.00000000,0.00000000,0.00000000,0.00000000,0.00000000,0.00000000,0.00000000,0.00000000,0.00000000,0.00000000,0.00000000,0.00000000,0.00000000,0.00000000,0.00000000,0.00000000,0.00000000,0.00000000,0.00000000,0.00000000,57.74317270,80.91882706,81.60160758,72.38232295,88.90698099,16.16537943,0.00000000,90.36564151,91.14873335,61.38299899,0.00000000,73.17557017,89.31861538,62.61787796,81.51184159,93.85176849,90.85065587,0.00000000,86.10702311,93.50258586,0.00000000,78.51529884,0.00000000,0.00000000,0.00000000,11.82821141,62.90857188,70.85207675,96.96460342,0.00000000,69.00307750,0.00000000,59.96972235,0.00000000,46.39484262,0.00000000,0.00000000,0.00000000,0.00000000,91.74209785,73.91148080,47.53672785,43.81851897,62.92870767,0.00000000,0.00000000,0.00000000,0.00000000
0.00000000,0.00000000,0.00000000,0.00000000,0.00000000,0.00000000,0.00000000,0.00000000,0.00000000,0.00000000,0.00000000,0.00000000,0.00000000,0.00000000,0.00000000,0.00000000,0.00000000,0.00000000,0.00000000,0.00000000,0.00000000,0.00000000,0.00000000,0.00000000,0.00000000,0.00000000,0.00000000,0.00000000,0.00000000,0.00000000,0.00000000,0.00000000,86.81932746,0.00000000,0.00000000,0.00000000,0.00000000,94.13075256,84.26283587,0.00000000,96.47993863,0.00000000,0.00000000,0.00000000,0.00000000,0.00000000,0.00000000,0.00000000,0.00000000,0.00000000,0.00000000,0.00000000,0.00000000,0.00000000,0.00000000,0.00000000,0.00000000,0.00000000,0.00000000,0.00000000,0.00000000,0.00000000,0.00000000,0.00000000,0.00000000,0.00000000,0.00000000,0.00000000,66.73841426,73.56824493,64.79100062,0.00000000,0.00000000,0.00000000,0.00000000,0.00000000,0.00000000,0.00000000,0.00000000,17.15829670,38.77899144,0.00000000,0.00000000,0.00000000,0.00000000,0.00000000,19.95519774,68.44307213,26.64936778,60.49669266
0.00000000,0.00000000,0.00000000,0.00000000,0.00000000,0.00000000,0.00000000,0.00000000,0.00000000,0.00000000,0.00000000,0.00000000,0.00000000,0.00000000,0.00000000,0.00000000,0.00000000,0.00000000,0.00000000,0.00000000,0.00000000,0.00000000,0.00000000,0.00000000,0.00000000,0.00000000,0.00000000,0.00000000,0.00000000,0.00000000,0.00000000,0.00000000,0.00000000,0.00000000,0.00000000,0.00000000,0.00000000,0.00000000,83.37678610,0.00000000,96.48341726,0.00000000,0.00000000,0.00000000,0.00000000,0.00000000,0.00000000,0.00000000,0.00000000,0.00000000,0.00000000,0.00000000,0.00000000,0.00000000,0.00000000,0.00000000,0.00000000,0.00000000,0.00000000,0.00000000,0.00000000,0.00000000,0.00000000,0.00000000,0.00000000,0.00000000,0.00000000,0.00000000,61.90598209,0.00000000,65.38754070,0.00000000,0.00000000,0.00000000,0.00000000,0.00000000,0.00000000,0.00000000,17.15829670,0.00000000,32.93725077,0.00000000,0.00000000,0.00000000,0.00000000,0.00000000,15.28632857,56.53671237,0.00000000,67.08507113
0.00000000,0.00000000,0.00000000,0.00000000,0.00000000,0.00000000,0.00000000,0.00000000,0.00000000,0.00000000,0.00000000,0.00000000,0.00000000,0.00000000,0.00000000,0.00000000,0.00000000,0.00000000,0.00000000,0.00000000,0.00000000,0.00000000,0.00000000,0.00000000,95.90344574,0.00000000,0.00000000,0.00000000,0.00000000,0.00000000,0.00000000,0.00000000,0.00000000,0.00000000,92.00661469,0.00000000,0.00000000,88.95488281,82.41031377,0.00000000,95.32529144,97.28038597,0.00000000,0.00000000,0.00000000,0.00000000,0.00000000,0.00000000,0.00000000,0.00000000,0.00000000,0.00000000,0.00000000,0.00000000,0.00000000,0.00000000,0.00000000,0.00000000,0.00000000,0.00000000,0.00000000,0.00000000,0.00000000,0.00000000,0.00000000,0.00000000,0.00000000,0.00000000,65.50409300,0.00000000,69.11900224,0.00000000,0.00000000,0.00000000,0.00000000,0.00000000,0.00000000,0.00000000,38.77899144,32.93725077,0.00000000,0.00000000,0.00000000,0.00000000,0.00000000,0.00000000,53.69747166,76.78431442,32.53268687,61.55969560
0.00000000,0.00000000,0.00000000,0.00000000,0.00000000,0.00000000,0.00000000,0.00000000,0.00000000,0.00000000,0.00000000,0.00000000,95.43390137,0.00000000,0.00000000,0.00000000,0.00000000,0.00000000,0.00000000,0.00000000,0.00000000,0.00000000,0.00000000,0.00000000,0.00000000,0.00000000,0.00000000,0.00000000,0.00000000,0.00000000,0.00000000,0.00000000,0.00000000,0.00000000,0.00000000,72.25265958,0.00000000,0.00000000,0.00000000,0.00000000,0.00000000,0.00000000,83.87946980,79.92458064,76.30050387,0.00000000,0.00000000,80.00147438,0.00000000,0.00000000,80.15914567,74.50678755,0.00000000,54.92992565,76.96713765,46.96753149,67.95086071,78.37826817,69.22981763,27.21880056,60.04813743,43.83753245,13.68006468,90.62151189,0.00000000,75.46035894,0.00000000,85.93205600,0.00000000,89.23274666,0.00000000,0.00000000,0.00000000,0.00000000,0.00000000,0.00000000,90.46850014,91.74209785,0.00000000,0.00000000,0.00000000,0.00000000,0.00000000,0.00000000,0.00000000,96.35085042,0.00000000,0.00000000,0.00000000,0.00000000
0.00000000,0.00000000,0.00000000,0.00000000,0.00000000,0.00000000,0.00000000,0.00000000,0.00000000,0.00000000,0.00000000,0.00000000,0.00000000,0.00000000,0.00000000,0.00000000,0.00000000,0.00000000,0.00000000,0.00000000,0.00000000,0.00000000,0.00000000,0.00000000,0.00000000,0.00000000,0.00000000,0.00000000,0.00000000,0.00000000,0.00000000,0.00000000,0.00000000,0.00000000,0.00000000,0.00000000,0.00000000,0.00000000,0.00000000,0.00000000,0.00000000,0.00000000,55.28001543,0.00000000,93.48921299,92.51066116,0.00000000,88.79491425,0.00000000,0.00000000,0.00000000,93.80642446,0.00000000,0.00000000,0.00000000,85.94914900,0.00000000,0.00000000,0.00000000,0.00000000,0.00000000,0.00000000,0.00000000,0.00000000,0.00000000,0.00000000,0.00000000,77.14023922,30.25574805,40.42759314,0.00000000,0.00000000,10.97925976,24.33770009,17.36920868,11.34885400,43.79035570,73.91148080,0.00000000,0.00000000,0.00000000,0.00000000,0.00000000,12.57817980,18.28717584,26.61755850,0.00000000,0.00000000,0.00000000,0.00000000
0.00000000,0.00000000,0.00000000,0.00000000,0.00000000,0.00000000,0.00000000,0.00000000,0.00000000,0.00000000,0.00000000,0.00000000,0.00000000,0.00000000,0.00000000,0.00000000,0.00000000,0.00000000,0.00000000,0.00000000,0.00000000,0.00000000,0.00000000,0.00000000,0.00000000,0.00000000,0.00000000,0.00000000,0.00000000,0.00000000,0.00000000,0.00000000,0.00000000,0.00000000,0.00000000,0.00000000,0.00000000,0.00000000,0.00000000,0.00000000,0.00000000,0.00000000,50.71626125,88.64592896,92.36574312,87.59197187,0.00000000,79.84767914,93.94061788,0.00000000,0.00000000,89.78107013,0.00000000,92.48892406,0.00000000,79.28464050,94.69356857,0.00000000,0.00000000,0.00000000,94.87432480,0.00000000,0.00000000,73.97009468,0.00000000,0.00000000,0.00000000,61.30116221,32.26879580,40.97813510,0.00000000,0.00000000,12.71672846,31.42864216,11.09226125,38.97824180,28.37494348,47.53672785,0.00000000,0.00000000,0.00000000,0.00000000,12.57817980,0.00000000,7.83881096,18.08492800,0.00000000,0.00000000,0.00000000,0.00000000
0.00000000,0.00000000,0.00000000,0.00000000,0.00000000,0.00000000,0.00000000,0.00000000,0.00000000,0.00000000,0.00000000,0.00000000,0.00000000,0.00000000,0.00000000,0.00000000,0.00000000,0.00000000,0.00000000,0.00000000,0.00000000,0.00000000,0.00000000,0.00000000,0.00000000,0.00000000,0.00000000,0.00000000,0.00000000,0.00000000,0.00000000,0.00000000,0.00000000,0.00000000,0.00000000,0.00000000,0.00000000,0.00000000,0.00000000,0.00000000,0.00000000,0.00000000,55.69372041,87.05643845,92.47701263,87.10466851,0.00000000,80.92139875,0.00000000,0.00000000,0.00000000,89.11288834,0.00000000,0.00000000,0.00000000,73.81047344,93.21379979,0.00000000,0.00000000,0.00000000,93.32504038,0.00000000,0.00000000,67.35878103,0.00000000,0.00000000,0.00000000,66.35981496,31.29969692,34.30304275,0.00000000,0.00000000,37.39148622,32.67025185,32.20766543,43.11466623,32.56842575,43.81851897,0.00000000,0.00000000,0.00000000,0.00000000,18.28717584,7.83881096,0.00000000,12.32886661,0.00000000,0.00000000,0.00000000,0.00000000
0.00000000,0.00000000,0.00000000,0.00000000,0.00000000,0.00000000,0.00000000,0.00000000,0.00000000,0.00000000,0.00000000,0.00000000,0.00000000,0.00000000,0.00000000,0.00000000,0.00000000,0.00000000,0.00000000,0.00000000,0.00000000,0.00000000,0.00000000,0.00000000,0.00000000,0.00000000,0.00000000,0.00000000,0.00000000,0.00000000,0.00000000,0.00000000,0.00000000,0.00000000,0.00000000,0.00000000,0.00000000,0.00000000,0.00000000,0.00000000,0.00000000,0.00000000,54.00634956,93.66241789,93.90486076,88.33411121,98.16942003,88.58659918,94.14275360,0.00000000,0.00000000,90.73441661,0.00000000,91.25552622,97.78734898,79.47177209,95.06487598,0.00000000,97.92528328,0.00000000,96.65633477,99.13284683,0.00000000,41.19811795,0.00000000,0.00000000,0.00000000,75.16347192,21.05322249,20.18888863,0.00000000,0.00000000,35.64341636,29.47773205,31.01132094,34.38891506,35.53054349,62.92870767,0.00000000,0.00000000,0.00000000,96.35085042,26.61755850,18.08492800,12.32886661,0.00000000,0.00000000,0.00000000,0.00000000,0.00000000
0.00000000,0.00000000,0.00000000,0.00000000,0.00000000,0.00000000,0.00000000,0.00000000,0.00000000,0.00000000,0.00000000,0.00000000,0.00000000,0.00000000,0.00000000,0.00000000,0.00000000,0.00000000,0.00000000,0.00000000,0.00000000,0.00000000,0.00000000,0.00000000,0.00000000,0.00000000,0.00000000,0.00000000,0.00000000,0.00000000,0.00000000,0.00000000,0.00000000,0.00000000,0.00000000,0.00000000,0.00000000,0.00000000,0.00000000,0.00000000,0.00000000,0.00000000,0.00000000,0.00000000,0.00000000,0.00000000,0.00000000,0.00000000,0.00000000,0.00000000,0.00000000,0.00000000,0.00000000,0.00000000,0.00000000,0.00000000,0.00000000,0.00000000,0.00000000,0.00000000,0.00000000,0.00000000,0.00000000,0.00000000,0.00000000,0.00000000,0.00000000,0.00000000,53.09580823,62.02845891,54.44551856,0.00000000,0.00000000,0.00000000,0.00000000,0.00000000,0.00000000,0.00000000,19.95519774,15.28632857,53.69747166,0.00000000,0.00000000,0.00000000,0.00000000,0.00000000,0.00000000,60.50649634,44.89864922,58.63635788
0.00000000,0.00000000,0.00000000,0.00000000,0.00000000,0.00000000,0.00000000,0.00000000,0.00000000,0.00000000,0.00000000,0.00000000,0.00000000,0.00000000,0.00000000,0.00000000,0.00000000,0.00000000,0.00000000,0.00000000,0.00000000,0.00000000,0.00000000,0.00000000,0.00000000,0.00000000,0.00000000,0.00000000,0.00000000,0.00000000,0.00000000,0.00000000,0.00000000,0.00000000,0.00000000,0.00000000,0.00000000,0.00000000,0.00000000,0.00000000,0.00000000,93.45429039,0.00000000,0.00000000,0.00000000,0.00000000,0.00000000,0.00000000,0.00000000,0.00000000,0.00000000,0.00000000,0.00000000,0.00000000,0.00000000,0.00000000,0.00000000,0.00000000,0.00000000,0.00000000,0.00000000,0.00000000,0.00000000,0.00000000,77.42941920,0.00000000,0.00000000,0.00000000,54.38156438,0.00000000,48.36569394,89.02649138,0.00000000,0.00000000,0.00000000,0.00000000,0.00000000,0.00000000,68.44307213,56.53671237,76.78431442,0.00000000,0.00000000,0.00000000,0.00000000,0.00000000,60.50649634,0.00000000,0.00000000,0.00000000
0.00000000,0.00000000,0.00000000,0.00000000,0.00000000,0.00000000,0.00000000,0.00000000,0.00000000,0.00000000,0.00000000,0.00000000,0.00000000,0.00000000,0.00000000,0.00000000,0.00000000,0.00000000,0.00000000,0.00000000,0.00000000,0.00000000,0.00000000,0.00000000,0.00000000,0.00000000,73.31148624,0.00000000,0.00000000,0.00000000,0.00000000,0.00000000,81.78303741,0.00000000,0.00000000,0.00000000,0.00000000,82.10374347,69.04037917,0.00000000,90.29537671,0.00000000,0.00000000,0.00000000,0.00000000,0.00000000,0.00000000,0.00000000,0.00000000,0.00000000,0.00000000,0.00000000,0.00000000,0.00000000,0.00000000,0.00000000,0.00000000,0.00000000,0.00000000,0.00000000,0.00000000,0.00000000,0.00000000,0.00000000,0.00000000,0.00000000,0.00000000,0.00000000,0.00000000,0.00000000,0.00000000,0.00000000,0.00000000,0.00000000,0.00000000,0.00000000,0.00000000,0.00000000,26.64936778,0.00000000,32.53268687,0.00000000,0.00000000,0.00000000,0.00000000,0.00000000,44.89864922,0.00000000,0.00000000,27.54701379
0.00000000,0.00000000,0.00000000,0.00000000,0.00000000,0.00000000,0.00000000,0.00000000,0.00000000,0.00000000,0.00000000,0.00000000,0.00000000,0.00000000,0.00000000,0.00000000,0.00000000,0.00000000,0.00000000,0.00000000,0.00000000,0.00000000,0.00000000,0.00000000,92.66028226,0.00000000,0.00000000,0.00000000,0.00000000,0.00000000,0.00000000,0.00000000,92.52954784,0.00000000,89.06357276,0.00000000,0.00000000,91.98705255,70.96019973,0.00000000,92.05358315,94.74909447,0.00000000,0.00000000,0.00000000,0.00000000,0.00000000,0.00000000,0.00000000,0.00000000,0.00000000,0.00000000,0.00000000,0.00000000,0.00000000,0.00000000,0.00000000,0.00000000,0.00000000,0.00000000,0.00000000,0.00000000,0.00000000,0.00000000,0.00000000,0.00000000,0.00000000,0.00000000,72.25389338,0.00000000,0.00000000,0.00000000,0.00000000,0.00000000,0.00000000,0.00000000,0.00000000,0.00000000,60.49669266,67.08507113,61.55969560,0.00000000,0.00000000,0.00000000,0.00000000,0.00000000,58.63635788,0.00000000,27.54701379,0.00000000
