Resolution,Node_Index,Is_Core
614,0,0
614,1,0
614,2,0
614,3,0
614,4,0
614,5,1
614,6,0
614,7,1
614,8,0
614,9,0
614,10,0
614,11,0
614,12,0
614,13,0
614,14,1
614,15,1
614,16,0
614,17,0
614,18,0
614,19,0
614,20,0
614,21,1
614,22,1
614,23,0
614,24,0
614,25,1
614,26,1
614,27,1
614,28,0
614,29,1
614,30,0
614,31,0
614,32,0
614,33,1
614,34,0
614,35,1
614,36,0
614,37,0
614,38,1
614,39,0
614,40,0
614,41,0
614,42,0
614,43,0
614,44,0
614,45,0
614,46,0
614,47,0
614,48,0
614,49,0
614,50,0
614,51,0
614,52,0
614,53,0
614,54,0
614,55,0
614,56,0
614,57,0
614,58,0
614,59,0
614,60,0
614,61,0
614,62,0
614,63,0
614,64,0
614,65,0
614,66,0
614,67,0
614,68,0
614,69,0
614,70,0
614,71,0
614,72,0
614,73,0
614,74,0
614,75,0
614,76,1
614,77,0
614,78,0
614,79,0
614,80,0
614,81,1
614,82,0
614,83,0
614,84,1
614,85,0
614,86,0
614,87,1
614,88,0
614,89,0
614,90,0
614,91,0
614,92,0
614,93,0
614,94,1
614,95,0
614,96,0
614,97,0
614,98,0
614,99,0
614,100,0
614,101,0
614,102,0
614,103,0
614,104,0
614,105,0
614,106,0
614,107,0
614,108,0
614,109,0
614,110,0
614,111,0
614,112,0
614,113,0
614,114,0
614,115,0
614,116,0
614,117,0
614,118,0
614,119,0
614,120,0
614,121,0
614,122,0
614,123,0
614,124,0
614,125,0
614,126,0
614,127,0
614,128,0
614,129,1
614,130,0
614,131,0
614,132,0
614,133,0
614,134,0
614,135,0
614,136,0
614,137,0
614,138,0
614,139,0
614,140,0
614,141,0
614,142,0
614,143,0
614,144,0
614,145,0
614,146,0
614,147,0
614,148,0
614,149,0
614,150,0
614,151,0
614,152,0
614,153,0
614,154,1
614,155,0
614,156,0
614,157,0
614,158,0
614,159,0
614,160,0
614,161,0
614,162,0
614,163,0
614,164,0
614,165,0
614,166,0
614,167,0
614,168,0
614,169,0
614,170,0
614,171,0
614,172,1
614,173,0
614,174,0
614,175,0
614,176,0
614,177,0
614,178,1
614,179,0
614,180,0
614,181,1
614,182,1
614,183,0
614,184,0
614,185,0
614,186,1
614,187,0
614,188,0
614,189,0
614,190,0
614,191,0
614,192,0
614,193,0
614,194,0
614,195,0
614,196,0
614,197,0
614,198,0
614,199,0
614,200,0
614,201,0
614,202,0
614,203,0
614,204,1
614,205,1
614,206,0
614,207,0
614,208,0
614,209,1
614,210,0
614,211,0
614,212,1
614,213,0
614,214,0
614,215,0
614,216,0
614,217,0
614,218,0
614,219,0
614,220,0
614,221,0
614,222,0
614,223,0
614,224,1
614,225,0
614,226,1
614,227,0
614,228,1
614,229,0
614,230,0
614,231,0
614,232,0
614,233,0
614,234,0
614,235,0
614,236,0
614,237,0
614,238,0
614,239,0
614,240,0
614,241,0
614,242,0
614,243,0
614,244,0
614,245,0
614,246,0
614,247,0
614,248,0
614,249,0
614,250,0
614,251,0
614,252,0
614,253,0
614,254,0
614,255,0
614,256,1
614,257,0
614,258,0
614,259,1
614,260,0
614,261,0
614,262,0
614,263,1
614,264,1
614,265,0
614,266,1
614,267,0
614,268,0
614,269,0
614,270,0
614,271,1
614,272,0
614,273,0
614,274,0
614,275,0
614,276,0
614,277,0
614,278,0
614,279,0
614,280,0
614,281,0
614,282,0
614,283,0
614,284,0
614,285,0
614,286,0
614,287,0
614,288,0
614,289,0
614,290,0
614,291,0
614,292,0
614,293,0
614,294,0
614,295,0
614,296,0
614,297,0
614,298,0
614,299,0
614,300,1
614,301,0
614,302,0
614,303,1
614,304,1
614,305,0
614,306,0
614,307,0
614,308,1
614,309,0
614,310,0
614,311,1
614,312,0
614,313,1
614,314,0
614,315,0
614,316,1
614,317,0
614,318,0
614,319,0
614,320,0
614,321,0
614,322,0
614,323,1
614,324,1
614,325,0
614,326,1
614,327,1
614,328,1
614,329,0
614,330,0
614,331,1
614,332,1
614,333,1
614,334,0
614,335,0
614,336,0
614,337,1
614,338,0
614,339,1
614,340,0
614,341,0
614,342,0
614,343,0
614,344,0
614,345,0
614,346,0
614,347,0
614,348,0
614,349,0
614,350,0
614,351,0
614,352,0
614,353,0
614,354,0
614,355,0
614,356,0
614,357,0
614,358,0
614,359,0
614,360,0
614,361,1
614,362,0
614,363,0
614,364,0
614,365,0
614,366,0
614,367,0
614,368,0
614,369,0
614,370,0
614,371,0
614,372,0
614,373,0
614,374,1
614,375,0
614,376,0
614,377,0
614,378,0
614,379,0
614,380,0
614,381,0
614,382,0
614,383,0
614,384,0
614,385,0
614,386,0
614,387,0
614,388,0
614,389,0
614,390,0
614,391,0
614,392,0
614,393,0
614,394,1
614,395,0
614,396,0
614,397,0
614,398,0
614,399,0
614,400,0
614,401,1
614,402,0
614,403,0
614,404,0
614,405,0
614,406,0
614,407,0
614,408,0
614,409,0
614,410,0
614,411,0
614,412,0
614,413,0
614,414,0
614,415,0
614,416,0
614,417,0
614,418,0
614,419,0
614,420,0
614,421,0
614,422,0
614,423,0
614,424,0
614,425,0
614,426,0
614,427,0
614,428,0
614,429,0
614,430,0
614,431,0
614,432,0
614,433,0
614,434,0
614,435,0
614,436,0
614,437,0
614,438,0
614,439,0
614,440,0
614,441,0
614,442,0
614,443,0
614,444,0
614,445,0
614,446,0
614,447,0
614,448,0
614,449,0
614,450,0
614,451,0
614,452,0
614,453,1
614,454,0
614,455,0
614,456,0
614,457,0
614,458,0
614,459,0
614,460,0
614,461,0
614,462,0
614,463,0
614,464,0
614,465,0
614,466,0
614,467,0
614,468,0
614,469,0
614,470,0
614,471,0
614,472,0
614,473,0
614,474,1
614,475,0
614,476,0
614,477,0
614,478,0
614,479,0
614,480,0
614,481,0
614,482,0
614,483,0
614,484,0
614,485,1
614,486,0
614,487,1
614,488,1
614,489,0
614,490,0
614,491,1
614,492,1
614,493,0
614,494,0
614,495,0
614,496,0
614,497,0
614,498,0
614,499,0
614,500,0
614,501,0
614,502,0
614,503,0
614,504,0
614,505,0
614,506,1
614,507,0
614,508,0
614,509,1
614,510,1
614,511,0
614,512,1
614,513,0
614,514,0
614,515,1
614,516,0
614,517,0
614,518,1
614,519,0
614,520,0
614,521,0
614,522,0
614,523,0
614,524,0
614,525,0
614,526,0
614,527,0
614,528,1
614,529,0
614,530,0
614,531,0
614,532,0
614,533,1
614,534,0
614,535,0
614,536,0
614,537,0
614,538,0
614,539,0
614,540,0
614,541,0
614,542,0
614,543,0
614,544,0
614,545,0
614,546,0
614,547,0
614,548,0
614,549,0
614,550,1
614,551,1
614,552,0
614,553,1
614,554,0
614,555,1
614,556,0
614,557,0
614,558,0
614,559,0
614,560,0
614,561,0
614,562,1
614,563,0
614,564,0
614,565,0
614,566,1
614,567,0
614,568,1
614,569,0
614,570,0
614,571,0
614,572,1
614,573,0
614,574,0
614,575,0
614,576,0
614,577,0
614,578,0
614,579,0
614,580,0
614,581,0
614,582,0
614,583,0
614,584,0
614,585,0
614,586,0
614,587,0
614,588,0
614,589,0
614,590,0
614,591,0
614,592,0
614,593,0
614,594,0
614,595,0
614,596,0
614,597,0
614,598,0
614,599,0
614,600,0
614,601,0
614,602,1
614,603,1
614,604,1
614,605,1
614,606,1
614,607,0
614,608,0
614,609,1
614,610,1
614,611,1
614,612,1
614,613,1
714,0,0
714,1,0
714,2,0
714,3,0
714,4,0
714,5,0
714,6,1
714,7,0
714,8,0
714,9,0
714,10,0
714,11,1
714,12,0
714,13,1
714,14,0
714,15,0
714,16,0
714,17,0
714,18,0
714,19,0
714,20,0
714,21,1
714,22,0
714,23,0
714,24,1
714,25,1
714,26,0
714,27,0
714,28,0
714,29,0
714,30,1
714,31,0
714,32,1
714,33,1
714,34,0
714,35,0
714,36,0
714,37,1
714,38,0
714,39,1
714,40,0
714,41,0
714,42,1
714,43,0
714,44,0
714,45,1
714,46,0
714,47,0
714,48,1
714,49,1
714,50,0
714,51,0
714,52,1
714,53,0
714,54,0
714,55,0
714,56,0
714,57,0
714,58,0
714,59,0
714,60,0
714,61,0
714,62,0
714,63,0
714,64,0
714,65,0
714,66,0
714,67,0
714,68,0
714,69,0
714,70,0
714,71,0
714,72,0
714,73,0
714,74,0
714,75,0
714,76,0
714,77,0
714,78,0
714,79,0
714,80,0
714,81,0
714,82,0
714,83,0
714,84,0
714,85,0
714,86,0
714,87,0
714,88,0
714,89,0
714,90,0
714,91,0
714,92,1
714,93,0
714,94,0
714,95,0
714,96,0
714,97,0
714,98,0
714,99,1
714,100,0
714,101,0
714,102,0
714,103,0
714,104,1
714,105,0
714,106,0
714,107,0
714,108,0
714,109,0
714,110,0
714,111,0
714,112,0
714,113,0
714,114,1
714,115,0
714,116,0
714,117,0
714,118,0
714,119,0
714,120,0
714,121,0
714,122,0
714,123,0
714,124,1
714,125,0
714,126,0
714,127,0
714,128,0
714,129,0
714,130,0
714,131,0
714,132,0
714,133,0
714,134,0
714,135,0
714,136,0
714,137,0
714,138,0
714,139,0
714,140,0
714,141,0
714,142,0
714,143,0
714,144,0
714,145,0
714,146,0
714,147,0
714,148,0
714,149,0
714,150,0
714,151,0
714,152,0
714,153,0
714,154,0
714,155,0
714,156,1
714,157,0
714,158,0
714,159,0
714,160,1
714,161,0
714,162,0
714,163,0
714,164,0
714,165,0
714,166,0
714,167,0
714,168,0
714,169,0
714,170,0
714,171,0
714,172,0
714,173,1
714,174,0
714,175,1
714,176,0
714,177,0
714,178,0
714,179,0
714,180,0
714,181,0
714,182,0
714,183,0
714,184,1
714,185,0
714,186,0
714,187,0
714,188,0
714,189,0
714,190,0
714,191,0
714,192,0
714,193,0
714,194,0
714,195,0
714,196,0
714,197,0
714,198,0
714,199,0
714,200,0
714,201,0
714,202,0
714,203,0
714,204,1
714,205,0
714,206,0
714,207,1
714,208,0
714,209,1
714,210,1
714,211,0
714,212,1
714,213,0
714,214,1
714,215,0
714,216,0
714,217,0
714,218,0
714,219,1
714,220,0
714,221,0
714,222,0
714,223,0
714,224,0
714,225,0
714,226,0
714,227,0
714,228,0
714,229,0
714,230,0
714,231,0
714,232,0
714,233,0
714,234,0
714,235,0
714,236,0
714,237,0
714,238,0
714,239,0
714,240,0
714,241,1
714,242,0
714,243,0
714,244,0
714,245,0
714,246,0
714,247,0
714,248,0
714,249,0
714,250,0
714,251,0
714,252,0
714,253,0
714,254,0
714,255,0
714,256,0
714,257,0
714,258,0
714,259,0
714,260,0
714,261,0
714,262,1
714,263,1
714,264,0
714,265,0
714,266,1
714,267,0
714,268,0
714,269,0
714,270,0
714,271,0
714,272,0
714,273,0
714,274,0
714,275,0
714,276,0
714,277,0
714,278,0
714,279,0
714,280,0
714,281,0
714,282,0
714,283,0
714,284,0
714,285,0
714,286,0
714,287,0
714,288,0
714,289,0
714,290,0
714,291,0
714,292,0
714,293,0
714,294,0
714,295,1
714,296,1
714,297,0
714,298,0
714,299,0
714,300,0
714,301,1
714,302,1
714,303,0
714,304,1
714,305,0
714,306,0
714,307,0
714,308,0
714,309,1
714,310,1
714,311,1
714,312,0
714,313,0
714,314,0
714,315,0
714,316,0
714,317,0
714,318,0
714,319,1
714,320,0
714,321,0
714,322,0
714,323,0
714,324,0
714,325,0
714,326,0
714,327,0
714,328,0
714,329,0
714,330,0
714,331,0
714,332,0
714,333,0
714,334,0
714,335,0
714,336,0
714,337,0
714,338,0
714,339,0
714,340,0
714,341,0
714,342,0
714,343,0
714,344,0
714,345,0
714,346,0
714,347,0
714,348,0
714,349,0
714,350,0
714,351,0
714,352,0
714,353,0
714,354,0
714,355,0
714,356,0
714,357,0
714,358,1
714,359,1
714,360,1
714,361,0
714,362,0
714,363,1
714,364,0
714,365,0
714,366,0
714,367,0
714,368,0
714,369,1
714,370,0
714,371,1
714,372,0
714,373,0
714,374,0
714,375,1
714,376,0
714,377,0
714,378,0
714,379,0
714,380,0
714,381,0
714,382,0
714,383,1
714,384,1
714,385,0
714,386,1
714,387,0
714,388,0
714,389,1
714,390,1
714,391,0
714,392,0
714,393,0
714,394,1
714,395,0
714,396,1
714,397,1
714,398,0
714,399,1
714,400,0
714,401,0
714,402,0
714,403,0
714,404,1
714,405,1
714,406,1
714,407,1
714,408,0
714,409,0
714,410,0
714,411,0
714,412,0
714,413,0
714,414,0
714,415,0
714,416,0
714,417,1
714,418,0
714,419,0
714,420,0
714,421,0
714,422,0
714,423,0
714,424,0
714,425,0
714,426,0
714,427,0
714,428,0
714,429,0
714,430,0
714,431,0
714,432,0
714,433,0
714,434,0
714,435,0
714,436,0
714,437,0
714,438,0
714,439,0
714,440,0
714,441,0
714,442,0
714,443,0
714,444,0
714,445,0
714,446,0
714,447,0
714,448,1
714,449,0
714,450,0
714,451,0
714,452,0
714,453,0
714,454,0
714,455,0
714,456,0
714,457,0
714,458,0
714,459,1
714,460,0
714,461,1
714,462,0
714,463,0
714,464,0
714,465,0
714,466,0
714,467,0
714,468,0
714,469,0
714,470,0
714,471,0
714,472,0
714,473,0
714,474,0
714,475,0
714,476,0
714,477,0
714,478,0
714,479,0
714,480,0
714,481,0
714,482,0
714,483,0
714,484,0
714,485,0
714,486,0
714,487,0
714,488,0
714,489,0
714,490,0
714,491,0
714,492,0
714,493,0
714,494,0
714,495,0
714,496,0
714,497,0
714,498,0
714,499,0
714,500,0
714,501,0
714,502,0
714,503,0
714,504,0
714,505,0
714,506,0
714,507,0
714,508,0
714,509,0
714,510,0
714,511,0
714,512,0
714,513,0
714,514,0
714,515,0
714,516,0
714,517,0
714,518,0
714,519,0
714,520,0
714,521,0
714,522,0
714,523,0
714,524,0
714,525,0
714,526,0
714,527,0
714,528,0
714,529,0
714,530,0
714,531,0
714,532,0
714,533,0
714,534,0
714,535,0
714,536,0
714,537,0
714,538,1
714,539,0
714,540,0
714,541,0
714,542,1
714,543,0
714,544,0
714,545,0
714,546,0
714,547,0
714,548,0
714,549,0
714,550,1
714,551,1
714,552,0
714,553,0
714,554,0
714,555,0
714,556,0
714,557,1
714,558,0
714,559,0
714,560,0
714,561,0
714,562,0
714,563,1
714,564,0
714,565,0
714,566,0
714,567,0
714,568,0
714,569,0
714,570,1
714,571,0
714,572,1
714,573,1
714,574,0
714,575,0
714,576,0
714,577,0
714,578,0
714,579,0
714,580,1
714,581,0
714,582,0
714,583,0
714,584,0
714,585,0
714,586,0
714,587,0
714,588,0
714,589,0
714,590,0
714,591,0
714,592,0
714,593,0
714,594,0
714,595,0
714,596,0
714,597,0
714,598,0
714,599,0
714,600,0
714,601,0
714,602,1
714,603,1
714,604,0
714,605,1
714,606,0
714,607,1
714,608,0
714,609,0
714,610,0
714,611,1
714,612,0
714,613,0
714,614,0
714,615,0
714,616,0
714,617,0
714,618,0
714,619,0
714,620,0
714,621,0
714,622,1
714,623,0
714,624,0
714,625,0
714,626,0
714,627,0
714,628,0
714,629,0
714,630,0
714,631,0
714,632,1
714,633,0
714,634,0
714,635,0
714,636,1
714,637,0
714,638,0
714,639,0
714,640,0
714,641,0
714,642,0
714,643,0
714,644,0
714,645,0
714,646,0
714,647,1
714,648,1
714,649,1
714,650,1
714,651,0
714,652,0
714,653,0
714,654,0
714,655,0
714,656,0
714,657,1
714,658,0
714,659,0
714,660,1
714,661,0
714,662,1
714,663,0
714,664,0
714,665,1
714,666,0
714,667,0
714,668,1
714,669,0
714,670,0
714,671,0
714,672,0
714,673,0
714,674,0
714,675,0
714,676,0
714,677,0
714,678,0
714,679,0
714,680,0
714,681,0
714,682,0
714,683,0
714,684,0
714,685,0
714,686,0
714,687,0
714,688,0
714,689,0
714,690,0
714,691,0
714,692,0
714,693,0
714,694,0
714,695,0
714,696,0
714,697,0
714,698,0
714,699,0
714,700,0
714,701,0
714,702,1
714,703,1
714,704,1
714,705,1
714,706,1
714,707,0
714,708,0
714,709,1
714,710,1
714,711,1
714,712,1
714,713,1
814,0,0
814,1,0
814,2,0
814,3,0
814,4,0
814,5,0
814,6,0
814,7,0
814,8,1
814,9,0
814,10,0
814,11,1
814,12,0
814,13,0
814,14,0
814,15,0
814,16,1
814,17,0
814,18,0
814,19,0
814,20,0
814,21,1
814,22,0
814,23,0
814,24,0
814,25,0
814,26,1
814,27,0
814,28,1
814,29,1
814,30,0
814,31,0
814,32,0
814,33,0
814,34,0
814,35,0
814,36,1
814,37,0
814,38,1
814,39,0
814,40,0
814,41,0
814,42,1
814,43,1
814,44,0
814,45,0
814,46,0
814,47,1
814,48,1
814,49,0
814,50,0
814,51,1
814,52,0
814,53,1
814,54,0
814,55,0
814,56,0
814,57,1
814,58,0
814,59,1
814,60,0
814,61,0
814,62,0
814,63,0
814,64,1
814,65,0
814,66,0
814,67,0
814,68,0
814,69,0
814,70,0
814,71,0
814,72,0
814,73,0
814,74,0
814,75,0
814,76,0
814,77,0
814,78,0
814,79,0
814,80,0
814,81,0
814,82,0
814,83,0
814,84,0
814,85,0
814,86,0
814,87,0
814,88,0
814,89,0
814,90,0
814,91,0
814,92,0
814,93,0
814,94,0
814,95,0
814,96,0
814,97,0
814,98,0
814,99,0
814,100,0
814,101,0
814,102,0
814,103,0
814,104,0
814,105,1
814,106,1
814,107,0
814,108,0
814,109,1
814,110,0
814,111,0
814,112,0
814,113,0
814,114,0
814,115,0
814,116,0
814,117,0
814,118,1
814,119,0
814,120,0
814,121,0
814,122,0
814,123,0
814,124,0
814,125,0
814,126,0
814,127,0
814,128,0
814,129,0
814,130,1
814,131,0
814,132,0
814,133,0
814,134,0
814,135,0
814,136,0
814,137,0
814,138,0
814,139,0
814,140,0
814,141,0
814,142,1
814,143,0
814,144,0
814,145,0
814,146,0
814,147,0
814,148,0
814,149,0
814,150,0
814,151,0
814,152,0
814,153,0
814,154,0
814,155,0
814,156,0
814,157,0
814,158,0
814,159,0
814,160,0
814,161,0
814,162,0
814,163,0
814,164,0
814,165,0
814,166,0
814,167,0
814,168,0
814,169,0
814,170,0
814,171,0
814,172,0
814,173,0
814,174,0
814,175,0
814,176,0
814,177,0
814,178,0
814,179,0
814,180,0
814,181,0
814,182,0
814,183,0
814,184,0
814,185,1
814,186,0
814,187,0
814,188,0
814,189,0
814,190,0
814,191,0
814,192,0
814,193,0
814,194,0
814,195,0
814,196,0
814,197,0
814,198,0
814,199,0
814,200,0
814,201,1
814,202,1
814,203,0
814,204,0
814,205,0
814,206,0
814,207,0
814,208,0
814,209,0
814,210,1
814,211,0
814,212,0
814,213,0
814,214,0
814,215,0
814,216,0
814,217,0
814,218,0
814,219,0
814,220,0
814,221,0
814,222,0
814,223,0
814,224,0
814,225,0
814,226,0
814,227,0
814,228,0
814,229,0
814,230,0
814,231,0
814,232,0
814,233,0
814,234,1
814,235,0
814,236,0
814,237,0
814,238,0
814,239,0
814,240,1
814,241,1
814,242,1
814,243,1
814,244,1
814,245,1
814,246,0
814,247,0
814,248,0
814,249,0
814,250,1
814,251,0
814,252,0
814,253,1
814,254,0
814,255,0
814,256,0
814,257,0
814,258,0
814,259,0
814,260,0
814,261,0
814,262,0
814,263,0
814,264,0
814,265,0
814,266,0
814,267,0
814,268,0
814,269,0
814,270,0
814,271,0
814,272,0
814,273,0
814,274,0
814,275,1
814,276,0
814,277,0
814,278,0
814,279,1
814,280,0
814,281,0
814,282,0
814,283,1
814,284,0
814,285,0
814,286,0
814,287,0
814,288,0
814,289,0
814,290,1
814,291,0
814,292,0
814,293,0
814,294,0
814,295,0
814,296,0
814,297,0
814,298,0
814,299,0
814,300,0
814,301,0
814,302,0
814,303,1
814,304,0
814,305,0
814,306,0
814,307,0
814,308,1
814,309,0
814,310,0
814,311,0
814,312,0
814,313,0
814,314,0
814,315,0
814,316,0
814,317,0
814,318,0
814,319,0
814,320,0
814,321,0
814,322,0
814,323,0
814,324,0
814,325,0
814,326,0
814,327,0
814,328,0
814,329,0
814,330,0
814,331,0
814,332,1
814,333,0
814,334,0
814,335,1
814,336,1
814,337,0
814,338,1
814,339,0
814,340,0
814,341,0
814,342,0
814,343,1
814,344,1
814,345,0
814,346,0
814,347,0
814,348,0
814,349,0
814,350,0
814,351,0
814,352,0
814,353,0
814,354,0
814,355,1
814,356,0
814,357,0
814,358,0
814,359,0
814,360,0
814,361,0
814,362,0
814,363,0
814,364,1
814,365,0
814,366,1
814,367,0
814,368,0
814,369,0
814,370,0
814,371,0
814,372,0
814,373,0
814,374,0
814,375,0
814,376,0
814,377,0
814,378,0
814,379,0
814,380,0
814,381,0
814,382,0
814,383,0
814,384,0
814,385,0
814,386,0
814,387,0
814,388,0
814,389,0
814,390,0
814,391,0
814,392,0
814,393,0
814,394,0
814,395,0
814,396,0
814,397,0
814,398,0
814,399,0
814,400,0
814,401,0
814,402,1
814,403,0
814,404,0
814,405,0
814,406,0
814,407,1
814,408,0
814,409,1
814,410,1
814,411,1
814,412,0
814,413,0
814,414,0
814,415,1
814,416,0
814,417,0
814,418,0
814,419,0
814,420,0
814,421,1
814,422,0
814,423,0
814,424,0
814,425,1
814,426,0
814,427,1
814,428,0
814,429,0
814,430,1
814,431,0
814,432,0
814,433,0
814,434,1
814,435,0
814,436,1
814,437,1
814,438,0
814,439,1
814,440,1
814,441,0
814,442,1
814,443,0
814,444,1
814,445,0
814,446,0
814,447,0
814,448,1
814,449,0
814,450,0
814,451,1
814,452,0
814,453,0
814,454,1
814,455,0
814,456,0
814,457,0
814,458,0
814,459,0
814,460,0
814,461,1
814,462,0
814,463,0
814,464,0
814,465,0
814,466,0
814,467,0
814,468,0
814,469,0
814,470,0
814,471,0
814,472,0
814,473,1
814,474,0
814,475,0
814,476,0
814,477,0
814,478,0
814,479,0
814,480,0
814,481,0
814,482,1
814,483,0
814,484,0
814,485,0
814,486,0
814,487,0
814,488,0
814,489,0
814,490,0
814,491,0
814,492,0
814,493,0
814,494,0
814,495,0
814,496,0
814,497,0
814,498,0
814,499,1
814,500,0
814,501,0
814,502,0
814,503,0
814,504,0
814,505,0
814,506,0
814,507,0
814,508,0
814,509,0
814,510,0
814,511,0
814,512,0
814,513,0
814,514,0
814,515,1
814,516,0
814,517,0
814,518,0
814,519,0
814,520,0
814,521,1
814,522,0
814,523,1
814,524,0
814,525,1
814,526,0
814,527,0
814,528,0
814,529,0
814,530,0
814,531,0
814,532,0
814,533,0
814,534,0
814,535,1
814,536,0
814,537,1
814,538,0
814,539,0
814,540,0
814,541,0
814,542,0
814,543,0
814,544,1
814,545,1
814,546,0
814,547,0
814,548,0
814,549,0
814,550,0
814,551,1
814,552,0
814,553,0
814,554,0
814,555,0
814,556,0
814,557,0
814,558,0
814,559,0
814,560,0
814,561,0
814,562,0
814,563,0
814,564,0
814,565,0
814,566,0
814,567,0
814,568,1
814,569,0
814,570,0
814,571,0
814,572,0
814,573,0
814,574,0
814,575,0
814,576,0
814,577,0
814,578,0
814,579,0
814,580,0
814,581,0
814,582,0
814,583,0
814,584,0
814,585,0
814,586,0
814,587,0
814,588,0
814,589,0
814,590,0
814,591,0
814,592,0
814,593,1
814,594,0
814,595,0
814,596,0
814,597,0
814,598,0
814,599,0
814,600,0
814,601,0
814,602,0
814,603,0
814,604,0
814,605,0
814,606,0
814,607,0
814,608,0
814,609,0
814,610,0
814,611,0
814,612,0
814,613,0
814,614,0
814,615,0
814,616,0
814,617,0
814,618,0
814,619,0
814,620,0
814,621,0
814,622,0
814,623,0
814,624,0
814,625,0
814,626,1
814,627,0
814,628,0
814,629,0
814,630,1
814,631,0
814,632,0
814,633,0
814,634,0
814,635,0
814,636,0
814,637,0
814,638,0
814,639,1
814,640,0
814,641,0
814,642,0
814,643,0
814,644,0
814,645,0
814,646,0
814,647,1
814,648,0
814,649,0
814,650,0
814,651,0
814,652,0
814,653,1
814,654,0
814,655,1
814,656,1
814,657,0
814,658,0
814,659,0
814,660,0
814,661,1
814,662,0
814,663,0
814,664,0
814,665,0
814,666,0
814,667,0
814,668,0
814,669,0
814,670,0
814,671,0
814,672,0
814,673,0
814,674,0
814,675,0
814,676,0
814,677,0
814,678,0
814,679,0
814,680,1
814,681,0
814,682,0
814,683,1
814,684,1
814,685,0
814,686,0
814,687,1
814,688,0
814,689,0
814,690,0
814,691,0
814,692,0
814,693,0
814,694,0
814,695,0
814,696,0
814,697,0
814,698,0
814,699,0
814,700,0
814,701,0
814,702,0
814,703,0
814,704,0
814,705,0
814,706,0
814,707,0
814,708,1
814,709,0
814,710,0
814,711,0
814,712,1
814,713,0
814,714,0
814,715,0
814,716,0
814,717,0
814,718,0
814,719,0
814,720,0
814,721,0
814,722,0
814,723,0
814,724,0
814,725,1
814,726,0
814,727,0
814,728,0
814,729,1
814,730,0
814,731,0
814,732,0
814,733,0
814,734,0
814,735,0
814,736,1
814,737,1
814,738,0
814,739,1
814,740,0
814,741,1
814,742,0
814,743,0
814,744,0
814,745,0
814,746,0
814,747,0
814,748,0
814,749,0
814,750,1
814,751,0
814,752,1
814,753,0
814,754,1
814,755,0
814,756,1
814,757,0
814,758,0
814,759,0
814,760,0
814,761,0
814,762,1
814,763,0
814,764,0
814,765,0
814,766,0
814,767,0
814,768,0
814,769,0
814,770,0
814,771,0
814,772,0
814,773,0
814,774,0
814,775,0
814,776,0
814,777,0
814,778,0
814,779,0
814,780,0
814,781,0
814,782,0
814,783,0
814,784,0
814,785,0
814,786,0
814,787,0
814,788,0
814,789,0
814,790,0
814,791,0
814,792,0
814,793,0
814,794,0
814,795,0
814,796,0
814,797,0
814,798,0
814,799,0
814,800,0
814,801,0
814,802,1
814,803,1
814,804,1
814,805,1
814,806,1
814,807,0
814,808,0
814,809,1
814,810,1
814,811,1
814,812,1
814,813,1
914,0,0
914,1,0
914,2,0
914,3,0
914,4,0
914,5,0
914,6,0
914,7,0
914,8,0
914,9,0
914,10,1
914,11,1
914,12,0
914,13,1
914,14,0
914,15,0
914,16,0
914,17,1
914,18,0
914,19,0
914,20,0
914,21,1
914,22,0
914,23,1
914,24,0
914,25,0
914,26,1
914,27,0
914,28,1
914,29,0
914,30,1
914,31,1
914,32,0
914,33,0
914,34,1
914,35,0
914,36,0
914,37,0
914,38,0
914,39,1
914,40,1
914,41,0
914,42,0
914,43,1
914,44,0
914,45,0
914,46,0
914,47,0
914,48,0
914,49,1
914,50,0
914,51,0
914,52,0
914,53,0
914,54,0
914,55,0
914,56,0
914,57,1
914,58,1
914,59,0
914,60,1
914,61,0
914,62,0
914,63,0
914,64,1
914,65,0
914,66,0
914,67,0
914,68,0
914,69,0
914,70,0
914,71,1
914,72,0
914,73,0
914,74,0
914,75,0
914,76,0
914,77,0
914,78,1
914,79,0
914,80,0
914,81,0
914,82,0
914,83,0
914,84,0
914,85,0
914,86,0
914,87,0
914,88,0
914,89,0
914,90,0
914,91,0
914,92,0
914,93,0
914,94,0
914,95,0
914,96,0
914,97,0
914,98,0
914,99,0
914,100,0
914,101,0
914,102,0
914,103,0
914,104,0
914,105,0
914,106,0
914,107,0
914,108,0
914,109,0
914,110,0
914,111,0
914,112,0
914,113,0
914,114,0
914,115,0
914,116,0
914,117,0
914,118,0
914,119,0
914,120,0
914,121,0
914,122,0
914,123,0
914,124,0
914,125,0
914,126,1
914,127,0
914,128,0
914,129,0
914,130,0
914,131,1
914,132,1
914,133,0
914,134,0
914,135,0
914,136,0
914,137,0
914,138,1
914,139,0
914,140,1
914,141,0
914,142,0
914,143,0
914,144,0
914,145,0
914,146,0
914,147,0
914,148,1
914,149,0
914,150,0
914,151,0
914,152,0
914,153,1
914,154,0
914,155,0
914,156,0
914,157,0
914,158,0
914,159,0
914,160,0
914,161,0
914,162,0
914,163,0
914,164,0
914,165,1
914,166,0
914,167,0
914,168,0
914,169,0
914,170,0
914,171,0
914,172,0
914,173,0
914,174,0
914,175,0
914,176,0
914,177,0
914,178,0
914,179,0
914,180,0
914,181,0
914,182,0
914,183,0
914,184,0
914,185,0
914,186,0
914,187,0
914,188,0
914,189,0
914,190,0
914,191,0
914,192,0
914,193,0
914,194,0
914,195,0
914,196,0
914,197,0
914,198,0
914,199,0
914,200,0
914,201,0
914,202,0
914,203,0
914,204,0
914,205,0
914,206,1
914,207,0
914,208,1
914,209,0
914,210,0
914,211,0
914,212,0
914,213,0
914,214,0
914,215,0
914,216,0
914,217,0
914,218,0
914,219,0
914,220,0
914,221,0
914,222,0
914,223,0
914,224,0
914,225,0
914,226,0
914,227,0
914,228,0
914,229,0
914,230,0
914,231,0
914,232,0
914,233,0
914,234,0
914,235,0
914,236,0
914,237,0
914,238,0
914,239,0
914,240,0
914,241,0
914,242,0
914,243,0
914,244,0
914,245,0
914,246,1
914,247,0
914,248,0
914,249,1
914,250,0
914,251,0
914,252,0
914,253,0
914,254,0
914,255,1
914,256,0
914,257,0
914,258,0
914,259,0
914,260,0
914,261,0
914,262,0
914,263,0
914,264,0
914,265,1
914,266,1
914,267,1
914,268,0
914,269,0
914,270,0
914,271,0
914,272,0
914,273,0
914,274,1
914,275,0
914,276,1
914,277,0
914,278,0
914,279,1
914,280,0
914,281,1
914,282,0
914,283,0
914,284,1
914,285,0
914,286,1
914,287,0
914,288,0
914,289,0
914,290,0
914,291,0
914,292,0
914,293,0
914,294,0
914,295,0
914,296,0
914,297,0
914,298,0
914,299,0
914,300,0
914,301,0
914,302,0
914,303,0
914,304,0
914,305,0
914,306,0
914,307,1
914,308,0
914,309,0
914,310,0
914,311,0
914,312,0
914,313,1
914,314,1
914,315,0
914,316,0
914,317,0
914,318,0
914,319,0
914,320,0
914,321,0
914,322,0
914,323,0
914,324,1
914,325,0
914,326,0
914,327,0
914,328,0
914,329,0
914,330,0
914,331,0
914,332,0
914,333,0
914,334,0
914,335,0
914,336,0
914,337,0
914,338,1
914,339,0
914,340,0
914,341,0
914,342,0
914,343,0
914,344,0
914,345,0
914,346,0
914,347,0
914,348,0
914,349,0
914,350,0
914,351,0
914,352,0
914,353,0
914,354,0
914,355,0
914,356,0
914,357,0
914,358,0
914,359,0
914,360,0
914,361,0
914,362,1
914,363,1
914,364,0
914,365,0
914,366,1
914,367,0
914,368,0
914,369,0
914,370,0
914,371,0
914,372,0
914,373,0
914,374,0
914,375,0
914,376,0
914,377,0
914,378,0
914,379,0
914,380,0
914,381,1
914,382,1
914,383,0
914,384,1
914,385,1
914,386,1
914,387,0
914,388,0
914,389,1
914,390,0
914,391,1
914,392,0
914,393,0
914,394,1
914,395,0
914,396,0
914,397,0
914,398,0
914,399,1
914,400,0
914,401,0
914,402,0
914,403,1
914,404,1
914,405,1
914,406,0
914,407,0
914,408,1
914,409,0
914,410,0
914,411,0
914,412,0
914,413,1
914,414,0
914,415,1
914,416,0
914,417,1
914,418,0
914,419,0
914,420,1
914,421,1
914,422,0
914,423,0
914,424,0
914,425,0
914,426,0
914,427,0
914,428,0
914,429,0
914,430,0
914,431,0
914,432,0
914,433,0
914,434,0
914,435,0
914,436,0
914,437,0
914,438,0
914,439,0
914,440,0
914,441,0
914,442,0
914,443,0
914,444,0
914,445,0
914,446,0
914,447,0
914,448,0
914,449,0
914,450,0
914,451,0
914,452,1
914,453,0
914,454,0
914,455,1
914,456,0
914,457,0
914,458,1
914,459,1
914,460,0
914,461,0
914,462,0
914,463,1
914,464,0
914,465,1
914,466,0
914,467,1
914,468,0
914,469,0
914,470,0
914,471,1
914,472,0
914,473,1
914,474,0
914,475,0
914,476,0
914,477,0
914,478,0
914,479,0
914,480,0
914,481,0
914,482,1
914,483,0
914,484,0
914,485,0
914,486,0
914,487,0
914,488,1
914,489,0
914,490,0
914,491,1
914,492,1
914,493,0
914,494,1
914,495,0
914,496,1
914,497,1
914,498,0
914,499,1
914,500,0
914,501,0
914,502,0
914,503,0
914,504,0
914,505,1
914,506,1
914,507,1
914,508,0
914,509,1
914,510,0
914,511,0
914,512,0
914,513,0
914,514,1
914,515,1
914,516,0
914,517,0
914,518,0
914,519,0
914,520,0
914,521,0
914,522,0
914,523,0
914,524,0
914,525,0
914,526,1
914,527,0
914,528,0
914,529,0
914,530,0
914,531,0
914,532,0
914,533,0
914,534,0
914,535,0
914,536,1
914,537,0
914,538,0
914,539,0
914,540,0
914,541,0
914,542,0
914,543,0
914,544,0
914,545,0
914,546,0
914,547,0
914,548,0
914,549,0
914,550,0
914,551,0
914,552,0
914,553,0
914,554,0
914,555,0
914,556,1
914,557,1
914,558,0
914,559,0
914,560,0
914,561,0
914,562,0
914,563,0
914,564,0
914,565,0
914,566,0
914,567,0
914,568,1
914,569,0
914,570,0
914,571,0
914,572,0
914,573,0
914,574,1
914,575,0
914,576,0
914,577,0
914,578,0
914,579,0
914,580,0
914,581,0
914,582,1
914,583,0
914,584,0
914,585,0
914,586,0
914,587,1
914,588,0
914,589,0
914,590,0
914,591,0
914,592,0
914,593,0
914,594,0
914,595,0
914,596,1
914,597,0
914,598,0
914,599,0
914,600,0
914,601,0
914,602,0
914,603,0
914,604,0
914,605,0
914,606,0
914,607,0
914,608,0
914,609,0
914,610,0
914,611,0
914,612,0
914,613,0
914,614,0
914,615,0
914,616,0
914,617,0
914,618,0
914,619,0
914,620,0
914,621,0
914,622,0
914,623,0
914,624,0
914,625,0
914,626,0
914,627,0
914,628,0
914,629,0
914,630,0
914,631,0
914,632,0
914,633,0
914,634,1
914,635,0
914,636,0
914,637,0
914,638,0
914,639,0
914,640,0
914,641,0
914,642,0
914,643,0
914,644,0
914,645,0
914,646,0
914,647,0
914,648,0
914,649,0
914,650,0
914,651,0
914,652,0
914,653,0
914,654,0
914,655,0
914,656,0
914,657,0
914,658,0
914,659,0
914,660,0
914,661,0
914,662,0
914,663,0
914,664,0
914,665,0
914,666,0
914,667,0
914,668,0
914,669,0
914,670,0
914,671,0
914,672,0
914,673,0
914,674,0
914,675,0
914,676,0
914,677,0
914,678,0
914,679,0
914,680,0
914,681,0
914,682,0
914,683,0
914,684,0
914,685,0
914,686,0
914,687,0
914,688,0
914,689,0
914,690,0
914,691,0
914,692,0
914,693,0
914,694,0
914,695,0
914,696,0
914,697,0
914,698,0
914,699,0
914,700,0
914,701,0
914,702,0
914,703,0
914,704,0
914,705,0
914,706,0
914,707,0
914,708,0
914,709,0
914,710,0
914,711,0
914,712,1
914,713,0
914,714,0
914,715,0
914,716,0
914,717,0
914,718,0
914,719,0
914,720,0
914,721,1
914,722,0
914,723,0
914,724,0
914,725,0
914,726,0
914,727,0
914,728,1
914,729,1
914,730,0
914,731,0
914,732,1
914,733,1
914,734,0
914,735,0
914,736,0
914,737,0
914,738,0
914,739,0
914,740,1
914,741,0
914,742,0
914,743,0
914,744,0
914,745,0
914,746,0
914,747,0
914,748,0
914,749,0
914,750,0
914,751,0
914,752,0
914,753,0
914,754,0
914,755,0
914,756,0
914,757,0
914,758,0
914,759,0
914,760,0
914,761,0
914,762,0
914,763,0
914,764,0
914,765,0
914,766,0
914,767,0
914,768,0
914,769,0
914,770,0
914,771,0
914,772,0
914,773,0
914,774,1
914,775,0
914,776,0
914,777,0
914,778,0
914,779,1
914,780,0
914,781,0
914,782,0
914,783,0
914,784,0
914,785,0
914,786,0
914,787,0
914,788,0
914,789,0
914,790,0
914,791,0
914,792,0
914,793,0
914,794,0
914,795,0
914,796,1
914,797,0
914,798,0
914,799,0
914,800,1
914,801,0
914,802,0
914,803,0
914,804,0
914,805,1
914,806,0
914,807,0
914,808,0
914,809,0
914,810,0
914,811,0
914,812,0
914,813,0
914,814,1
914,815,0
914,816,0
914,817,0
914,818,0
914,819,0
914,820,0
914,821,0
914,822,0
914,823,1
914,824,0
914,825,0
914,826,0
914,827,0
914,828,0
914,829,0
914,830,0
914,831,1
914,832,1
914,833,1
914,834,0
914,835,0
914,836,1
914,837,0
914,838,0
914,839,0
914,840,0
914,841,0
914,842,1
914,843,0
914,844,0
914,845,0
914,846,0
914,847,0
914,848,0
914,849,0
914,850,1
914,851,1
914,852,0
914,853,0
914,854,0
914,855,0
914,856,1
914,857,0
914,858,0
914,859,0
914,860,0
914,861,0
914,862,1
914,863,0
914,864,0
914,865,0
914,866,0
914,867,0
914,868,0
914,869,0
914,870,0
914,871,0
914,872,0
914,873,0
914,874,0
914,875,0
914,876,0
914,877,0
914,878,0
914,879,0
914,880,0
914,881,0
914,882,0
914,883,0
914,884,0
914,885,0
914,886,0
914,887,0
914,888,0
914,889,0
914,890,0
914,891,0
914,892,0
914,893,0
914,894,0
914,895,0
914,896,0
914,897,0
914,898,0
914,899,0
914,900,0
914,901,1
914,902,1
914,903,1
914,904,1
914,905,1
914,906,1
914,907,0
914,908,1
914,909,1
914,910,1
914,911,1
914,912,1
914,913,1
1014,0,0
1014,1,0
1014,2,0
1014,3,0
1014,4,0
1014,5,0
1014,6,0
1014,7,1
1014,8,1
1014,9,0
1014,10,1
1014,11,1
1014,12,0
1014,13,1
1014,14,0
1014,15,0
1014,16,0
1014,17,0
1014,18,0
1014,19,0
1014,20,0
1014,21,0
1014,22,0
1014,23,1
1014,24,0
1014,25,0
1014,26,1
1014,27,1
1014,28,0
1014,29,1
1014,30,0
1014,31,0
1014,32,1
1014,33,1
1014,34,0
1014,35,0
1014,36,0
1014,37,0
1014,38,1
1014,39,0
1014,40,0
1014,41,0
1014,42,1
1014,43,1
1014,44,0
1014,45,0
1014,46,0
1014,47,0
1014,48,1
1014,49,0
1014,50,0
1014,51,0
1014,52,1
1014,53,1
1014,54,0
1014,55,0
1014,56,0
1014,57,1
1014,58,0
1014,59,0
1014,60,0
1014,61,1
1014,62,0
1014,63,1
1014,64,0
1014,65,0
1014,66,0
1014,67,0
1014,68,0
1014,69,1
1014,70,0
1014,71,0
1014,72,0
1014,73,0
1014,74,0
1014,75,0
1014,76,0
1014,77,1
1014,78,0
1014,79,0
1014,80,0
1014,81,0
1014,82,0
1014,83,0
1014,84,0
1014,85,0
1014,86,0
1014,87,0
1014,88,0
1014,89,0
1014,90,0
1014,91,0
1014,92,0
1014,93,0
1014,94,0
1014,95,0
1014,96,0
1014,97,0
1014,98,0
1014,99,0
1014,100,0
1014,101,0
1014,102,0
1014,103,0
1014,104,0
1014,105,0
1014,106,0
1014,107,0
1014,108,0
1014,109,0
1014,110,0
1014,111,0
1014,112,0
1014,113,0
1014,114,0
1014,115,0
1014,116,0
1014,117,0
1014,118,0
1014,119,0
1014,120,0
1014,121,0
1014,122,0
1014,123,0
1014,124,0
1014,125,0
1014,126,0
1014,127,0
1014,128,0
1014,129,0
1014,130,0
1014,131,0
1014,132,0
1014,133,0
1014,134,0
1014,135,0
1014,136,0
1014,137,0
1014,138,1
1014,139,0
1014,140,0
1014,141,0
1014,142,0
1014,143,1
1014,144,0
1014,145,0
1014,146,1
1014,147,0
1014,148,0
1014,149,0
1014,150,0
1014,151,0
1014,152,0
1014,153,0
1014,154,0
1014,155,0
1014,156,0
1014,157,1
1014,158,0
1014,159,0
1014,160,0
1014,161,0
1014,162,0
1014,163,0
1014,164,1
1014,165,0
1014,166,0
1014,167,0
1014,168,0
1014,169,0
1014,170,0
1014,171,0
1014,172,0
1014,173,0
1014,174,0
1014,175,0
1014,176,0
1014,177,0
1014,178,0
1014,179,0
1014,180,0
1014,181,0
1014,182,0
1014,183,0
1014,184,0
1014,185,0
1014,186,0
1014,187,0
1014,188,0
1014,189,0
1014,190,0
1014,191,0
1014,192,0
1014,193,0
1014,194,0
1014,195,0
1014,196,0
1014,197,0
1014,198,0
1014,199,0
1014,200,0
1014,201,0
1014,202,0
1014,203,0
1014,204,0
1014,205,0
1014,206,0
1014,207,0
1014,208,0
1014,209,0
1014,210,0
1014,211,0
1014,212,0
1014,213,0
1014,214,0
1014,215,0
1014,216,0
1014,217,0
1014,218,0
1014,219,0
1014,220,0
1014,221,0
1014,222,0
1014,223,0
1014,224,1
1014,225,0
1014,226,1
1014,227,0
1014,228,0
1014,229,0
1014,230,0
1014,231,0
1014,232,0
1014,233,0
1014,234,0
1014,235,0
1014,236,0
1014,237,0
1014,238,0
1014,239,0
1014,240,0
1014,241,0
1014,242,0
1014,243,0
1014,244,0
1014,245,0
1014,246,0
1014,247,0
1014,248,0
1014,249,0
1014,250,0
1014,251,0
1014,252,0
1014,253,0
1014,254,0
1014,255,0
1014,256,0
1014,257,0
1014,258,0
1014,259,0
1014,260,0
1014,261,0
1014,262,0
1014,263,0
1014,264,0
1014,265,0
1014,266,0
1014,267,1
1014,268,0
1014,269,0
1014,270,0
1014,271,0
1014,272,0
1014,273,0
1014,274,1
1014,275,0
1014,276,0
1014,277,0
1014,278,1
1014,279,0
1014,280,0
1014,281,0
1014,282,0
1014,283,0
1014,284,0
1014,285,0
1014,286,0
1014,287,0
1014,288,0
1014,289,0
1014,290,0
1014,291,0
1014,292,0
1014,293,0
1014,294,1
1014,295,1
1014,296,0
1014,297,1
1014,298,0
1014,299,0
1014,300,0
1014,301,0
1014,302,1
1014,303,1
1014,304,0
1014,305,1
1014,306,0
1014,307,0
1014,308,1
1014,309,1
1014,310,1
1014,311,0
1014,312,0
1014,313,0
1014,314,0
1014,315,0
1014,316,0
1014,317,0
1014,318,0
1014,319,0
1014,320,0
1014,321,0
1014,322,0
1014,323,0
1014,324,0
1014,325,0
1014,326,0
1014,327,0
1014,328,0
1014,329,0
1014,330,0
1014,331,0
1014,332,0
1014,333,0
1014,334,0
1014,335,0
1014,336,0
1014,337,1
1014,338,0
1014,339,0
1014,340,0
1014,341,1
1014,342,0
1014,343,0
1014,344,0
1014,345,1
1014,346,0
1014,347,0
1014,348,1
1014,349,0
1014,350,0
1014,351,0
1014,352,0
1014,353,0
1014,354,0
1014,355,0
1014,356,0
1014,357,1
1014,358,0
1014,359,0
1014,360,0
1014,361,0
1014,362,0
1014,363,0
1014,364,0
1014,365,0
1014,366,0
1014,367,0
1014,368,0
1014,369,0
1014,370,0
1014,371,0
1014,372,1
1014,373,0
1014,374,0
1014,375,0
1014,376,0
1014,377,0
1014,378,0
1014,379,0
1014,380,0
1014,381,0
1014,382,0
1014,383,0
1014,384,0
1014,385,0
1014,386,0
1014,387,0
1014,388,0
1014,389,0
1014,390,0
1014,391,0
1014,392,0
1014,393,1
1014,394,1
1014,395,0
1014,396,0
1014,397,0
1014,398,1
1014,399,0
1014,400,0
1014,401,1
1014,402,0
1014,403,0
1014,404,0
1014,405,0
1014,406,0
1014,407,0
1014,408,0
1014,409,0
1014,410,0
1014,411,0
1014,412,0
1014,413,0
1014,414,0
1014,415,0
1014,416,0
1014,417,1
1014,418,1
1014,419,1
1014,420,0
1014,421,1
1014,422,0
1014,423,0
1014,424,0
1014,425,0
1014,426,0
1014,427,0
1014,428,1
1014,429,0
1014,430,0
1014,431,1
1014,432,0
1014,433,1
1014,434,1
1014,435,1
1014,436,1
1014,437,0
1014,438,0
1014,439,0
1014,440,0
1014,441,1
1014,442,0
1014,443,1
1014,444,0
1014,445,0
1014,446,0
1014,447,0
1014,448,0
1014,449,0
1014,450,0
1014,451,0
1014,452,1
1014,453,0
1014,454,0
1014,455,1
1014,456,1
1014,457,0
1014,458,0
1014,459,0
1014,460,0
1014,461,0
1014,462,0
1014,463,1
1014,464,0
1014,465,0
1014,466,0
1014,467,0
1014,468,0
1014,469,0
1014,470,0
1014,471,0
1014,472,0
1014,473,0
1014,474,0
1014,475,0
1014,476,0
1014,477,0
1014,478,0
1014,479,0
1014,480,0
1014,481,0
1014,482,0
1014,483,0
1014,484,0
1014,485,0
1014,486,0
1014,487,0
1014,488,0
1014,489,0
1014,490,0
1014,491,0
1014,492,0
1014,493,0
1014,494,0
1014,495,0
1014,496,0
1014,497,0
1014,498,0
1014,499,0
1014,500,0
1014,501,1
1014,502,1
1014,503,0
1014,504,0
1014,505,0
1014,506,0
1014,507,1
1014,508,1
1014,509,0
1014,510,1
1014,511,1
1014,512,0
1014,513,0
1014,514,0
1014,515,0
1014,516,1
1014,517,0
1014,518,0
1014,519,0
1014,520,0
1014,521,0
1014,522,0
1014,523,1
1014,524,0
1014,525,0
1014,526,0
1014,527,0
1014,528,1
1014,529,1
1014,530,0
1014,531,0
1014,532,0
1014,533,1
1014,534,1
1014,535,0
1014,536,0
1014,537,1
1014,538,0
1014,539,0
1014,540,0
1014,541,0
1014,542,0
1014,543,1
1014,544,1
1014,545,0
1014,546,0
1014,547,0
1014,548,0
1014,549,1
1014,550,1
1014,551,1
1014,552,0
1014,553,0
1014,554,0
1014,555,0
1014,556,0
1014,557,1
1014,558,0
1014,559,0
1014,560,1
1014,561,0
1014,562,0
1014,563,1
1014,564,0
1014,565,0
1014,566,1
1014,567,0
1014,568,0
1014,569,0
1014,570,0
1014,571,0
1014,572,1
1014,573,0
1014,574,0
1014,575,0
1014,576,1
1014,577,1
1014,578,0
1014,579,0
1014,580,0
1014,581,0
1014,582,0
1014,583,0
1014,584,0
1014,585,0
1014,586,0
1014,587,0
1014,588,0
1014,589,1
1014,590,0
1014,591,0
1014,592,0
1014,593,0
1014,594,0
1014,595,0
1014,596,0
1014,597,0
1014,598,1
1014,599,0
1014,600,0
1014,601,0
1014,602,0
1014,603,0
1014,604,0
1014,605,0
1014,606,0
1014,607,0
1014,608,0
1014,609,0
1014,610,0
1014,611,0
1014,612,0
1014,613,0
1014,614,0
1014,615,0
1014,616,0
1014,617,0
1014,618,0
1014,619,0
1014,620,0
1014,621,0
1014,622,0
1014,623,0
1014,624,0
1014,625,0
1014,626,0
1014,627,0
1014,628,0
1014,629,0
1014,630,0
1014,631,0
1014,632,0
1014,633,0
1014,634,0
1014,635,0
1014,636,0
1014,637,0
1014,638,0
1014,639,0
1014,640,0
1014,641,0
1014,642,0
1014,643,0
1014,644,0
1014,645,0
1014,646,1
1014,647,0
1014,648,0
1014,649,0
1014,650,0
1014,651,0
1014,652,0
1014,653,0
1014,654,0
1014,655,0
1014,656,0
1014,657,1
1014,658,0
1014,659,0
1014,660,1
1014,661,0
1014,662,0
1014,663,0
1014,664,0
1014,665,0
1014,666,0
1014,667,0
1014,668,0
1014,669,0
1014,670,0
1014,671,0
1014,672,0
1014,673,0
1014,674,0
1014,675,1
1014,676,0
1014,677,0
1014,678,0
1014,679,0
1014,680,0
1014,681,0
1014,682,0
1014,683,0
1014,684,0
1014,685,0
1014,686,1
1014,687,1
1014,688,0
1014,689,1
1014,690,0
1014,691,0
1014,692,0
1014,693,0
1014,694,0
1014,695,0
1014,696,0
1014,697,0
1014,698,0
1014,699,0
1014,700,0
1014,701,0
1014,702,0
1014,703,0
1014,704,0
1014,705,0
1014,706,0
1014,707,0
1014,708,0
1014,709,0
1014,710,0
1014,711,0
1014,712,0
1014,713,0
1014,714,0
1014,715,0
1014,716,0
1014,717,0
1014,718,0
1014,719,0
1014,720,0
1014,721,0
1014,722,0
1014,723,0
1014,724,0
1014,725,0
1014,726,0
1014,727,0
1014,728,0
1014,729,0
1014,730,0
1014,731,0
1014,732,0
1014,733,0
1014,734,0
1014,735,0
1014,736,0
1014,737,0
1014,738,0
1014,739,0
1014,740,0
1014,741,0
1014,742,0
1014,743,1
1014,744,0
1014,745,0
1014,746,0
1014,747,0
1014,748,0
1014,749,0
1014,750,0
1014,751,0
1014,752,0
1014,753,0
1014,754,0
1014,755,0
1014,756,0
1014,757,0
1014,758,0
1014,759,0
1014,760,0
1014,761,0
1014,762,0
1014,763,1
1014,764,0
1014,765,0
1014,766,0
1014,767,0
1014,768,0
1014,769,0
1014,770,0
1014,771,0
1014,772,0
1014,773,0
1014,774,0
1014,775,1
1014,776,0
1014,777,0
1014,778,0
1014,779,0
1014,780,0
1014,781,0
1014,782,0
1014,783,0
1014,784,0
1014,785,0
1014,786,0
1014,787,0
1014,788,0
1014,789,0
1014,790,0
1014,791,0
1014,792,0
1014,793,0
1014,794,0
1014,795,1
1014,796,0
1014,797,0
1014,798,0
1014,799,0
1014,800,0
1014,801,0
1014,802,0
1014,803,0
1014,804,0
1014,805,0
1014,806,0
1014,807,1
1014,808,0
1014,809,0
1014,810,1
1014,811,0
1014,812,0
1014,813,0
1014,814,0
1014,815,0
1014,816,1
1014,817,0
1014,818,0
1014,819,0
1014,820,0
1014,821,0
1014,822,0
1014,823,0
1014,824,1
1014,825,1
1014,826,1
1014,827,1
1014,828,1
1014,829,1
1014,830,0
1014,831,0
1014,832,0
1014,833,0
1014,834,1
1014,835,0
1014,836,0
1014,837,0
1014,838,0
1014,839,0
1014,840,0
1014,841,0
1014,842,0
1014,843,0
1014,844,0
1014,845,0
1014,846,0
1014,847,0
1014,848,0
1014,849,0
1014,850,0
1014,851,0
1014,852,0
1014,853,0
1014,854,0
1014,855,0
1014,856,0
1014,857,0
1014,858,0
1014,859,0
1014,860,0
1014,861,1
1014,862,0
1014,863,0
1014,864,0
1014,865,1
1014,866,1
1014,867,1
1014,868,0
1014,869,1
1014,870,0
1014,871,1
1014,872,0
1014,873,1
1014,874,1
1014,875,0
1014,876,1
1014,877,0
1014,878,0
1014,879,0
1014,880,0
1014,881,1
1014,882,0
1014,883,0
1014,884,0
1014,885,0
1014,886,0
1014,887,0
1014,888,0
1014,889,0
1014,890,0
1014,891,0
1014,892,0
1014,893,0
1014,894,1
1014,895,1
1014,896,0
1014,897,0
1014,898,1
1014,899,1
1014,900,0
1014,901,0
1014,902,0
1014,903,0
1014,904,0
1014,905,0
1014,906,0
1014,907,0
1014,908,0
1014,909,0
1014,910,0
1014,911,1
1014,912,0
1014,913,0
1014,914,0
1014,915,0
1014,916,0
1014,917,0
1014,918,0
1014,919,0
1014,920,0
1014,921,0
1014,922,0
1014,923,0
1014,924,0
1014,925,0
1014,926,0
1014,927,0
1014,928,1
1014,929,0
1014,930,1
1014,931,1
1014,932,0
1014,933,1
1014,934,0
1014,935,0
1014,936,1
1014,937,0
1014,938,0
1014,939,0
1014,940,0
1014,941,0
1014,942,0
1014,943,0
1014,944,0
1014,945,0
1014,946,0
1014,947,0
1014,948,0
1014,949,1
1014,950,0
1014,951,0
1014,952,0
1014,953,0
1014,954,1
1014,955,0
1014,956,1
1014,957,0
1014,958,0
1014,959,0
1014,960,0
1014,961,0
1014,962,1
1014,963,1
1014,964,0
1014,965,0
1014,966,0
1014,967,0
1014,968,0
1014,969,0
1014,970,0
1014,971,0
1014,972,0
1014,973,0
1014,974,0
1014,975,0
1014,976,0
1014,977,0
1014,978,0
1014,979,0
1014,980,0
1014,981,0
1014,982,0
1014,983,0
1014,984,0
1014,985,0
1014,986,0
1014,987,0
1014,988,0
1014,989,0
1014,990,0
1014,991,0
1014,992,0
1014,993,0
1014,994,0
1014,995,0
1014,996,0
1014,997,0
1014,998,0
1014,999,0
1014,1000,0
1014,1001,1
1014,1002,1
1014,1003,1
1014,1004,1
1014,1005,1
1014,1006,1
1014,1007,0
1014,1008,1
1014,1009,1
1014,1010,1
1014,1011,1
1014,1012,1
1014,1013,1
