0.00000000,2.09226393,1.20793752,0.15907818,1.11918767,0.10138075,2.80583106,0.47645846,0.00777194,0.06374269,0.05207011,0.00983632,0.01731463,0.02101049,0.00000000,0.00000000,0.00000000,0.00000000,0.00000000,0.00000000,0.00000000,0.00000000,0.00000000,0.00000000,0.00000000,0.00000000,0.00000000,0.00000000,0.00000000,0.00000000,0.00507435,0.00000000,0.01185271,0.00437948,0.00000000,0.00000000,0.00000000,0.00000000,0.00000000,0.00000000,0.01157390,0.00000000,0.00000000,0.00000000,0.00000000,0.00000000,0.00000000,0.00000000,0.00000000,0.00000000,0.00000000,0.00000000,0.00000000,0.00000000,0.00000000,0.00000000,0.00000000,0.00000000,0.00000000,0.00000000,0.01391452,0.00000000,0.01718753,0.00000000,0.00000000,0.00149855,0.00000000,0.68894260,0.00000000,0.15647661,0.00000000,0.00000000,0.45623451,0.00177719
2.09226393,0.00000000,2.21871291,0.91367079,0.16788702,1.13304845,0.88150458,0.64492073,0.11603045,0.14864505,1.15325534,0.05381790,0.01932997,0.01612292,0.00000000,0.00000000,0.00000000,0.00000000,0.00000000,0.00000000,0.00000000,0.00000000,0.00000000,0.00000000,0.00000000,0.00000000,0.00000000,0.00000000,0.00000000,0.01133152,0.03230216,0.00434047,0.06259556,0.03089161,0.00180471,0.01092216,0.01244272,0.00000000,0.00900679,0.00528245,0.08292134,0.01280128,0.00803728,0.00000000,0.00000000,0.00000000,0.00000000,0.00000000,0.00000000,0.00000000,0.00000000,0.00000000,0.00000000,0.00000000,0.00000000,0.00000000,0.00000000,0.00000000,0.00000000,0.00000000,0.08117547,0.00000000,0.12149044,0.00000000,0.00000000,0.02119216,0.00000000,1.96999842,0.00000000,0.41818692,0.00000000,0.00000000,0.86337054,0.00000000
1.20793752,2.21871291,0.00000000,0.73722548,0.07389203,0.01341870,1.56556894,1.10491047,0.00424245,0.04318726,0.01088079,0.00142936,0.00683963,0.00771435,0.00000000,0.00000000,0.00000000,0.00000000,0.00000000,0.00000000,0.00000000,0.00000000,0.00000000,0.00000000,0.00000000,0.00000000,0.00000000,0.00000000,0.00000000,0.00000000,0.00000000,0.00000000,0.00403918,0.00000000,0.00000000,0.00000000,0.00000000,0.00000000,0.00000000,0.00000000,0.00537479,0.00000000,0.00000000,0.00000000,0.00000000,0.00000000,0.00000000,0.00000000,0.00000000,0.00000000,0.00000000,0.00000000,0.00000000,0.00000000,0.00000000,0.00000000,0.00000000,0.00000000,0.00000000,0.00000000,0.00558140,0.00000000,0.00993487,0.00000000,0.00000000,0.00000000,0.00000000,0.12695261,0.00000000,0.09919309,0.00000000,0.00000000,0.13520566,0.00000000
0.15907818,0.91367079,0.73722548,0.00000000,0.03820120,0.12522403,0.29920944,3.01959114,1.56837965,0.92343128,0.15178050,0.00380362,0.05066220,0.03232977,0.00000000,0.00000000,0.00000000,0.00000000,0.00000000,0.00000000,0.00000000,0.00000000,0.00000000,0.00000000,0.00000000,0.00000000,0.00000000,0.00000000,0.00000000,0.00434468,0.01685965,0.00000000,0.04215613,0.02555900,0.00000000,0.00888046,0.00763518,0.00000000,0.01099977,0.00734948,0.04401568,0.01418177,0.01530760,0.00000000,0.00000000,0.00000000,0.00000000,0.00000000,0.00000000,0.00000000,0.00000000,0.00000000,0.00000000,0.00000000,0.00000000,0.00000000,0.00000000,0.00000000,0.00000000,0.00000000,0.03406523,0.00000000,0.06812019,0.00000000,0.00000000,0.00848037,0.00000000,0.21273560,0.00000000,0.36402583,0.00000000,0.00000000,0.21008776,0.00170685
1.11918767,0.16788702,0.07389203,0.03820120,0.00000000,0.00510929,2.56791395,0.22244183,0.00093972,0.02803671,0.00375429,0.00000000,0.01105849,0.02737658,0.00000000,0.00000000,0.00000000,0.00000000,0.00000000,0.00000000,0.00000000,0.00271789,0.00281070,0.00000000,0.00000000,0.00000000,0.00000000,0.00423448,0.00115821,0.00000000,0.00000000,0.00000000,0.00000000,0.00000000,0.00000000,0.00000000,0.00000000,0.00000000,0.00000000,0.00000000,0.00000000,0.00000000,0.00000000,0.00000000,0.00000000,0.00000000,0.00000000,0.00000000,0.00000000,0.00000000,0.00000000,0.00000000,0.00000000,0.00000000,0.00000000,0.00000000,0.00000000,0.00000000,0.00000000,0.00000000,0.00092148,0.00000000,0.00211310,0.00000000,0.00000000,0.00000000,0.00000000,0.05604899,0.00000000,0.05770641,0.00000000,0.00000000,0.26984671,0.00362400
0.10138075,1.13304845,0.01341870,0.12522403,0.00510929,0.00000000,0.00538175,0.00965450,0.13502845,0.00611877,2.59392978,0.11947520,0.00101735,0.00000000,0.00000000,0.00000000,0.00000000,0.00000000,0.00000000,0.00000000,0.00000000,0.00000000,0.00000000,0.00000000,0.00000000,0.00000000,0.00000000,0.00000000,0.00000000,0.00000000,0.00482408,0.00000000,0.00938750,0.00357088,0.00000000,0.00000000,0.00183121,0.00000000,0.00000000,0.00000000,0.01633676,0.00000000,0.00000000,0.00000000,0.00000000,0.00000000,0.00000000,0.00000000,0.00000000,0.00000000,0.00000000,0.00000000,0.00000000,0.00000000,0.00000000,0.00000000,0.00000000,0.00000000,0.00000000,0.00000000,0.01363459,0.00000000,0.01682840,0.00000000,0.00000000,0.00186588,0.00000000,0.86278606,0.00000000,0.02354033,0.00000000,0.00000000,0.12494009,0.00000000
2.80583106,0.88150458,1.56556894,0.29920944,2.56791395,0.00538175,0.00000000,5.12415637,0.00405655,0.14866382,0.00470742,0.00000000,0.06355783,0.17285234,0.00000000,0.00000000,0.00000000,0.00000000,0.00000000,0.00000000,0.00000000,0.00358773,0.00111328,0.00000000,0.00000000,0.00000000,0.00000000,0.00314089,0.00111137,0.00000000,0.00000000,0.00000000,0.00117979,0.00000000,0.00000000,0.00000000,0.00000000,0.00000000,0.00000000,0.00000000,0.00190650,0.00000000,0.00000000,0.00000000,0.00000000,0.00000000,0.00000000,0.00000000,0.00000000,0.00000000,0.00000000,0.00000000,0.00000000,0.00000000,0.00000000,0.00000000,0.00000000,0.00000000,0.00000000,0.00000000,0.00131907,0.00000000,0.00913075,0.00000000,0.00000000,0.00000000,0.00000000,0.15803112,0.00177045,0.43415855,0.00132748,0.00669424,1.13113582,0.01704787
0.47645846,0.64492073,1.10491047,3.01959114,0.22244183,0.00965450,5.12415637,0.00000000,0.02828278,4.85606304,0.00696462,0.00124521,1.54548371,1.87389532,0.00000000,0.00000000,0.00000000,0.00000000,0.00000000,0.00000000,0.00000000,0.00000000,0.00000000,0.00000000,0.00000000,0.00000000,0.00000000,0.00000000,0.00000000,0.00190719,0.01089199,0.00000000,0.03793009,0.03300876,0.00000000,0.01831590,0.00535758,0.00000000,0.01610854,0.01603493,0.03389037,0.03758617,0.04104880,0.00000000,0.00000000,0.00000000,0.00000000,0.00000000,0.00000000,0.00000000,0.00000000,0.00000000,0.00000000,0.00000000,0.00000000,0.00000000,0.00000000,0.00000000,0.00000000,0.00000000,0.01875409,0.00000000,0.07242358,0.00000000,0.00000000,0.00939711,0.00000000,0.41004119,0.00156191,1.36944436,0.00000000,0.01412457,1.56653426,0.03634552
0.00777194,0.11603045,0.00424245,1.56837965,0.00093972,0.13502845,0.00405655,0.02828278,0.00000000,0.91463964,0.08525092,0.00078941,0.01915481,0.00521724,0.00000000,0.00000000,0.00000000,0.00000000,0.00000000,0.00000000,0.00000000,0.00000000,0.00000000,0.00000000,0.00000000,0.00000000,0.00000000,0.00000000,0.00000000,0.00000000,0.00000000,0.00000000,0.00867572,0.00618329,0.00000000,0.00000000,0.00000000,0.00000000,0.00224762,0.00000000,0.01110584,0.00290135,0.00161570,0.00000000,0.00000000,0.00000000,0.00000000,0.00000000,0.00000000,0.00000000,0.00000000,0.00000000,0.00000000,0.00000000,0.00000000,0.00000000,0.00000000,0.00000000,0.00000000,0.00000000,0.00453002,0.00000000,0.01211079,0.00000000,0.00000000,0.00000000,0.00000000,0.02396822,0.00000000,0.03835698,0.00000000,0.00000000,0.01412427,0.00000000
0.06374269,0.14864505,0.04318726,0.92343128,0.02803671,0.00611877,0.14866382,4.85606304,0.91463964,0.00000000,0.00602085,0.00134958,3.49247460,0.57730922,0.00000000,0.00000000,0.00000000,0.00000000,0.00000000,0.00000000,0.00000000,0.00000000,0.00000000,0.00000000,0.00000000,0.00000000,0.00000000,0.00000000,0.00000000,0.00467922,0.01632780,0.00222534,0.05488212,0.05726513,0.00413133,0.02234179,0.00798939,0.00000000,0.02214758,0.01733301,0.05181729,0.04428764,0.04867648,0.00000000,0.00000000,0.00000000,0.00000000,0.00000000,0.00000000,0.00000000,0.00000000,0.00000000,0.00000000,0.00000000,0.00000000,0.00000000,0.00000000,0.00000000,0.00000000,0.00000000,0.02358373,0.00000000,0.09416708,0.00000000,0.00000000,0.01367280,0.00000000,0.17515801,0.00000000,0.66447958,0.00000000,0.00356178,0.37870397,0.00792209
0.05207011,1.15325534,0.01088079,0.15178050,0.00375429,2.59392978,0.00470742,0.00696462,0.08525092,0.00602085,0.00000000,0.47720447,0.00090329,0.00000000,0.00000000,0.00000000,0.00000000,0.00000000,0.00000000,0.00000000,0.00000000,0.00000000,0.00000000,0.00000000,0.00000000,0.00000000,0.00000000,0.00000000,0.00000000,0.00135934,0.00724883,0.00000000,0.01442764,0.00387832,0.00000000,0.00000000,0.00396694,0.00000000,0.00000000,0.00000000,0.02342241,0.00130874,0.00000000,0.00000000,0.00000000,0.00000000,0.00000000,0.00000000,0.00000000,0.00000000,0.00000000,0.00000000,0.00000000,0.00000000,0.00000000,0.00000000,0.00000000,0.00000000,0.00000000,0.00000000,0.01956973,0.00000000,0.02105901,0.00000000,0.00000000,0.00339603,0.00000000,0.66131940,0.00000000,0.02438715,0.00000000,0.00000000,0.07232115,0.00000000
0.00983632,0.05381790,0.00142936,0.00380362,0.00000000,0.11947520,0.00000000,0.00124521,0.00078941,0.00134958,0.47720447,0.00000000,0.00000000,0.00000000,0.00000000,0.00000000,0.00000000,0.00000000,0.00000000,0.00000000,0.00000000,0.00000000,0.00000000,0.00000000,0.00000000,0.00000000,0.00000000,0.00000000,0.00000000,0.00000000,0.00376681,0.00000000,0.00588711,0.00000000,0.00000000,0.00000000,0.00260565,0.00000000,0.00000000,0.00000000,0.01437163,0.00000000,0.00000000,0.00000000,0.00000000,0.00000000,0.00000000,0.00000000,0.00000000,0.00000000,0.00000000,0.00000000,0.00000000,0.00000000,0.00000000,0.00000000,0.00000000,0.00000000,0.00000000,0.00000000,0.02066856,0.00000000,0.01939488,0.00000000,0.00000000,0.00235218,0.00000000,0.77422460,0.00000000,0.01377639,0.00000000,0.00000000,0.01602464,0.00000000
0.01731463,0.01932997,0.00683963,0.05066220,0.01105849,0.00101735,0.06355783,1.54548371,0.01915481,3.49247460,0.00090329,0.00000000,0.00000000,2.17524924,0.00000000,0.00000000,0.00000000,0.00000000,0.00000000,0.00000000,0.00000000,0.00000000,0.00000000,0.00000000,0.00000000,0.00000000,0.00000000,0.00000000,0.00000000,0.00000000,0.00625728,0.00000000,0.02841438,0.04363146,0.00000000,0.01666488,0.00256797,0.00000000,0.01398685,0.01500285,0.02266741,0.02620574,0.04214346,0.00000000,0.00000000,0.00000000,0.00000000,0.00000000,0.00000000,0.00000000,0.00000000,0.00000000,0.00000000,0.00000000,0.00000000,0.00000000,0.00000000,0.00000000,0.00000000,0.00000000,0.00861834,0.00000000,0.05916030,0.00000000,0.00000000,0.00877354,0.00000000,0.05965078,0.00000000,0.53834629,0.00000000,0.00636285,0.32512026,0.01484886
0.02101049,0.01612292,0.00771435,0.03232977,0.02737658,0.00000000,0.17285234,1.87389532,0.00521724,0.57730922,0.00000000,0.00000000,2.17524924,0.00000000,0.00000000,0.00000000,0.00000000,0.00000000,0.00000000,0.00000000,0.00000000,0.00000000,0.00000000,0.00000000,0.00000000,0.00000000,0.00000000,0.00000000,0.00000000,0.00000000,0.00125165,0.00000000,0.01786210,0.03334631,0.00000000,0.02211949,0.00000000,0.00000000,0.01997406,0.02510002,0.01394671,0.04889390,0.09503548,0.00000000,0.00000000,0.00000000,0.00000000,0.00000000,0.00000000,0.00000000,0.00000000,0.00000000,0.00000000,0.00000000,0.00000000,0.00000000,0.00000000,0.00000000,0.00000000,0.00000000,0.00486704,0.00000000,0.06350370,0.00000000,0.00000000,0.01308976,0.00000000,0.06440714,0.00000000,1.21483307,0.00000000,0.02626471,0.94063257,0.07851420
0.00000000,0.00000000,0.00000000,0.00000000,0.00000000,0.00000000,0.00000000,0.00000000,0.00000000,0.00000000,0.00000000,0.00000000,0.00000000,0.00000000,0.00000000,5.91254406,2.87417570,5.28474871,0.18904250,0.21076842,1.23872863,4.00785508,4.54964366,0.10342636,0.01038319,0.23151014,0.27676078,0.29812020,0.02127841,0.00000000,0.00000000,0.00000000,0.00000000,0.00000000,0.00000000,0.00000000,0.00000000,0.00000000,0.00000000,0.00000000,0.00000000,0.00000000,0.00000000,0.00000000,0.00000000,0.00000000,0.00000000,0.00000000,0.00000000,0.00000000,0.00000000,0.00000000,0.00000000,0.00000000,0.00000000,0.00000000,0.00000000,0.00000000,0.00000000,0.00000000,0.00000000,0.00000000,0.00000000,0.00000000,0.00000000,0.00000000,0.00000000,0.00332438,2.48488545,0.00000000,1.37614168,0.00438405,0.16574336,0.25260402
0.00000000,0.00000000,0.00000000,0.00000000,0.00000000,0.00000000,0.00000000,0.00000000,0.00000000,0.00000000,0.00000000,0.00000000,0.00000000,0.00000000,5.91254406,0.00000000,2.40173948,0.40008546,1.70860610,0.00000000,0.68589759,1.37273751,0.07346805,0.12477939,0.03051628,0.03804751,0.04282327,0.04529078,0.01941701,0.00000000,0.00000000,0.00000000,0.00000000,0.00000000,0.00000000,0.00000000,0.00000000,0.00000000,0.00000000,0.00000000,0.00000000,0.00000000,0.00000000,0.00000000,0.00000000,0.00000000,0.00000000,0.00000000,0.00000000,0.00000000,0.00000000,0.00000000,0.00000000,0.00000000,0.00000000,0.00000000,0.00000000,0.00000000,0.00000000,0.00000000,0.00000000,0.00000000,0.00000000,0.00000000,0.00000000,0.00000000,0.00000000,0.00290403,0.32939497,0.00000000,0.49623398,0.00321713,0.13650763,0.17112783
0.00000000,0.00000000,0.00000000,0.00000000,0.00000000,0.00000000,0.00000000,0.00000000,0.00000000,0.00000000,0.00000000,0.00000000,0.00000000,0.00000000,2.87417570,2.40173948,0.00000000,1.83781399,1.48919045,0.00000000,4.24757117,0.13268040,0.04142744,0.26441810,0.05057543,0.09144902,0.23660516,0.01309277,0.00425510,0.00000000,0.00000000,0.00000000,0.00000000,0.00000000,0.00000000,0.00000000,0.00000000,0.00000000,0.00000000,0.00000000,0.00000000,0.00000000,0.00000000,0.00000000,0.00000000,0.00000000,0.00000000,0.00000000,0.00000000,0.00000000,0.00000000,0.00000000,0.00000000,0.00000000,0.00000000,0.00000000,0.00000000,0.00000000,0.00000000,0.00000000,0.00000000,0.00000000,0.00000000,0.00000000,0.00000000,0.00000000,0.00000000,0.00000000,0.16281558,0.00000000,0.62137836,0.00000000,0.06450324,0.11775283
0.00000000,0.00000000,0.00000000,0.00000000,0.00000000,0.00000000,0.00000000,0.00000000,0.00000000,0.00000000,0.00000000,0.00000000,0.00000000,0.00000000,5.28474871,0.40008546,1.83781399,0.00000000,0.02626764,0.77342216,2.23798130,0.28501263,1.14861691,0.04503878,0.00189072,1.85764572,0.97514454,0.05721100,0.00151964,0.00000000,0.00000000,0.00000000,0.00000000,0.00000000,0.00000000,0.00000000,0.00000000,0.00000000,0.00000000,0.00000000,0.00000000,0.00000000,0.00000000,0.00000000,0.00000000,0.00000000,0.00000000,0.00000000,0.00000000,0.00000000,0.00000000,0.00000000,0.00000000,0.00000000,0.00000000,0.00000000,0.00000000,0.00000000,0.00000000,0.00000000,0.00000000,0.00000000,0.00000000,0.00000000,0.00000000,0.00000000,0.00000000,0.00000000,1.50266475,0.00000000,4.20625487,0.00000000,0.03630175,0.11307234
0.00000000,0.00000000,0.00000000,0.00000000,0.00000000,0.00000000,0.00000000,0.00000000,0.00000000,0.00000000,0.00000000,0.00000000,0.00000000,0.00000000,0.18904250,1.70860610,1.48919045,0.02626764,0.00000000,0.00000000,1.61933161,0.04411710,0.00356908,0.28060642,0.49105308,0.00145869,0.00812481,0.00521135,0.00581872,0.00000000,0.00000000,0.00000000,0.00000000,0.00000000,0.00000000,0.00000000,0.00000000,0.00000000,0.00000000,0.00000000,0.00000000,0.00000000,0.00000000,0.00000000,0.00000000,0.00000000,0.00000000,0.00000000,0.00000000,0.00000000,0.00000000,0.00000000,0.00000000,0.00000000,0.00000000,0.00000000,0.00000000,0.00000000,0.00000000,0.00000000,0.00000000,0.00000000,0.00000000,0.00000000,0.00000000,0.00000000,0.00000000,0.00000000,0.03377064,0.00000000,0.09987628,0.00000000,0.03841973,0.04414369
0.00000000,0.00000000,0.00000000,0.00000000,0.00000000,0.00000000,0.00000000,0.00000000,0.00000000,0.00000000,0.00000000,0.00000000,0.00000000,0.00000000,0.21076842,0.00000000,0.00000000,0.77342216,0.00000000,0.00000000,0.00305719,0.00419447,0.96803882,0.00000000,0.00000000,0.72221870,0.00512895,0.00412989,0.00000000,0.00000000,0.00000000,0.00000000,0.00000000,0.00000000,0.00000000,0.00000000,0.00000000,0.00000000,0.00000000,0.00000000,0.00000000,0.00000000,0.00000000,0.00000000,0.00000000,0.00000000,0.00000000,0.00000000,0.00000000,0.00000000,0.00000000,0.00000000,0.00000000,0.00000000,0.00000000,0.00000000,0.00000000,0.00000000,0.00000000,0.00000000,0.00000000,0.00000000,0.00000000,0.00000000,0.00000000,0.00000000,0.00000000,0.00000000,0.54208590,0.00000000,0.71676478,0.00000000,0.00000000,0.00000000
0.00000000,0.00000000,0.00000000,0.00000000,0.00000000,0.00000000,0.00000000,0.00000000,0.00000000,0.00000000,0.00000000,0.00000000,0.00000000,0.00000000,1.23872863,0.68589759,4.24757117,2.23798130,1.61933161,0.00305719,0.00000000,0.11613437,0.05922085,2.72665971,0.31042157,0.28442485,2.18642377,0.01276299,0.00351402,0.00000000,0.00000000,0.00000000,0.00000000,0.00000000,0.00000000,0.00000000,0.00000000,0.00000000,0.00000000,0.00000000,0.00000000,0.00000000,0.00000000,0.00000000,0.00000000,0.00000000,0.00000000,0.00000000,0.00000000,0.00000000,0.00000000,0.00000000,0.00000000,0.00000000,0.00000000,0.00000000,0.00000000,0.00000000,0.00000000,0.00000000,0.00000000,0.00000000,0.00000000,0.00000000,0.00000000,0.00000000,0.00000000,0.00000000,0.15582615,0.00000000,1.60558596,0.00128562,0.07103622,0.14678790
0.00000000,0.00000000,0.00000000,0.00000000,0.00271789,0.00000000,0.00358773,0.00000000,0.00000000,0.00000000,0.00000000,0.00000000,0.00000000,0.00000000,4.00785508,1.37273751,0.13268040,0.28501263,0.04411710,0.00419447,0.11613437,0.00000000,4.54955459,0.02455021,0.00365829,0.03296640,0.02823373,5.83763304,1.01571374,0.00000000,0.00000000,0.00000000,0.00000000,0.00000000,0.00000000,0.00000000,0.00000000,0.00000000,0.00000000,0.00000000,0.00000000,0.00000000,0.00000000,0.00000000,0.00000000,0.00000000,0.00000000,0.00000000,0.00000000,0.00000000,0.00000000,0.00000000,0.00000000,0.00000000,0.00000000,0.00000000,0.00000000,0.00000000,0.00000000,0.00000000,0.00000000,0.00000000,0.00000000,0.00000000,0.00000000,0.00079207,0.00000000,0.00544463,1.28306632,0.00084711,0.43063514,0.00462999,0.20596639,0.18364180
0.00000000,0.00000000,0.00000000,0.00000000,0.00281070,0.00000000,0.00111328,0.00000000,0.00000000,0.00000000,0.00000000,0.00000000,0.00000000,0.00000000,4.54964366,0.07346805,0.04142744,1.14861691,0.00356908,0.96803882,0.05922085,4.54955459,0.00000000,0.00409170,0.00000000,0.04737389,0.03645678,2.85410582,0.02951735,0.00000000,0.00000000,0.00000000,0.00000000,0.00000000,0.00000000,0.00000000,0.00000000,0.00000000,0.00000000,0.00000000,0.00000000,0.00000000,0.00000000,0.00000000,0.00000000,0.00000000,0.00000000,0.00000000,0.00000000,0.00000000,0.00000000,0.00000000,0.00000000,0.00000000,0.00000000,0.00000000,0.00000000,0.00000000,0.00000000,0.00000000,0.00000000,0.00000000,0.00000000,0.00000000,0.00000000,0.00000000,0.00000000,0.00000000,4.54944135,0.00000000,0.27128329,0.00000000,0.04756902,0.03803734
0.00000000,0.00000000,0.00000000,0.00000000,0.00000000,0.00000000,0.00000000,0.00000000,0.00000000,0.00000000,0.00000000,0.00000000,0.00000000,0.00000000,0.10342636,0.12477939,0.26441810,0.04503878,0.28060642,0.00000000,2.72665971,0.02455021,0.00409170,0.00000000,0.53315838,0.00420870,0.10273262,0.00294028,0.00123050,0.00000000,0.00000000,0.00000000,0.00000000,0.00000000,0.00000000,0.00000000,0.00000000,0.00000000,0.00000000,0.00000000,0.00000000,0.00000000,0.00000000,0.00000000,0.00000000,0.00000000,0.00000000,0.00000000,0.00000000,0.00000000,0.00000000,0.00000000,0.00000000,0.00000000,0.00000000,0.00000000,0.00000000,0.00000000,0.00000000,0.00000000,0.00000000,0.00000000,0.00000000,0.00000000,0.00000000,0.00000000,0.00000000,0.00000000,0.02821468,0.00000000,0.11441165,0.00000000,0.04542861,0.04528231
0.00000000,0.00000000,0.00000000,0.00000000,0.00000000,0.00000000,0.00000000,0.00000000,0.00000000,0.00000000,0.00000000,0.00000000,0.00000000,0.00000000,0.01038319,0.03051628,0.05057543,0.00189072,0.49105308,0.00000000,0.31042157,0.00365829,0.00000000,0.53315838,0.00000000,0.00000000,0.00000000,0.00000000,0.00000000,0.00000000,0.00000000,0.00000000,0.00000000,0.00000000,0.00000000,0.00000000,0.00000000,0.00000000,0.00000000,0.00000000,0.00000000,0.00000000,0.00000000,0.00000000,0.00000000,0.00000000,0.00000000,0.00000000,0.00000000,0.00000000,0.00000000,0.00000000,0.00000000,0.00000000,0.00000000,0.00000000,0.00000000,0.00000000,0.00000000,0.00000000,0.00000000,0.00000000,0.00000000,0.00000000,0.00000000,0.00000000,0.00000000,0.00000000,0.00199444,0.00000000,0.01244813,0.00000000,0.01226816,0.00968568
0.00000000,0.00000000,0.00000000,0.00000000,0.00000000,0.00000000,0.00000000,0.00000000,0.00000000,0.00000000,0.00000000,0.00000000,0.00000000,0.00000000,0.23151014,0.03804751,0.09144902,1.85764572,0.00145869,0.72221870,0.28442485,0.03296640,0.04737389,0.00420870,0.00000000,0.00000000,0.44758753,0.00423431,0.00000000,0.00000000,0.00000000,0.00000000,0.00000000,0.00000000,0.00000000,0.00000000,0.00000000,0.00000000,0.00000000,0.00000000,0.00000000,0.00000000,0.00000000,0.00000000,0.00000000,0.00000000,0.00000000,0.00000000,0.00000000,0.00000000,0.00000000,0.00000000,0.00000000,0.00000000,0.00000000,0.00000000,0.00000000,0.00000000,0.00000000,0.00000000,0.00000000,0.00000000,0.00000000,0.00248232,0.00000000,0.00000000,0.00000000,0.00000000,0.07860799,0.00000000,6.40030571,0.00000000,0.00952488,0.04579987
0.00000000,0.00000000,0.00000000,0.00000000,0.00000000,0.00000000,0.00000000,0.00000000,0.00000000,0.00000000,0.00000000,0.00000000,0.00000000,0.00000000,0.27676078,0.04282327,0.23660516,0.97514454,0.00812481,0.00512895,2.18642377,0.02823373,0.03645678,0.10273262,0.00000000,0.44758753,0.00000000,0.00362601,0.00000000,0.00000000,0.00000000,0.00000000,0.00000000,0.00000000,0.00000000,0.00000000,0.00000000,0.00000000,0.00000000,0.00000000,0.00000000,0.00000000,0.00000000,0.00000000,0.00000000,0.00000000,0.00000000,0.00000000,0.00000000,0.00000000,0.00000000,0.00000000,0.00000000,0.00000000,0.00000000,0.00000000,0.00000000,0.00000000,0.00000000,0.00000000,0.00000000,0.00000000,0.00000000,0.00208852,0.00000000,0.00000000,0.00000000,0.00000000,0.04752544,0.00000000,3.05362089,0.00000000,0.00639904,0.02962975
0.00000000,0.00000000,0.00000000,0.00000000,0.00423448,0.00000000,0.00314089,0.00000000,0.00000000,0.00000000,0.00000000,0.00000000,0.00000000,0.00000000,0.29812020,0.04529078,0.01309277,0.05721100,0.00521135,0.00412989,0.01276299,5.83763304,2.85410582,0.00294028,0.00000000,0.00423431,0.00362601,0.00000000,1.30770552,0.00000000,0.00000000,0.00000000,0.00000000,0.00000000,0.00000000,0.00000000,0.00000000,0.00000000,0.00000000,0.00000000,0.00000000,0.00000000,0.00000000,0.00000000,0.00000000,0.00000000,0.00000000,0.00000000,0.00000000,0.00000000,0.00000000,0.00000000,0.00000000,0.00000000,0.00000000,0.00000000,0.00000000,0.00000000,0.00000000,0.00000000,0.00000000,0.00000000,0.00000000,0.00000000,0.00000000,0.00000000,0.00000000,0.00094365,0.56952172,0.00000000,0.07467816,0.00000000,0.07983834,0.03787687
0.00000000,0.00000000,0.00000000,0.00000000,0.00115821,0.00000000,0.00111137,0.00000000,0.00000000,0.00000000,0.00000000,0.00000000,0.00000000,0.00000000,0.02127841,0.01941701,0.00425510,0.00151964,0.00581872,0.00000000,0.00351402,1.01571374,0.02951735,0.00123050,0.00000000,0.00000000,0.00000000,1.30770552,0.00000000,0.00000000,0.00000000,0.00000000,0.00000000,0.00000000,0.00000000,0.00000000,0.00000000,0.00000000,0.00000000,0.00000000,0.00000000,0.00000000,0.00000000,0.00000000,0.00000000,0.00000000,0.00000000,0.00000000,0.00000000,0.00000000,0.00000000,0.00000000,0.00000000,0.00000000,0.00000000,0.00000000,0.00000000,0.00000000,0.00000000,0.00000000,0.00000000,0.00000000,0.00000000,0.00000000,0.00000000,0.00000000,0.00000000,0.00000000,0.03926559,0.00000000,0.03245199,0.00093510,0.13582933,0.04826719
0.00000000,0.01133152,0.00000000,0.00434468,0.00000000,0.00000000,0.00000000,0.00190719,0.00000000,0.00467922,0.00135934,0.00000000,0.00000000,0.00000000,0.00000000,0.00000000,0.00000000,0.00000000,0.00000000,0.00000000,0.00000000,0.00000000,0.00000000,0.00000000,0.00000000,0.00000000,0.00000000,0.00000000,0.00000000,0.00000000,2.06299278,0.86090128,0.40485345,0.10435313,2.35283311,0.07556913,0.06092460,0.00000000,0.01458701,0.01916839,0.06732887,0.00854561,0.01981267,0.00000000,0.00132909,0.00000000,0.00000000,0.00000000,0.00000000,0.00000000,0.00000000,0.00000000,0.00316202,0.00000000,0.00000000,0.00000000,0.01334298,0.00000000,0.00000000,0.00353932,0.33235906,0.00000000,0.13629207,0.00000000,0.00000000,0.41642693,0.00105809,0.01158329,0.00000000,0.00791518,0.00000000,0.00000000,0.00000000,0.00000000
0.00507435,0.03230216,0.00000000,0.01685965,0.00000000,0.00482408,0.00000000,0.01089199,0.00000000,0.01632780,0.00724883,0.00376681,0.00625728,0.00125165,0.00000000,0.00000000,0.00000000,0.00000000,0.00000000,0.00000000,0.00000000,0.00000000,0.00000000,0.00000000,0.00000000,0.00000000,0.00000000,0.00000000,0.00000000,2.06299278,0.00000000,1.41105770,1.64560251,0.13203492,0.65195879,0.04569534,0.77152887,0.00155058,0.00969249,0.00767998,0.31477136,0.00679355,0.00854028,0.00000000,0.00000000,0.00000000,0.00000000,0.00000000,0.00000000,0.00000000,0.00000000,0.00000000,0.00000000,0.00000000,0.00000000,0.00000000,0.00000000,0.00000000,0.00000000,0.00000000,1.88265569,0.00000000,0.23794702,0.00000000,0.00000000,1.43034114,0.00000000,0.03250993,0.00000000,0.02828295,0.00000000,0.00000000,0.00577545,0.00000000
0.00000000,0.00434047,0.00000000,0.00000000,0.00000000,0.00000000,0.00000000,0.00000000,0.00000000,0.00222534,0.00000000,0.00000000,0.00000000,0.00000000,0.00000000,0.00000000,0.00000000,0.00000000,0.00000000,0.00000000,0.00000000,0.00000000,0.00000000,0.00000000,0.00000000,0.00000000,0.00000000,0.00000000,0.00000000,0.86090128,1.41105770,0.00000000,1.31387821,0.59356656,2.44259388,0.23977020,0.01115095,0.00000000,0.01420482,0.01566296,0.02376299,0.00763469,0.01496073,0.00000000,0.00000000,0.00000000,0.00000000,0.00000000,0.00000000,0.00000000,0.00000000,0.00000000,0.00000000,0.00000000,0.00000000,0.00000000,0.00119795,0.00000000,0.00000000,0.00000000,0.07910744,0.00000000,0.11541001,0.00000000,0.00000000,0.22163335,0.00000000,0.00533667,0.00000000,0.00439810,0.00000000,0.00000000,0.00000000,0.00000000
0.01185271,0.06259556,0.00403918,0.04215613,0.00000000,0.00938750,0.00117979,0.03793009,0.00867572,0.05488212,0.01442764,0.00588711,0.02841438,0.01786210,0.00000000,0.00000000,0.00000000,0.00000000,0.00000000,0.00000000,0.00000000,0.00000000,0.00000000,0.00000000,0.00000000,0.00000000,0.00000000,0.00000000,0.00000000,0.40485345,1.64560251,1.31387821,0.00000000,0.96343770,0.88124981,0.19056817,2.38324607,0.23890398,0.03353699,0.01927294,2.02262552,0.02321341,0.01457840,0.00000000,0.00000000,0.00000000,0.00000000,0.00000000,0.00000000,0.00000000,0.00000000,0.00000000,0.00000000,0.00000000,0.00000000,0.00000000,0.00000000,0.00000000,0.00000000,0.00000000,0.60758076,0.00000000,0.53974559,0.00000000,0.00000000,0.47178717,0.00058667,0.07690100,0.00000000,0.07496327,0.00000000,0.00000000,0.01439114,0.00000000
0.00437948,0.03089161,0.00000000,0.02555900,0.00000000,0.00357088,0.00000000,0.03300876,0.00618329,0.05726513,0.00387832,0.00000000,0.04363146,0.03334631,0.00000000,0.00000000,0.00000000,0.00000000,0.00000000,0.00000000,0.00000000,0.00000000,0.00000000,0.00000000,0.00000000,0.00000000,0.00000000,0.00000000,0.00000000,0.10435313,0.13203492,0.59356656,0.96343770,0.00000000,0.41760543,2.93537578,0.10353705,1.80730134,1.24021612,0.17994584,0.06958943,0.25994450,0.11985600,0.00000000,0.00000000,0.00000000,0.00000000,0.00000000,0.00000000,0.00000000,0.00000000,0.00000000,0.00000000,0.00000000,0.00000000,0.00000000,0.00000000,0.00000000,0.00000000,0.00000000,0.13826837,0.00000000,0.55846810,0.00000000,0.00118412,0.41112841,0.00288500,0.02679504,0.00000000,0.05546284,0.00000000,0.00000000,0.00869797,0.00000000
0.00000000,0.00180471,0.00000000,0.00000000,0.00000000,0.00000000,0.00000000,0.00000000,0.00000000,0.00413133,0.00000000,0.00000000,0.00000000,0.00000000,0.00000000,0.00000000,0.00000000,0.00000000,0.00000000,0.00000000,0.00000000,0.00000000,0.00000000,0.00000000,0.00000000,0.00000000,0.00000000,0.00000000,0.00000000,2.35283311,0.65195879,2.44259388,0.88124981,0.41760543,0.00000000,0.56153795,0.00639169,0.00000000,0.04370677,0.08717250,0.01302988,0.02499756,0.14047570,0.00000000,0.00216287,0.00000000,0.00000000,0.00000000,0.00000000,0.00000000,0.00000000,0.00000000,0.00412216,0.00000000,0.00000000,0.00000000,0.00756103,0.00000000,0.00000000,0.00496146,0.06562968,0.00000000,0.24581888,0.00157810,0.00239012,0.74025887,0.00749102,0.00223230,0.00000000,0.00545344,0.00000000,0.00000000,0.00000000,0.00000000
0.00000000,0.01092216,0.00000000,0.00888046,0.00000000,0.00000000,0.00000000,0.01831590,0.00000000,0.02234179,0.00000000,0.00000000,0.01666488,0.02211949,0.00000000,0.00000000,0.00000000,0.00000000,0.00000000,0.00000000,0.00000000,0.00000000,0.00000000,0.00000000,0.00000000,0.00000000,0.00000000,0.00000000,0.00000000,0.07556913,0.04569534,0.23977020,0.19056817,2.93537578,0.56153795,0.00000000,0.00264569,0.00364487,1.89871511,1.84796304,0.00698641,0.28404876,0.67103390,0.00000000,0.00000000,0.00000000,0.00000000,0.00000000,0.00000000,0.00000000,0.00000000,0.00000000,0.00000000,0.00000000,0.00000000,0.00000000,0.00000000,0.00000000,0.00000000,0.00000000,0.07522789,0.00000000,0.53547994,0.00000000,0.00660656,0.72005336,0.01183213,0.00954821,0.00000000,0.02659532,0.00000000,0.00000000,0.00369522,0.00000000
0.00000000,0.01244272,0.00000000,0.00763518,0.00000000,0.00183121,0.00000000,0.00535758,0.00000000,0.00798939,0.00396694,0.00260565,0.00256797,0.00000000,0.00000000,0.00000000,0.00000000,0.00000000,0.00000000,0.00000000,0.00000000,0.00000000,0.00000000,0.00000000,0.00000000,0.00000000,0.00000000,0.00000000,0.00000000,0.06092460,0.77152887,0.01115095,2.38324607,0.10353705,0.00639169,0.00264569,0.00000000,0.13097266,0.00109450,0.00000000,2.07831433,0.00230831,0.00000000,0.00000000,0.00000000,0.00000000,0.00000000,0.00000000,0.00000000,0.00000000,0.00000000,0.00000000,0.00000000,0.00000000,0.00000000,0.00000000,0.00000000,0.00000000,0.00000000,0.00000000,1.30520522,0.00000000,0.05987895,0.00000000,0.00000000,0.19006681,0.00000000,0.01930636,0.00000000,0.01073019,0.00000000,0.00000000,0.00251431,0.00000000
0.00000000,0.00000000,0.00000000,0.00000000,0.00000000,0.00000000,0.00000000,0.00000000,0.00000000,0.00000000,0.00000000,0.00000000,0.00000000,0.00000000,0.00000000,0.00000000,0.00000000,0.00000000,0.00000000,0.00000000,0.00000000,0.00000000,0.00000000,0.00000000,0.00000000,0.00000000,0.00000000,0.00000000,0.00000000,0.00000000,0.00155058,0.00000000,0.23890398,1.80730134,0.00000000,0.00364487,0.13097266,0.00000000,0.13805742,0.00000000,0.01398824,0.00635481,0.00000000,0.00000000,0.00000000,0.00000000,0.00000000,0.00000000,0.00000000,0.00000000,0.00000000,0.00000000,0.00000000,0.00000000,0.00000000,0.00000000,0.00000000,0.00000000,0.00000000,0.00000000,0.00139468,0.00000000,0.00748498,0.00000000,0.00000000,0.00256910,0.00000000,0.00000000,0.00000000,0.00000000,0.00000000,0.00000000,0.00000000,0.00000000
0.00000000,0.00900679,0.00000000,0.01099977,0.00000000,0.00000000,0.00000000,0.01610854,0.00224762,0.02214758,0.00000000,0.00000000,0.01398685,0.01997406,0.00000000,0.00000000,0.00000000,0.00000000,0.00000000,0.00000000,0.00000000,0.00000000,0.00000000,0.00000000,0.00000000,0.00000000,0.00000000,0.00000000,0.00000000,0.01458701,0.00969249,0.01420482,0.03353699,1.24021612,0.04370677,1.89871511,0.00109450,0.13805742,0.00000000,2.31537740,0.00609582,2.00790037,0.42567024,0.00000000,0.00000000,0.00000000,0.00000000,0.00000000,0.00000000,0.00000000,0.00000000,0.00000000,0.00000000,0.00000000,0.00000000,0.00000000,0.00000000,0.00000000,0.00000000,0.00000000,0.02447640,0.00000000,0.24895762,0.00000000,0.00194780,0.19058899,0.00355191,0.00971585,0.00000000,0.02553854,0.00000000,0.00000000,0.00149454,0.00000000
0.00000000,0.00528245,0.00000000,0.00734948,0.00000000,0.00000000,0.00000000,0.01603493,0.00000000,0.01733301,0.00000000,0.00000000,0.01500285,0.02510002,0.00000000,0.00000000,0.00000000,0.00000000,0.00000000,0.00000000,0.00000000,0.00000000,0.00000000,0.00000000,0.00000000,0.00000000,0.00000000,0.00000000,0.00000000,0.01916839,0.00767998,0.01566296,0.01927294,0.17994584,0.08717250,1.84796304,0.00000000,0.00000000,2.31537740,0.00000000,0.00210326,1.22497660,3.76121396,0.00000000,0.00000000,0.00000000,0.00000000,0.00000000,0.00000000,0.00000000,0.00000000,0.00000000,0.00000000,0.00000000,0.00000000,0.00000000,0.00000000,0.00000000,0.00000000,0.00000000,0.02574147,0.00000000,0.52823388,0.00000000,0.01092948,0.55757542,0.02254096,0.00538123,0.00000000,0.02551232,0.00000000,0.00000000,0.00147703,0.00000000
0.01157390,0.08292134,0.00537479,0.04401568,0.00000000,0.01633676,0.00190650,0.03389037,0.01110584,0.05181729,0.02342241,0.01437163,0.02266741,0.01394671,0.00000000,0.00000000,0.00000000,0.00000000,0.00000000,0.00000000,0.00000000,0.00000000,0.00000000,0.00000000,0.00000000,0.00000000,0.00000000,0.00000000,0.00000000,0.06732887,0.31477136,0.02376299,2.02262552,0.06958943,0.01302988,0.00698641,2.07831433,0.01398824,0.00609582,0.00210326,0.00000000,0.00980895,0.00270738,0.00000000,0.00000000,0.00000000,0.00000000,0.00000000,0.00000000,0.00000000,0.00000000,0.00000000,0.00000000,0.00000000,0.00000000,0.00000000,0.00000000,0.00000000,0.00000000,0.00000000,1.79783286,0.00000000,0.22830840,0.00000000,0.00000000,0.13086599,0.00000000,0.08439577,0.00000000,0.06031668,0.00000000,0.00000000,0.01618329,0.00000000
0.00000000,0.01280128,0.00000000,0.01418177,0.00000000,0.00000000,0.00000000,0.03758617,0.00290135,0.04428764,0.00130874,0.00000000,0.02620574,0.04889390,0.00000000,0.00000000,0.00000000,0.00000000,0.00000000,0.00000000,0.00000000,0.00000000,0.00000000,0.00000000,0.00000000,0.00000000,0.00000000,0.00000000,0.00000000,0.00854561,0.00679355,0.00763469,0.02321341,0.25994450,0.02499756,0.28404876,0.00230831,0.00635481,2.00790037,1.22497660,0.00980895,0.00000000,2.30274156,0.00000000,0.00000000,0.00000000,0.00000000,0.00000000,0.00000000,0.00000000,0.00000000,0.00000000,0.00000000,0.00000000,0.00000000,0.00000000,0.00000000,0.00000000,0.00000000,0.00000000,0.02093615,0.00000000,0.39833906,0.00000000,0.00608683,0.25171712,0.01146896,0.00945971,0.00000000,0.05328918,0.00000000,0.00000000,0.00710454,0.00000000
0.00000000,0.00803728,0.00000000,0.01530760,0.00000000,0.00000000,0.00000000,0.04104880,0.00161570,0.04867648,0.00000000,0.00000000,0.04214346,0.09503548,0.00000000,0.00000000,0.00000000,0.00000000,0.00000000,0.00000000,0.00000000,0.00000000,0.00000000,0.00000000,0.00000000,0.00000000,0.00000000,0.00000000,0.00000000,0.01981267,0.00854028,0.01496073,0.01457840,0.11985600,0.14047570,0.67103390,0.00000000,0.00000000,0.42567024,3.76121396,0.00270738,2.30274156,0.00000000,0.00000000,0.00000000,0.00000000,0.00000000,0.00000000,0.00000000,0.00000000,0.00000000,0.00000000,0.00000000,0.00000000,0.00000000,0.00000000,0.00000000,0.00000000,0.00000000,0.00000000,0.03102812,0.00000000,1.54050414,0.00000000,0.06706582,1.62450256,0.15975456,0.00877004,0.00000000,0.08572015,0.00000000,0.00000000,0.01489532,0.00000000
0.00000000,0.00000000,0.00000000,0.00000000,0.00000000,0.00000000,0.00000000,0.00000000,0.00000000,0.00000000,0.00000000,0.00000000,0.00000000,0.00000000,0.00000000,0.00000000,0.00000000,0.00000000,0.00000000,0.00000000,0.00000000,0.00000000,0.00000000,0.00000000,0.00000000,0.00000000,0.00000000,0.00000000,0.00000000,0.00000000,0.00000000,0.00000000,0.00000000,0.00000000,0.00000000,0.00000000,0.00000000,0.00000000,0.00000000,0.00000000,0.00000000,0.00000000,0.00000000,0.00000000,7.15204025,1.38745899,2.81040919,6.11831301,0.20623462,2.69907088,0.02141350,0.07544578,0.10956596,0.00000000,0.01445347,0.01038006,0.44780741,0.09809795,0.00492843,0.02007000,0.00000000,0.80388498,0.00000000,0.31939239,0.00196211,0.04202970,0.03716235,0.00000000,0.00000000,0.00000000,0.00000000,0.00000000,0.00000000,0.00000000
0.00000000,0.00000000,0.00000000,0.00000000,0.00000000,0.00000000,0.00000000,0.00000000,0.00000000,0.00000000,0.00000000,0.00000000,0.00000000,0.00000000,0.00000000,0.00000000,0.00000000,0.00000000,0.00000000,0.00000000,0.00000000,0.00000000,0.00000000,0.00000000,0.00000000,0.00000000,0.00000000,0.00000000,0.00000000,0.00132909,0.00000000,0.00000000,0.00000000,0.00000000,0.00216287,0.00000000,0.00000000,0.00000000,0.00000000,0.00000000,0.00000000,0.00000000,0.00000000,7.15204025,0.00000000,1.31698084,2.74400842,1.95283430,0.02819640,3.10094252,0.04446834,0.10507512,6.00340610,0.00000000,0.00397926,0.01868518,3.69863600,0.05834602,0.00158330,0.12364674,0.00155991,0.96966728,0.00210607,0.39095246,0.00739408,0.12667666,0.07371815,0.00000000,0.00000000,0.00000000,0.00000000,0.00000000,0.00000000,0.00000000
0.00000000,0.00000000,0.00000000,0.00000000,0.00000000,0.00000000,0.00000000,0.00000000,0.00000000,0.00000000,0.00000000,0.00000000,0.00000000,0.00000000,0.00000000,0.00000000,0.00000000,0.00000000,0.00000000,0.00000000,0.00000000,0.00000000,0.00000000,0.00000000,0.00000000,0.00000000,0.00000000,0.00000000,0.00000000,0.00000000,0.00000000,0.00000000,0.00000000,0.00000000,0.00000000,0.00000000,0.00000000,0.00000000,0.00000000,0.00000000,0.00000000,0.00000000,0.00000000,1.38745899,1.31698084,0.00000000,8.31243939,0.14720212,0.00000000,0.01176849,3.41015388,0.22538891,0.04892063,0.30058992,0.00000000,0.03703391,0.03434646,0.01515336,0.00000000,0.03027559,0.00000000,0.08488604,0.00000000,0.19478369,0.00244590,0.07207539,0.05217999,0.00000000,0.00000000,0.00000000,0.00000000,0.00000000,0.00000000,0.00000000
0.00000000,0.00000000,0.00000000,0.00000000,0.00000000,0.00000000,0.00000000,0.00000000,0.00000000,0.00000000,0.00000000,0.00000000,0.00000000,0.00000000,0.00000000,0.00000000,0.00000000,0.00000000,0.00000000,0.00000000,0.00000000,0.00000000,0.00000000,0.00000000,0.00000000,0.00000000,0.00000000,0.00000000,0.00000000,0.00000000,0.00000000,0.00000000,0.00000000,0.00000000,0.00000000,0.00000000,0.00000000,0.00000000,0.00000000,0.00000000,0.00000000,0.00000000,0.00000000,2.81040919,2.74400842,8.31243939,0.00000000,7.00466990,0.00503348,0.10796976,1.73054444,3.84370241,0.12465277,0.00701495,0.01232736,0.24820516,0.16447177,0.88982584,0.00731010,0.04666033,0.00000000,0.39742686,0.00105067,1.60372472,0.01075382,0.16726759,0.17721382,0.00000000,0.00000000,0.00000000,0.00000000,0.00000000,0.00000000,0.00000000
0.00000000,0.00000000,0.00000000,0.00000000,0.00000000,0.00000000,0.00000000,0.00000000,0.00000000,0.00000000,0.00000000,0.00000000,0.00000000,0.00000000,0.00000000,0.00000000,0.00000000,0.00000000,0.00000000,0.00000000,0.00000000,0.00000000,0.00000000,0.00000000,0.00000000,0.00000000,0.00000000,0.00000000,0.00000000,0.00000000,0.00000000,0.00000000,0.00000000,0.00000000,0.00000000,0.00000000,0.00000000,0.00000000,0.00000000,0.00000000,0.00000000,0.00000000,0.00000000,6.11831301,1.95283430,0.14720212,7.00466990,0.00000000,1.42150581,1.98302569,0.02805802,1.14776099,0.09192358,0.00000000,2.15716645,0.06928589,0.59520597,2.18473185,0.29534438,0.01893724,0.00000000,1.77620590,0.00000000,5.84975508,0.00182800,0.05094220,0.06301164,0.00000000,0.00000000,0.00000000,0.00060575,0.00000000,0.00000000,0.00000000
0.00000000,0.00000000,0.00000000,0.00000000,0.00000000,0.00000000,0.00000000,0.00000000,0.00000000,0.00000000,0.00000000,0.00000000,0.00000000,0.00000000,0.00000000,0.00000000,0.00000000,0.00000000,0.00000000,0.00000000,0.00000000,0.00000000,0.00000000,0.00000000,0.00000000,0.00000000,0.00000000,0.00000000,0.00000000,0.00000000,0.00000000,0.00000000,0.00000000,0.00000000,0.00000000,0.00000000,0.00000000,0.00000000,0.00000000,0.00000000,0.00000000,0.00000000,0.00000000,0.20623462,0.02819640,0.00000000,0.00503348,1.42150581,0.00000000,1.19103182,0.00000000,0.00000000,0.00189941,0.00000000,0.58071008,0.00000000,0.06481906,0.00561674,0.01688559,0.00000000,0.00000000,0.36049495,0.00000000,0.73494773,0.00000000,0.00000000,0.00000000,0.00000000,0.00000000,0.00000000,0.00000000,0.00000000,0.00000000,0.00000000
0.00000000,0.00000000,0.00000000,0.00000000,0.00000000,0.00000000,0.00000000,0.00000000,0.00000000,0.00000000,0.00000000,0.00000000,0.00000000,0.00000000,0.00000000,0.00000000,0.00000000,0.00000000,0.00000000,0.00000000,0.00000000,0.00000000,0.00000000,0.00000000,0.00000000,0.00000000,0.00000000,0.00000000,0.00000000,0.00000000,0.00000000,0.00000000,0.00000000,0.00000000,0.00000000,0.00000000,0.00000000,0.00000000,0.00000000,0.00000000,0.00000000,0.00000000,0.00000000,2.69907088,3.10094252,0.01176849,0.10796976,1.98302569,1.19103182,0.00000000,0.00192929,0.01000833,0.54134324,0.00000000,0.01596383,0.00187421,3.44896440,0.02129340,0.00380000,0.02073212,0.00000000,2.46209621,0.00000000,0.15593222,0.00000000,0.02100808,0.01124803,0.00000000,0.00000000,0.00000000,0.00000000,0.00000000,0.00000000,0.00000000
0.00000000,0.00000000,0.00000000,0.00000000,0.00000000,0.00000000,0.00000000,0.00000000,0.00000000,0.00000000,0.00000000,0.00000000,0.00000000,0.00000000,0.00000000,0.00000000,0.00000000,0.00000000,0.00000000,0.00000000,0.00000000,0.00000000,0.00000000,0.00000000,0.00000000,0.00000000,0.00000000,0.00000000,0.00000000,0.00000000,0.00000000,0.00000000,0.00000000,0.00000000,0.00000000,0.00000000,0.00000000,0.00000000,0.00000000,0.00000000,0.00000000,0.00000000,0.00000000,0.02141350,0.04446834,3.41015388,1.73054444,0.02805802,0.00000000,0.00192929,0.00000000,1.33098503,0.00824454,0.64420877,0.00000000,0.62945074,0.00579018,0.00793561,0.00000000,0.00749285,0.00000000,0.01807323,0.00000000,0.08937065,0.00000000,0.04059765,0.02418974,0.00000000,0.00000000,0.00000000,0.00000000,0.00000000,0.00000000,0.00000000
0.00000000,0.00000000,0.00000000,0.00000000,0.00000000,0.00000000,0.00000000,0.00000000,0.00000000,0.00000000,0.00000000,0.00000000,0.00000000,0.00000000,0.00000000,0.00000000,0.00000000,0.00000000,0.00000000,0.00000000,0.00000000,0.00000000,0.00000000,0.00000000,0.00000000,0.00000000,0.00000000,0.00000000,0.00000000,0.00000000,0.00000000,0.00000000,0.00000000,0.00000000,0.00000000,0.00000000,0.00000000,0.00000000,0.00000000,0.00000000,0.00000000,0.00000000,0.00000000,0.07544578,0.10507512,0.22538891,3.84370241,1.14776099,0.00000000,0.01000833,1.33098503,0.00000000,0.01884457,0.00477886,0.00343685,2.38269617,0.01927570,1.03246599,0.00238553,0.01052075,0.00000000,0.05870386,0.00000000,0.64639165,0.00300255,0.06834119,0.05747648,0.00000000,0.00000000,0.00000000,0.00000000,0.00000000,0.00000000,0.00000000
0.00000000,0.00000000,0.00000000,0.00000000,0.00000000,0.00000000,0.00000000,0.00000000,0.00000000,0.00000000,0.00000000,0.00000000,0.00000000,0.00000000,0.00000000,0.00000000,0.00000000,0.00000000,0.00000000,0.00000000,0.00000000,0.00000000,0.00000000,0.00000000,0.00000000,0.00000000,0.00000000,0.00000000,0.00000000,0.00316202,0.00000000,0.00000000,0.00000000,0.00000000,0.00412216,0.00000000,0.00000000,0.00000000,0.00000000,0.00000000,0.00000000,0.00000000,0.00000000,0.10956596,6.00340610,0.04892063,0.12465277,0.09192358,0.00189941,0.54134324,0.00824454,0.01884457,0.00000000,0.00000000,0.00000000,0.00387725,3.77286793,0.00684201,0.00000000,1.92052371,0.00000000,0.28473791,0.00000000,0.09219653,0.00212076,0.04977885,0.02219024,0.00000000,0.00000000,0.00000000,0.00000000,0.00000000,0.00000000,0.00000000
0.00000000,0.00000000,0.00000000,0.00000000,0.00000000,0.00000000,0.00000000,0.00000000,0.00000000,0.00000000,0.00000000,0.00000000,0.00000000,0.00000000,0.00000000,0.00000000,0.00000000,0.00000000,0.00000000,0.00000000,0.00000000,0.00000000,0.00000000,0.00000000,0.00000000,0.00000000,0.00000000,0.00000000,0.00000000,0.00000000,0.00000000,0.00000000,0.00000000,0.00000000,0.00000000,0.00000000,0.00000000,0.00000000,0.00000000,0.00000000,0.00000000,0.00000000,0.00000000,0.00000000,0.00000000,0.30058992,0.00701495,0.00000000,0.00000000,0.00000000,0.64420877,0.00477886,0.00000000,0.00000000,0.00000000,0.00000000,0.00000000,0.00000000,0.00000000,0.00000000,0.00000000,0.00000000,0.00000000,0.00000000,0.00000000,0.00000000,0.00000000,0.00000000,0.00000000,0.00000000,0.00000000,0.00000000,0.00000000,0.00000000
0.00000000,0.00000000,0.00000000,0.00000000,0.00000000,0.00000000,0.00000000,0.00000000,0.00000000,0.00000000,0.00000000,0.00000000,0.00000000,0.00000000,0.00000000,0.00000000,0.00000000,0.00000000,0.00000000,0.00000000,0.00000000,0.00000000,0.00000000,0.00000000,0.00000000,0.00000000,0.00000000,0.00000000,0.00000000,0.00000000,0.00000000,0.00000000,0.00000000,0.00000000,0.00000000,0.00000000,0.00000000,0.00000000,0.00000000,0.00000000,0.00000000,0.00000000,0.00000000,0.01445347,0.00397926,0.00000000,0.01232736,2.15716645,0.58071008,0.01596383,0.00000000,0.00343685,0.00000000,0.00000000,0.00000000,0.00000000,0.00205481,0.37334051,1.54921064,0.00000000,0.00000000,0.01871586,0.00000000,6.77024935,0.00000000,0.00000000,0.00837321,0.00000000,0.00000000,0.00000000,0.00118939,0.00000000,0.00000000,0.00000000
0.00000000,0.00000000,0.00000000,0.00000000,0.00000000,0.00000000,0.00000000,0.00000000,0.00000000,0.00000000,0.00000000,0.00000000,0.00000000,0.00000000,0.00000000,0.00000000,0.00000000,0.00000000,0.00000000,0.00000000,0.00000000,0.00000000,0.00000000,0.00000000,0.00000000,0.00000000,0.00000000,0.00000000,0.00000000,0.00000000,0.00000000,0.00000000,0.00000000,0.00000000,0.00000000,0.00000000,0.00000000,0.00000000,0.00000000,0.00000000,0.00000000,0.00000000,0.00000000,0.01038006,0.01868518,0.03703391,0.24820516,0.06928589,0.00000000,0.00187421,0.62945074,2.38269617,0.00387725,0.00000000,0.00000000,0.00000000,0.00250921,0.11051786,0.00000000,0.00214661,0.00000000,0.01260317,0.00000000,0.09825533,0.00000000,0.03184093,0.01963470,0.00000000,0.00000000,0.00000000,0.00000000,0.00000000,0.00000000,0.00000000
0.00000000,0.00000000,0.00000000,0.00000000,0.00000000,0.00000000,0.00000000,0.00000000,0.00000000,0.00000000,0.00000000,0.00000000,0.00000000,0.00000000,0.00000000,0.00000000,0.00000000,0.00000000,0.00000000,0.00000000,0.00000000,0.00000000,0.00000000,0.00000000,0.00000000,0.00000000,0.00000000,0.00000000,0.00000000,0.01334298,0.00000000,0.00119795,0.00000000,0.00000000,0.00756103,0.00000000,0.00000000,0.00000000,0.00000000,0.00000000,0.00000000,0.00000000,0.00000000,0.44780741,3.69863600,0.03434646,0.16447177,0.59520597,0.06481906,3.44896440,0.00579018,0.01927570,3.77286793,0.00000000,0.00205481,0.00250921,0.00000000,0.01479047,0.00000000,0.61836536,0.00000000,1.35751022,0.00122531,0.11501134,0.00204342,0.05761279,0.02597315,0.00000000,0.00000000,0.00000000,0.00000000,0.00000000,0.00000000,0.00000000
0.00000000,0.00000000,0.00000000,0.00000000,0.00000000,0.00000000,0.00000000,0.00000000,0.00000000,0.00000000,0.00000000,0.00000000,0.00000000,0.00000000,0.00000000,0.00000000,0.00000000,0.00000000,0.00000000,0.00000000,0.00000000,0.00000000,0.00000000,0.00000000,0.00000000,0.00000000,0.00000000,0.00000000,0.00000000,0.00000000,0.00000000,0.00000000,0.00000000,0.00000000,0.00000000,0.00000000,0.00000000,0.00000000,0.00000000,0.00000000,0.00000000,0.00000000,0.00000000,0.09809795,0.05834602,0.01515336,0.88982584,2.18473185,0.00561674,0.02129340,0.00793561,1.03246599,0.00684201,0.00000000,0.37334051,0.11051786,0.01479047,0.00000000,0.60094571,0.00138736,0.00000000,0.03869531,0.00000000,3.10819755,0.00000000,0.00711425,0.02024873,0.00000000,0.00000000,0.00000000,0.00171989,0.00000000,0.00000000,0.00000000
0.00000000,0.00000000,0.00000000,0.00000000,0.00000000,0.00000000,0.00000000,0.00000000,0.00000000,0.00000000,0.00000000,0.00000000,0.00000000,0.00000000,0.00000000,0.00000000,0.00000000,0.00000000,0.00000000,0.00000000,0.00000000,0.00000000,0.00000000,0.00000000,0.00000000,0.00000000,0.00000000,0.00000000,0.00000000,0.00000000,0.00000000,0.00000000,0.00000000,0.00000000,0.00000000,0.00000000,0.00000000,0.00000000,0.00000000,0.00000000,0.00000000,0.00000000,0.00000000,0.00492843,0.00158330,0.00000000,0.00731010,0.29534438,0.01688559,0.00380000,0.00000000,0.00238553,0.00000000,0.00000000,1.54921064,0.00000000,0.00000000,0.60094571,0.00000000,0.00000000,0.00000000,0.00932128,0.00000000,2.87207933,0.00168754,0.00608988,0.02776661,0.00000000,0.00000000,0.00000000,0.00341757,0.00000000,0.00000000,0.00000000
0.00000000,0.00000000,0.00000000,0.00000000,0.00000000,0.00000000,0.00000000,0.00000000,0.00000000,0.00000000,0.00000000,0.00000000,0.00000000,0.00000000,0.00000000,0.00000000,0.00000000,0.00000000,0.00000000,0.00000000,0.00000000,0.00000000,0.00000000,0.00000000,0.00000000,0.00000000,0.00000000,0.00000000,0.00000000,0.00353932,0.00000000,0.00000000,0.00000000,0.00000000,0.00496146,0.00000000,0.00000000,0.00000000,0.00000000,0.00000000,0.00000000,0.00000000,0.00000000,0.02007000,0.12364674,0.03027559,0.04666033,0.01893724,0.00000000,0.02073212,0.00749285,0.01052075,1.92052371,0.00000000,0.00000000,0.00214661,0.61836536,0.00138736,0.00000000,0.00000000,0.00000000,0.07061437,0.00076954,0.04813074,0.00104387,0.06205083,0.02559046,0.00000000,0.00000000,0.00000000,0.00000000,0.00000000,0.00000000,0.00000000
0.01391452,0.08117547,0.00558140,0.03406523,0.00092148,0.01363459,0.00131907,0.01875409,0.00453002,0.02358373,0.01956973,0.02066856,0.00861834,0.00486704,0.00000000,0.00000000,0.00000000,0.00000000,0.00000000,0.00000000,0.00000000,0.00000000,0.00000000,0.00000000,0.00000000,0.00000000,0.00000000,0.00000000,0.00000000,0.33235906,1.88265569,0.07910744,0.60758076,0.13826837,0.06562968,0.07522789,1.30520522,0.00139468,0.02447640,0.02574147,1.79783286,0.02093615,0.03102812,0.00000000,0.00155991,0.00000000,0.00000000,0.00000000,0.00000000,0.00000000,0.00000000,0.00000000,0.00000000,0.00000000,0.00000000,0.00000000,0.00000000,0.00000000,0.00000000,0.00000000,0.00000000,0.02864097,2.69934823,0.00450665,0.16944588,5.36935653,0.11784192,0.22333105,0.00317573,0.09437427,0.00000000,0.00075319,0.04046764,0.00000000
0.00000000,0.00000000,0.00000000,0.00000000,0.00000000,0.00000000,0.00000000,0.00000000,0.00000000,0.00000000,0.00000000,0.00000000,0.00000000,0.00000000,0.00000000,0.00000000,0.00000000,0.00000000,0.00000000,0.00000000,0.00000000,0.00000000,0.00000000,0.00000000,0.00000000,0.00000000,0.00000000,0.00000000,0.00000000,0.00000000,0.00000000,0.00000000,0.00000000,0.00000000,0.00000000,0.00000000,0.00000000,0.00000000,0.00000000,0.00000000,0.00000000,0.00000000,0.00000000,0.80388498,0.96966728,0.08488604,0.39742686,1.77620590,0.36049495,2.46209621,0.01807323,0.05870386,0.28473791,0.00000000,0.01871586,0.01260317,1.35751022,0.03869531,0.00932128,0.07061437,0.02864097,0.00000000,0.33538721,3.50076172,2.91780713,2.68818752,1.25189894,0.00422132,0.01532676,0.00654171,0.00590397,0.03121496,0.01937508,0.00316001
0.01718753,0.12149044,0.00993487,0.06812019,0.00211310,0.01682840,0.00913075,0.07242358,0.01211079,0.09416708,0.02105901,0.01939488,0.05916030,0.06350370,0.00000000,0.00000000,0.00000000,0.00000000,0.00000000,0.00000000,0.00000000,0.00000000,0.00000000,0.00000000,0.00000000,0.00000000,0.00000000,0.00000000,0.00000000,0.13629207,0.23794702,0.11541001,0.53974559,0.55846810,0.24581888,0.53547994,0.05987895,0.00748498,0.24895762,0.52823388,0.22830840,0.39833906,1.54050414,0.00000000,0.00210607,0.00000000,0.00105067,0.00000000,0.00000000,0.00000000,0.00000000,0.00000000,0.00000000,0.00000000,0.00000000,0.00000000,0.00122531,0.00000000,0.00000000,0.00076954,2.69934823,0.33538721,0.00000000,0.52707551,7.41146954,27.26624073,42.41739863,0.28166959,0.00573763,1.07679671,0.00742474,0.09589668,0.46909984,0.35975569
0.00000000,0.00000000,0.00000000,0.00000000,0.00000000,0.00000000,0.00000000,0.00000000,0.00000000,0.00000000,0.00000000,0.00000000,0.00000000,0.00000000,0.00000000,0.00000000,0.00000000,0.00000000,0.00000000,0.00000000,0.00000000,0.00000000,0.00000000,0.00000000,0.00000000,0.00248232,0.00208852,0.00000000,0.00000000,0.00000000,0.00000000,0.00000000,0.00000000,0.00000000,0.00157810,0.00000000,0.00000000,0.00000000,0.00000000,0.00000000,0.00000000,0.00000000,0.00000000,0.31939239,0.39095246,0.19478369,1.60372472,5.84975508,0.73494773,0.15593222,0.08937065,0.64639165,0.09219653,0.00000000,6.77024935,0.09825533,0.11501134,3.10819755,2.87207933,0.04813074,0.00450665,3.50076172,0.52707551,0.00000000,1.81491745,1.97895408,14.40499996,0.00000000,0.00539367,0.00816401,0.15028419,0.02867129,0.01149366,0.06100432
0.00000000,0.00000000,0.00000000,0.00000000,0.00000000,0.00000000,0.00000000,0.00000000,0.00000000,0.00000000,0.00000000,0.00000000,0.00000000,0.00000000,0.00000000,0.00000000,0.00000000,0.00000000,0.00000000,0.00000000,0.00000000,0.00000000,0.00000000,0.00000000,0.00000000,0.00000000,0.00000000,0.00000000,0.00000000,0.00000000,0.00000000,0.00000000,0.00000000,0.00118412,0.00239012,0.00660656,0.00000000,0.00000000,0.00194780,0.01092948,0.00000000,0.00608683,0.06706582,0.00196211,0.00739408,0.00244590,0.01075382,0.00182800,0.00000000,0.00000000,0.00000000,0.00300255,0.00212076,0.00000000,0.00000000,0.00000000,0.00204342,0.00000000,0.00168754,0.00104387,0.16944588,2.91780713,7.41146954,1.81491745,0.00000000,22.83216919,3.53243885,0.00861605,0.03232238,0.13024315,0.04238498,0.13076938,0.09620264,0.04187282
0.00149855,0.02119216,0.00000000,0.00848037,0.00000000,0.00186588,0.00000000,0.00939711,0.00000000,0.01367280,0.00339603,0.00235218,0.00877354,0.01308976,0.00000000,0.00000000,0.00000000,0.00000000,0.00000000,0.00000000,0.00000000,0.00079207,0.00000000,0.00000000,0.00000000,0.00000000,0.00000000,0.00000000,0.00000000,0.41642693,1.43034114,0.22163335,0.47178717,0.41112841,0.74025887,0.72005336,0.19006681,0.00256910,0.19058899,0.55757542,0.13086599,0.25171712,1.62450256,0.04202970,0.12667666,0.07207539,0.16726759,0.05094220,0.00000000,0.02100808,0.04059765,0.06834119,0.04977885,0.00000000,0.00000000,0.03184093,0.05761279,0.00711425,0.00608988,0.06205083,5.36935653,2.68818752,27.26624073,1.97895408,22.83216919,0.00000000,8.52395431,0.06074577,0.02984084,0.37605104,0.01298470,0.06891157,0.24809740,0.07152203
0.00000000,0.00000000,0.00000000,0.00000000,0.00000000,0.00000000,0.00000000,0.00000000,0.00000000,0.00000000,0.00000000,0.00000000,0.00000000,0.00000000,0.00000000,0.00000000,0.00000000,0.00000000,0.00000000,0.00000000,0.00000000,0.00000000,0.00000000,0.00000000,0.00000000,0.00000000,0.00000000,0.00000000,0.00000000,0.00105809,0.00000000,0.00000000,0.00058667,0.00288500,0.00749102,0.01183213,0.00000000,0.00000000,0.00355191,0.02254096,0.00000000,0.01146896,0.15975456,0.03716235,0.07371815,0.05217999,0.17721382,0.06301164,0.00000000,0.01124803,0.02418974,0.05747648,0.02219024,0.00000000,0.00837321,0.01963470,0.02597315,0.02024873,0.02776661,0.02559046,0.11784192,1.25189894,42.41739863,14.40499996,3.53243885,8.52395431,0.00000000,0.00000000,0.00120007,0.29188449,0.05990708,0.02102122,0.07202558,0.57468725
0.68894260,1.96999842,0.12695261,0.21273560,0.05604899,0.86278606,0.15803112,0.41004119,0.02396822,0.17515801,0.66131940,0.77422460,0.05965078,0.06440714,0.00332438,0.00290403,0.00000000,0.00000000,0.00000000,0.00000000,0.00000000,0.00544463,0.00000000,0.00000000,0.00000000,0.00000000,0.00000000,0.00094365,0.00000000,0.01158329,0.03250993,0.00533667,0.07690100,0.02679504,0.00223230,0.00954821,0.01930636,0.00000000,0.00971585,0.00538123,0.08439577,0.00945971,0.00877004,0.00000000,0.00000000,0.00000000,0.00000000,0.00000000,0.00000000,0.00000000,0.00000000,0.00000000,0.00000000,0.00000000,0.00000000,0.00000000,0.00000000,0.00000000,0.00000000,0.00000000,0.22333105,0.00422132,0.28166959,0.00000000,0.00861605,0.06074577,0.00000000,0.00000000,0.04340658,3.12639032,0.00853339,0.16888314,5.58835589,0.12227184
0.00000000,0.00000000,0.00000000,0.00000000,0.00000000,0.00000000,0.00177045,0.00156191,0.00000000,0.00000000,0.00000000,0.00000000,0.00000000,0.00000000,2.48488545,0.32939497,0.16281558,1.50266475,0.03377064,0.54208590,0.15582615,1.28306632,4.54944135,0.02821468,0.00199444,0.07860799,0.04752544,0.56952172,0.03926559,0.00000000,0.00000000,0.00000000,0.00000000,0.00000000,0.00000000,0.00000000,0.00000000,0.00000000,0.00000000,0.00000000,0.00000000,0.00000000,0.00000000,0.00000000,0.00000000,0.00000000,0.00000000,0.00000000,0.00000000,0.00000000,0.00000000,0.00000000,0.00000000,0.00000000,0.00000000,0.00000000,0.00000000,0.00000000,0.00000000,0.00000000,0.00317573,0.01532676,0.00573763,0.00539367,0.03232238,0.02984084,0.00120007,0.04340658,0.00000000,0.21219331,3.27891245,1.33992963,2.11842653,1.12717779
0.15647661,0.41818692,0.09919309,0.36402583,0.05770641,0.02354033,0.43415855,1.36944436,0.03835698,0.66447958,0.02438715,0.01377639,0.53834629,1.21483307,0.00000000,0.00000000,0.00000000,0.00000000,0.00000000,0.00000000,0.00000000,0.00084711,0.00000000,0.00000000,0.00000000,0.00000000,0.00000000,0.00000000,0.00000000,0.00791518,0.02828295,0.00439810,0.07496327,0.05546284,0.00545344,0.02659532,0.01073019,0.00000000,0.02553854,0.02551232,0.06031668,0.05328918,0.08572015,0.00000000,0.00000000,0.00000000,0.00000000,0.00000000,0.00000000,0.00000000,0.00000000,0.00000000,0.00000000,0.00000000,0.00000000,0.00000000,0.00000000,0.00000000,0.00000000,0.00000000,0.09437427,0.00654171,1.07679671,0.00816401,0.13024315,0.37605104,0.29188449,3.12639032,0.21219331,0.00000000,0.35034465,4.05349829,22.23358109,34.96962877
0.00000000,0.00000000,0.00000000,0.00000000,0.00000000,0.00000000,0.00132748,0.00000000,0.00000000,0.00000000,0.00000000,0.00000000,0.00000000,0.00000000,1.37614168,0.49623398,0.62137836,4.20625487,0.09987628,0.71676478,1.60558596,0.43063514,0.27128329,0.11441165,0.01244813,6.40030571,3.05362089,0.07467816,0.03245199,0.00000000,0.00000000,0.00000000,0.00000000,0.00000000,0.00000000,0.00000000,0.00000000,0.00000000,0.00000000,0.00000000,0.00000000,0.00000000,0.00000000,0.00000000,0.00000000,0.00000000,0.00000000,0.00060575,0.00000000,0.00000000,0.00000000,0.00000000,0.00000000,0.00000000,0.00118939,0.00000000,0.00000000,0.00171989,0.00341757,0.00000000,0.00000000,0.00590397,0.00742474,0.15028419,0.04238498,0.01298470,0.05990708,0.00853339,3.27891245,0.35034465,0.00000000,0.51950797,1.17470707,12.65732925
0.00000000,0.00000000,0.00000000,0.00000000,0.00000000,0.00000000,0.00669424,0.01412457,0.00000000,0.00356178,0.00000000,0.00000000,0.00636285,0.02626471,0.00438405,0.00321713,0.00000000,0.00000000,0.00000000,0.00000000,0.00128562,0.00462999,0.00000000,0.00000000,0.00000000,0.00000000,0.00000000,0.00000000,0.00093510,0.00000000,0.00000000,0.00000000,0.00000000,0.00000000,0.00000000,0.00000000,0.00000000,0.00000000,0.00000000,0.00000000,0.00000000,0.00000000,0.00000000,0.00000000,0.00000000,0.00000000,0.00000000,0.00000000,0.00000000,0.00000000,0.00000000,0.00000000,0.00000000,0.00000000,0.00000000,0.00000000,0.00000000,0.00000000,0.00000000,0.00000000,0.00075319,0.03121496,0.09589668,0.02867129,0.13076938,0.06891157,0.02102122,0.16888314,1.33992963,4.05349829,0.51950797,0.00000000,22.01687981,2.43787113
0.45623451,0.86337054,0.13520566,0.21008776,0.26984671,0.12494009,1.13113582,1.56653426,0.01412427,0.37870397,0.07232115,0.01602464,0.32512026,0.94063257,0.16574336,0.13650763,0.06450324,0.03630175,0.03841973,0.00000000,0.07103622,0.20596639,0.04756902,0.04542861,0.01226816,0.00952488,0.00639904,0.07983834,0.13582933,0.00000000,0.00577545,0.00000000,0.01439114,0.00869797,0.00000000,0.00369522,0.00251431,0.00000000,0.00149454,0.00147703,0.01618329,0.00710454,0.01489532,0.00000000,0.00000000,0.00000000,0.00000000,0.00000000,0.00000000,0.00000000,0.00000000,0.00000000,0.00000000,0.00000000,0.00000000,0.00000000,0.00000000,0.00000000,0.00000000,0.00000000,0.04046764,0.01937508,0.46909984,0.01149366,0.09620264,0.24809740,0.07202558,5.58835589,2.11842653,22.23358109,1.17470707,22.01687981,0.00000000,8.87394457
0.00177719,0.00000000,0.00000000,0.00170685,0.00362400,0.00000000,0.01704787,0.03634552,0.00000000,0.00792209,0.00000000,0.00000000,0.01484886,0.07851420,0.25260402,0.17112783,0.11775283,0.11307234,0.04414369,0.00000000,0.14678790,0.18364180,0.03803734,0.04528231,0.00968568,0.04579987,0.02962975,0.03787687,0.04826719,0.00000000,0.00000000,0.00000000,0.00000000,0.00000000,0.00000000,0.00000000,0.00000000,0.00000000,0.00000000,0.00000000,0.00000000,0.00000000,0.00000000,0.00000000,0.00000000,0.00000000,0.00000000,0.00000000,0.00000000,0.00000000,0.00000000,0.00000000,0.00000000,0.00000000,0.00000000,0.00000000,0.00000000,0.00000000,0.00000000,0.00000000,0.00000000,0.00316001,0.35975569,0.06100432,0.04187282,0.07152203,0.57468725,0.12227184,1.12717779,34.96962877,12.65732925,2.43787113,8.87394457,0.00000000
