0.00000000,9.71985232,9.06114797,28.01204105,7.30068146,18.51055286,13.12928896,32.26582915,29.54634158,44.94874305,21.59076620,20.02846384,58.98958107,58.74293332,0.00000000,0.00000000,0.00000000,0.00000000,0.00000000,0.00000000,0.00000000,0.00000000,0.00000000,0.00000000,0.00000000,0.00000000,0.00000000,0.00000000,0.00000000,0.00000000,0.00000000,0.00000000,52.88973236,0.00000000,0.00000000,0.00000000,0.00000000,0.00000000,0.00000000,0.00000000,42.26061096,0.00000000,0.00000000,0.00000000,0.00000000,0.00000000,0.00000000,0.00000000,0.00000000,0.00000000,0.00000000,0.00000000,0.00000000,0.00000000,0.00000000,0.00000000,0.00000000,0.00000000,0.00000000,0.00000000,41.83010197,0.00000000,40.98257446,0.00000000,0.00000000,0.00000000,0.00000000,16.90069819,0.00000000,27.61960130,0.00000000,0.00000000,17.37436548,0.00000000
9.71985232,0.00000000,6.10393088,10.08947803,17.55819112,8.03656974,10.45421672,17.62517627,11.76472348,30.29272053,6.62257252,11.96115420,49.24908537,49.96652031,0.00000000,0.00000000,0.00000000,0.00000000,0.00000000,0.00000000,0.00000000,0.00000000,0.00000000,0.00000000,0.00000000,0.00000000,0.00000000,0.00000000,0.00000000,52.03736115,47.40725569,0.00000000,50.20321316,62.26355648,0.00000000,62.45165761,44.12277543,0.00000000,65.75545390,0.00000000,38.06222743,76.80525351,0.00000000,0.00000000,0.00000000,0.00000000,0.00000000,0.00000000,0.00000000,0.00000000,0.00000000,0.00000000,0.00000000,0.00000000,0.00000000,0.00000000,0.00000000,0.00000000,0.00000000,0.00000000,37.19912459,0.00000000,37.09994767,0.00000000,0.00000000,55.12141132,0.00000000,10.92447482,0.00000000,18.78060764,0.00000000,0.00000000,15.26215325,0.00000000
9.06114797,6.10393088,0.00000000,7.23030890,22.36171261,20.68235588,9.76256768,12.55499743,0.00000000,33.12540857,20.60138854,0.00000000,47.93955656,49.28667889,0.00000000,0.00000000,0.00000000,0.00000000,0.00000000,0.00000000,0.00000000,0.00000000,0.00000000,0.00000000,0.00000000,0.00000000,0.00000000,0.00000000,0.00000000,0.00000000,0.00000000,0.00000000,0.00000000,0.00000000,0.00000000,0.00000000,0.00000000,0.00000000,0.00000000,0.00000000,0.00000000,0.00000000,0.00000000,0.00000000,0.00000000,0.00000000,0.00000000,0.00000000,0.00000000,0.00000000,0.00000000,0.00000000,0.00000000,0.00000000,0.00000000,0.00000000,0.00000000,0.00000000,0.00000000,0.00000000,0.00000000,0.00000000,0.00000000,0.00000000,0.00000000,0.00000000,0.00000000,23.78624124,0.00000000,27.02634483,0.00000000,0.00000000,31.49932650,0.00000000
28.01204105,10.08947803,7.23030890,0.00000000,32.20576904,10.43753980,15.10613077,6.32344401,4.13309957,10.55034994,8.08639652,0.00000000,34.76216123,35.72377157,0.00000000,0.00000000,0.00000000,0.00000000,0.00000000,0.00000000,0.00000000,0.00000000,0.00000000,0.00000000,0.00000000,0.00000000,0.00000000,0.00000000,0.00000000,0.00000000,52.82655462,0.00000000,55.79012553,66.05968046,0.00000000,0.00000000,0.00000000,0.00000000,74.60046278,0.00000000,45.06564220,84.43261210,81.95509677,0.00000000,0.00000000,0.00000000,0.00000000,0.00000000,0.00000000,0.00000000,0.00000000,0.00000000,0.00000000,0.00000000,0.00000000,0.00000000,0.00000000,0.00000000,0.00000000,0.00000000,45.26315236,0.00000000,45.59476929,0.00000000,0.00000000,0.00000000,0.00000000,27.57456057,0.00000000,26.46132559,0.00000000,0.00000000,35.11456108,0.00000000
7.30068146,17.55819112,22.36171261,32.20576904,0.00000000,19.65327447,13.38960305,36.75124861,0.00000000,49.31539663,0.00000000,0.00000000,59.90395153,59.03945875,0.00000000,0.00000000,0.00000000,0.00000000,0.00000000,0.00000000,0.00000000,0.00000000,0.00000000,0.00000000,0.00000000,0.00000000,0.00000000,0.00000000,0.00000000,0.00000000,0.00000000,0.00000000,0.00000000,0.00000000,0.00000000,0.00000000,0.00000000,0.00000000,0.00000000,0.00000000,0.00000000,0.00000000,0.00000000,0.00000000,0.00000000,0.00000000,0.00000000,0.00000000,0.00000000,0.00000000,0.00000000,0.00000000,0.00000000,0.00000000,0.00000000,0.00000000,0.00000000,0.00000000,0.00000000,0.00000000,0.00000000,0.00000000,0.00000000,0.00000000,0.00000000,0.00000000,0.00000000,23.98562613,0.00000000,40.22661252,0.00000000,0.00000000,28.75832546,0.00000000
18.51055286,8.03656974,20.68235588,10.43753980,19.65327447,0.00000000,0.00000000,31.10909931,5.67881856,32.44209571,4.00982880,8.09021602,0.00000000,0.00000000,0.00000000,0.00000000,0.00000000,0.00000000,0.00000000,0.00000000,0.00000000,0.00000000,0.00000000,0.00000000,0.00000000,0.00000000,0.00000000,0.00000000,0.00000000,0.00000000,0.00000000,0.00000000,0.00000000,0.00000000,0.00000000,0.00000000,0.00000000,0.00000000,0.00000000,0.00000000,33.53499985,0.00000000,0.00000000,0.00000000,0.00000000,0.00000000,0.00000000,0.00000000,0.00000000,0.00000000,0.00000000,0.00000000,0.00000000,0.00000000,0.00000000,0.00000000,0.00000000,0.00000000,0.00000000,0.00000000,33.74440847,0.00000000,33.73886871,0.00000000,0.00000000,0.00000000,0.00000000,7.69036302,0.00000000,20.21918941,0.00000000,0.00000000,17.03951367,0.00000000
13.12928896,10.45421672,9.76256768,15.10613077,13.38960305,0.00000000,0.00000000,13.68560832,0.00000000,37.05203065,0.00000000,0.00000000,50.01738515,46.80456051,0.00000000,0.00000000,0.00000000,0.00000000,0.00000000,0.00000000,0.00000000,0.00000000,0.00000000,0.00000000,0.00000000,0.00000000,0.00000000,0.00000000,0.00000000,0.00000000,0.00000000,0.00000000,0.00000000,0.00000000,0.00000000,0.00000000,0.00000000,0.00000000,0.00000000,0.00000000,0.00000000,0.00000000,0.00000000,0.00000000,0.00000000,0.00000000,0.00000000,0.00000000,0.00000000,0.00000000,0.00000000,0.00000000,0.00000000,0.00000000,0.00000000,0.00000000,0.00000000,0.00000000,0.00000000,0.00000000,0.00000000,0.00000000,0.00000000,0.00000000,0.00000000,0.00000000,0.00000000,29.17777052,0.00000000,36.23253806,0.00000000,48.59577306,33.57091241,76.40396309
32.26582915,17.62517627,12.55499743,6.32344401,36.75124861,31.10909931,13.68560832,0.00000000,16.87883306,8.54894757,27.78853846,0.00000000,11.81205682,14.66017998,0.00000000,0.00000000,0.00000000,0.00000000,0.00000000,0.00000000,0.00000000,0.00000000,0.00000000,0.00000000,0.00000000,0.00000000,0.00000000,0.00000000,0.00000000,0.00000000,0.00000000,0.00000000,66.14434865,78.91562398,0.00000000,80.99781494,0.00000000,0.00000000,87.72719320,88.91138042,56.00955725,93.78635753,92.74339040,0.00000000,0.00000000,0.00000000,0.00000000,0.00000000,0.00000000,0.00000000,0.00000000,0.00000000,0.00000000,0.00000000,0.00000000,0.00000000,0.00000000,0.00000000,0.00000000,0.00000000,52.80274200,0.00000000,56.50284498,0.00000000,0.00000000,0.00000000,0.00000000,37.20385107,0.00000000,37.21615630,0.00000000,59.37001126,41.48504624,79.81773109
29.54634158,11.76472348,0.00000000,4.13309957,0.00000000,5.67881856,0.00000000,16.87883306,0.00000000,5.29692534,5.91729552,0.00000000,28.19472021,25.00556782,0.00000000,0.00000000,0.00000000,0.00000000,0.00000000,0.00000000,0.00000000,0.00000000,0.00000000,0.00000000,0.00000000,0.00000000,0.00000000,0.00000000,0.00000000,0.00000000,0.00000000,0.00000000,0.00000000,0.00000000,0.00000000,0.00000000,0.00000000,0.00000000,0.00000000,0.00000000,36.62049993,0.00000000,0.00000000,0.00000000,0.00000000,0.00000000,0.00000000,0.00000000,0.00000000,0.00000000,0.00000000,0.00000000,0.00000000,0.00000000,0.00000000,0.00000000,0.00000000,0.00000000,0.00000000,0.00000000,0.00000000,0.00000000,42.95172800,0.00000000,0.00000000,0.00000000,0.00000000,30.52206193,0.00000000,31.98276353,0.00000000,0.00000000,40.78272533,0.00000000
44.94874305,30.29272053,33.12540857,10.55034994,49.31539663,32.44209571,37.05203065,8.54894757,5.29692534,0.00000000,29.86351776,0.00000000,9.69838189,20.08992798,0.00000000,0.00000000,0.00000000,0.00000000,0.00000000,0.00000000,0.00000000,0.00000000,0.00000000,0.00000000,0.00000000,0.00000000,0.00000000,0.00000000,0.00000000,0.00000000,66.92627088,0.00000000,70.94243431,81.59579577,0.00000000,88.22650440,0.00000000,0.00000000,91.08699036,92.99390956,61.94079971,95.03458405,94.98224046,0.00000000,0.00000000,0.00000000,0.00000000,0.00000000,0.00000000,0.00000000,0.00000000,0.00000000,0.00000000,0.00000000,0.00000000,0.00000000,0.00000000,0.00000000,0.00000000,0.00000000,61.02673769,0.00000000,60.47930376,0.00000000,0.00000000,75.03436279,0.00000000,44.20415108,0.00000000,41.44592561,0.00000000,0.00000000,50.58566306,83.58649139
21.59076620,6.62257252,20.60138854,8.08639652,0.00000000,4.00982880,0.00000000,27.78853846,5.91729552,29.86351776,0.00000000,5.44185933,0.00000000,0.00000000,0.00000000,0.00000000,0.00000000,0.00000000,0.00000000,0.00000000,0.00000000,0.00000000,0.00000000,0.00000000,0.00000000,0.00000000,0.00000000,0.00000000,0.00000000,0.00000000,0.00000000,0.00000000,44.58123417,0.00000000,0.00000000,0.00000000,0.00000000,0.00000000,0.00000000,0.00000000,33.20300374,0.00000000,0.00000000,0.00000000,0.00000000,0.00000000,0.00000000,0.00000000,0.00000000,0.00000000,0.00000000,0.00000000,0.00000000,0.00000000,0.00000000,0.00000000,0.00000000,0.00000000,0.00000000,0.00000000,32.33427384,0.00000000,32.79758132,0.00000000,0.00000000,0.00000000,0.00000000,8.34307650,0.00000000,18.84879998,0.00000000,0.00000000,20.23322160,0.00000000
20.02846384,11.96115420,0.00000000,0.00000000,0.00000000,8.09021602,0.00000000,0.00000000,0.00000000,0.00000000,5.44185933,0.00000000,0.00000000,0.00000000,0.00000000,0.00000000,0.00000000,0.00000000,0.00000000,0.00000000,0.00000000,0.00000000,0.00000000,0.00000000,0.00000000,0.00000000,0.00000000,0.00000000,0.00000000,0.00000000,0.00000000,0.00000000,0.00000000,0.00000000,0.00000000,0.00000000,0.00000000,0.00000000,0.00000000,0.00000000,21.92595946,0.00000000,0.00000000,0.00000000,0.00000000,0.00000000,0.00000000,0.00000000,0.00000000,0.00000000,0.00000000,0.00000000,0.00000000,0.00000000,0.00000000,0.00000000,0.00000000,0.00000000,0.00000000,0.00000000,22.74495933,0.00000000,20.67264981,0.00000000,0.00000000,0.00000000,0.00000000,6.06983391,0.00000000,9.07320029,0.00000000,0.00000000,19.98982357,0.00000000
58.98958107,49.24908537,47.93955656,34.76216123,59.90395153,0.00000000,50.01738515,11.81205682,28.19472021,9.69838189,0.00000000,0.00000000,0.00000000,9.28682858,0.00000000,0.00000000,0.00000000,0.00000000,0.00000000,0.00000000,0.00000000,0.00000000,0.00000000,0.00000000,0.00000000,0.00000000,0.00000000,0.00000000,0.00000000,0.00000000,0.00000000,0.00000000,79.57671967,88.48348132,0.00000000,91.88432948,0.00000000,0.00000000,95.74431023,96.21073592,70.20051066,98.13478343,97.07749685,0.00000000,0.00000000,0.00000000,0.00000000,0.00000000,0.00000000,0.00000000,0.00000000,0.00000000,0.00000000,0.00000000,0.00000000,0.00000000,0.00000000,0.00000000,0.00000000,0.00000000,63.93684006,0.00000000,73.55466270,0.00000000,0.00000000,0.00000000,0.00000000,55.83555846,0.00000000,52.03866857,0.00000000,70.84317271,58.82706905,88.71510315
58.74293332,49.96652031,49.28667889,35.72377157,59.03945875,0.00000000,46.80456051,14.66017998,25.00556782,20.08992798,0.00000000,0.00000000,9.28682858,0.00000000,0.00000000,0.00000000,0.00000000,0.00000000,0.00000000,0.00000000,0.00000000,0.00000000,0.00000000,0.00000000,0.00000000,0.00000000,0.00000000,0.00000000,0.00000000,0.00000000,0.00000000,0.00000000,71.53507233,86.19826684,0.00000000,90.75346756,0.00000000,0.00000000,93.91811498,96.10898451,61.57035494,97.69160207,97.07979290,0.00000000,0.00000000,0.00000000,0.00000000,0.00000000,0.00000000,0.00000000,0.00000000,0.00000000,0.00000000,0.00000000,0.00000000,0.00000000,0.00000000,0.00000000,0.00000000,0.00000000,0.00000000,0.00000000,72.24581597,0.00000000,0.00000000,0.00000000,0.00000000,55.24442891,0.00000000,52.40857094,0.00000000,69.93890305,56.00897425,87.38221836
0.00000000,0.00000000,0.00000000,0.00000000,0.00000000,0.00000000,0.00000000,0.00000000,0.00000000,0.00000000,0.00000000,0.00000000,0.00000000,0.00000000,0.00000000,8.96930218,11.84714347,10.18808996,27.90019915,7.98562418,26.93730833,10.45297151,8.08295518,49.69098914,41.85289530,24.36757079,34.09929281,20.07043584,38.71316147,0.00000000,0.00000000,0.00000000,0.00000000,0.00000000,0.00000000,0.00000000,0.00000000,0.00000000,0.00000000,0.00000000,0.00000000,0.00000000,0.00000000,0.00000000,0.00000000,0.00000000,0.00000000,0.00000000,0.00000000,0.00000000,0.00000000,0.00000000,0.00000000,0.00000000,0.00000000,0.00000000,0.00000000,0.00000000,0.00000000,0.00000000,0.00000000,0.00000000,0.00000000,0.00000000,0.00000000,0.00000000,0.00000000,0.00000000,22.93731987,0.00000000,38.16576175,0.00000000,44.65466856,70.83102010
0.00000000,0.00000000,0.00000000,0.00000000,0.00000000,0.00000000,0.00000000,0.00000000,0.00000000,0.00000000,0.00000000,0.00000000,0.00000000,0.00000000,8.96930218,0.00000000,10.19730130,13.03861006,12.10979737,0.00000000,25.87812962,14.62624879,22.03630670,44.68294405,37.34798579,23.20839795,37.45368823,26.46696722,42.95219234,0.00000000,0.00000000,0.00000000,0.00000000,0.00000000,0.00000000,0.00000000,0.00000000,0.00000000,0.00000000,0.00000000,0.00000000,0.00000000,0.00000000,0.00000000,0.00000000,0.00000000,0.00000000,0.00000000,0.00000000,0.00000000,0.00000000,0.00000000,0.00000000,0.00000000,0.00000000,0.00000000,0.00000000,0.00000000,0.00000000,0.00000000,0.00000000,0.00000000,0.00000000,0.00000000,0.00000000,0.00000000,0.00000000,0.00000000,31.47814815,0.00000000,41.72460596,0.00000000,44.71331692,69.78316970
0.00000000,0.00000000,0.00000000,0.00000000,0.00000000,0.00000000,0.00000000,0.00000000,0.00000000,0.00000000,0.00000000,0.00000000,0.00000000,0.00000000,11.84714347,10.19730130,0.00000000,8.35032211,9.38378938,0.00000000,11.33005946,32.48657586,28.87941222,33.98691172,25.54357336,18.06191530,22.91000983,30.52808555,0.00000000,0.00000000,0.00000000,0.00000000,0.00000000,0.00000000,0.00000000,0.00000000,0.00000000,0.00000000,0.00000000,0.00000000,0.00000000,0.00000000,0.00000000,0.00000000,0.00000000,0.00000000,0.00000000,0.00000000,0.00000000,0.00000000,0.00000000,0.00000000,0.00000000,0.00000000,0.00000000,0.00000000,0.00000000,0.00000000,0.00000000,0.00000000,0.00000000,0.00000000,0.00000000,0.00000000,0.00000000,0.00000000,0.00000000,0.00000000,32.32057537,0.00000000,33.55410655,0.00000000,42.29709331,66.75104249
0.00000000,0.00000000,0.00000000,0.00000000,0.00000000,0.00000000,0.00000000,0.00000000,0.00000000,0.00000000,0.00000000,0.00000000,0.00000000,0.00000000,10.18808996,13.03861006,8.35032211,0.00000000,30.89744625,5.46917844,12.05353453,20.17971624,12.66966695,40.48274344,0.00000000,8.13798894,15.74823437,20.08673512,0.00000000,0.00000000,0.00000000,0.00000000,0.00000000,0.00000000,0.00000000,0.00000000,0.00000000,0.00000000,0.00000000,0.00000000,0.00000000,0.00000000,0.00000000,0.00000000,0.00000000,0.00000000,0.00000000,0.00000000,0.00000000,0.00000000,0.00000000,0.00000000,0.00000000,0.00000000,0.00000000,0.00000000,0.00000000,0.00000000,0.00000000,0.00000000,0.00000000,0.00000000,0.00000000,0.00000000,0.00000000,0.00000000,0.00000000,0.00000000,14.05282900,0.00000000,18.20279355,0.00000000,37.66878064,63.26978315
0.00000000,0.00000000,0.00000000,0.00000000,0.00000000,0.00000000,0.00000000,0.00000000,0.00000000,0.00000000,0.00000000,0.00000000,0.00000000,0.00000000,27.90019915,12.10979737,9.38378938,30.89744625,0.00000000,0.00000000,10.57646234,44.12636275,0.00000000,26.20476842,9.15656231,0.00000000,30.32552424,0.00000000,0.00000000,0.00000000,0.00000000,0.00000000,0.00000000,0.00000000,0.00000000,0.00000000,0.00000000,0.00000000,0.00000000,0.00000000,0.00000000,0.00000000,0.00000000,0.00000000,0.00000000,0.00000000,0.00000000,0.00000000,0.00000000,0.00000000,0.00000000,0.00000000,0.00000000,0.00000000,0.00000000,0.00000000,0.00000000,0.00000000,0.00000000,0.00000000,0.00000000,0.00000000,0.00000000,0.00000000,0.00000000,0.00000000,0.00000000,0.00000000,42.33751373,0.00000000,45.67331955,0.00000000,48.24639301,72.23819266
0.00000000,0.00000000,0.00000000,0.00000000,0.00000000,0.00000000,0.00000000,0.00000000,0.00000000,0.00000000,0.00000000,0.00000000,0.00000000,0.00000000,7.98562418,0.00000000,0.00000000,5.46917844,0.00000000,0.00000000,0.00000000,0.00000000,6.05102567,0.00000000,0.00000000,6.38306039,19.49832408,0.00000000,0.00000000,0.00000000,0.00000000,0.00000000,0.00000000,0.00000000,0.00000000,0.00000000,0.00000000,0.00000000,0.00000000,0.00000000,0.00000000,0.00000000,0.00000000,0.00000000,0.00000000,0.00000000,0.00000000,0.00000000,0.00000000,0.00000000,0.00000000,0.00000000,0.00000000,0.00000000,0.00000000,0.00000000,0.00000000,0.00000000,0.00000000,0.00000000,0.00000000,0.00000000,0.00000000,0.00000000,0.00000000,0.00000000,0.00000000,0.00000000,8.19803572,0.00000000,11.54381340,0.00000000,0.00000000,0.00000000
0.00000000,0.00000000,0.00000000,0.00000000,0.00000000,0.00000000,0.00000000,0.00000000,0.00000000,0.00000000,0.00000000,0.00000000,0.00000000,0.00000000,26.93730833,25.87812962,11.33005946,12.05353453,10.57646234,0.00000000,0.00000000,40.06750481,33.13752708,13.11308181,11.22807180,10.70994572,9.10444631,34.35086441,0.00000000,0.00000000,0.00000000,0.00000000,0.00000000,0.00000000,0.00000000,0.00000000,0.00000000,0.00000000,0.00000000,0.00000000,0.00000000,0.00000000,0.00000000,0.00000000,0.00000000,0.00000000,0.00000000,0.00000000,0.00000000,0.00000000,0.00000000,0.00000000,0.00000000,0.00000000,0.00000000,0.00000000,0.00000000,0.00000000,0.00000000,0.00000000,0.00000000,0.00000000,0.00000000,0.00000000,0.00000000,0.00000000,0.00000000,0.00000000,34.00713366,0.00000000,21.97227981,0.00000000,46.07227564,66.48524635
0.00000000,0.00000000,0.00000000,0.00000000,0.00000000,0.00000000,0.00000000,0.00000000,0.00000000,0.00000000,0.00000000,0.00000000,0.00000000,0.00000000,10.45297151,14.62624879,32.48657586,20.17971624,44.12636275,0.00000000,40.06750481,0.00000000,8.99476034,58.25335439,0.00000000,29.39418554,43.61248680,10.06312031,14.99809346,0.00000000,0.00000000,0.00000000,0.00000000,0.00000000,0.00000000,0.00000000,0.00000000,0.00000000,0.00000000,0.00000000,0.00000000,0.00000000,0.00000000,0.00000000,0.00000000,0.00000000,0.00000000,0.00000000,0.00000000,0.00000000,0.00000000,0.00000000,0.00000000,0.00000000,0.00000000,0.00000000,0.00000000,0.00000000,0.00000000,0.00000000,0.00000000,0.00000000,0.00000000,0.00000000,0.00000000,0.00000000,0.00000000,58.23547268,30.48620808,0.00000000,46.52527096,0.00000000,47.96220369,74.29579512
0.00000000,0.00000000,0.00000000,0.00000000,0.00000000,0.00000000,0.00000000,0.00000000,0.00000000,0.00000000,0.00000000,0.00000000,0.00000000,0.00000000,8.08295518,22.03630670,28.87941222,12.66966695,0.00000000,6.05102567,33.13752708,8.99476034,0.00000000,43.17940331,0.00000000,24.54497993,35.70471498,8.45260380,28.02003717,0.00000000,0.00000000,0.00000000,0.00000000,0.00000000,0.00000000,0.00000000,0.00000000,0.00000000,0.00000000,0.00000000,0.00000000,0.00000000,0.00000000,0.00000000,0.00000000,0.00000000,0.00000000,0.00000000,0.00000000,0.00000000,0.00000000,0.00000000,0.00000000,0.00000000,0.00000000,0.00000000,0.00000000,0.00000000,0.00000000,0.00000000,0.00000000,0.00000000,0.00000000,0.00000000,0.00000000,0.00000000,0.00000000,0.00000000,12.48910944,0.00000000,35.35236333,0.00000000,39.78387221,70.53798153
0.00000000,0.00000000,0.00000000,0.00000000,0.00000000,0.00000000,0.00000000,0.00000000,0.00000000,0.00000000,0.00000000,0.00000000,0.00000000,0.00000000,49.69098914,44.68294405,33.98691172,40.48274344,26.20476842,0.00000000,13.11308181,58.25335439,43.17940331,0.00000000,8.10625064,23.67232617,18.67175034,0.00000000,0.00000000,0.00000000,0.00000000,0.00000000,0.00000000,0.00000000,0.00000000,0.00000000,0.00000000,0.00000000,0.00000000,0.00000000,0.00000000,0.00000000,0.00000000,0.00000000,0.00000000,0.00000000,0.00000000,0.00000000,0.00000000,0.00000000,0.00000000,0.00000000,0.00000000,0.00000000,0.00000000,0.00000000,0.00000000,0.00000000,0.00000000,0.00000000,0.00000000,0.00000000,0.00000000,0.00000000,0.00000000,0.00000000,0.00000000,0.00000000,48.12003835,0.00000000,40.89568439,0.00000000,61.44136077,75.65632638
0.00000000,0.00000000,0.00000000,0.00000000,0.00000000,0.00000000,0.00000000,0.00000000,0.00000000,0.00000000,0.00000000,0.00000000,0.00000000,0.00000000,41.85289530,37.34798579,25.54357336,0.00000000,9.15656231,0.00000000,11.22807180,0.00000000,0.00000000,8.10625064,0.00000000,0.00000000,0.00000000,0.00000000,0.00000000,0.00000000,0.00000000,0.00000000,0.00000000,0.00000000,0.00000000,0.00000000,0.00000000,0.00000000,0.00000000,0.00000000,0.00000000,0.00000000,0.00000000,0.00000000,0.00000000,0.00000000,0.00000000,0.00000000,0.00000000,0.00000000,0.00000000,0.00000000,0.00000000,0.00000000,0.00000000,0.00000000,0.00000000,0.00000000,0.00000000,0.00000000,0.00000000,0.00000000,0.00000000,0.00000000,0.00000000,0.00000000,0.00000000,0.00000000,0.00000000,0.00000000,40.44837627,0.00000000,0.00000000,0.00000000
0.00000000,0.00000000,0.00000000,0.00000000,0.00000000,0.00000000,0.00000000,0.00000000,0.00000000,0.00000000,0.00000000,0.00000000,0.00000000,0.00000000,24.36757079,23.20839795,18.06191530,8.13798894,0.00000000,6.38306039,10.70994572,29.39418554,24.54497993,23.67232617,0.00000000,0.00000000,8.33568309,0.00000000,0.00000000,0.00000000,0.00000000,0.00000000,0.00000000,0.00000000,0.00000000,0.00000000,0.00000000,0.00000000,0.00000000,0.00000000,0.00000000,0.00000000,0.00000000,0.00000000,0.00000000,0.00000000,0.00000000,0.00000000,0.00000000,0.00000000,0.00000000,0.00000000,0.00000000,0.00000000,0.00000000,0.00000000,0.00000000,0.00000000,0.00000000,0.00000000,0.00000000,0.00000000,0.00000000,0.00000000,0.00000000,0.00000000,0.00000000,0.00000000,20.27280544,0.00000000,14.24975093,0.00000000,0.00000000,49.95497837
0.00000000,0.00000000,0.00000000,0.00000000,0.00000000,0.00000000,0.00000000,0.00000000,0.00000000,0.00000000,0.00000000,0.00000000,0.00000000,0.00000000,34.09929281,37.45368823,22.91000983,15.74823437,30.32552424,19.49832408,9.10444631,43.61248680,35.70471498,18.67175034,0.00000000,8.33568309,0.00000000,0.00000000,0.00000000,0.00000000,0.00000000,0.00000000,0.00000000,0.00000000,0.00000000,0.00000000,0.00000000,0.00000000,0.00000000,0.00000000,0.00000000,0.00000000,0.00000000,0.00000000,0.00000000,0.00000000,0.00000000,0.00000000,0.00000000,0.00000000,0.00000000,0.00000000,0.00000000,0.00000000,0.00000000,0.00000000,0.00000000,0.00000000,0.00000000,0.00000000,0.00000000,0.00000000,0.00000000,0.00000000,0.00000000,0.00000000,0.00000000,0.00000000,33.64843325,0.00000000,14.14838234,0.00000000,0.00000000,60.21961757
0.00000000,0.00000000,0.00000000,0.00000000,0.00000000,0.00000000,0.00000000,0.00000000,0.00000000,0.00000000,0.00000000,0.00000000,0.00000000,0.00000000,20.07043584,26.46696722,30.52808555,20.08673512,0.00000000,0.00000000,34.35086441,10.06312031,8.45260380,0.00000000,0.00000000,0.00000000,0.00000000,0.00000000,10.28302543,0.00000000,0.00000000,0.00000000,0.00000000,0.00000000,0.00000000,0.00000000,0.00000000,0.00000000,0.00000000,0.00000000,0.00000000,0.00000000,0.00000000,0.00000000,0.00000000,0.00000000,0.00000000,0.00000000,0.00000000,0.00000000,0.00000000,0.00000000,0.00000000,0.00000000,0.00000000,0.00000000,0.00000000,0.00000000,0.00000000,0.00000000,0.00000000,0.00000000,0.00000000,0.00000000,0.00000000,0.00000000,0.00000000,0.00000000,20.19909877,0.00000000,44.44219583,0.00000000,40.89103309,70.64858300
0.00000000,0.00000000,0.00000000,0.00000000,0.00000000,0.00000000,0.00000000,0.00000000,0.00000000,0.00000000,0.00000000,0.00000000,0.00000000,0.00000000,38.71316147,42.95219234,0.00000000,0.00000000,0.00000000,0.00000000,0.00000000,14.99809346,28.02003717,0.00000000,0.00000000,0.00000000,0.00000000,10.28302543,0.00000000,0.00000000,0.00000000,0.00000000,0.00000000,0.00000000,0.00000000,0.00000000,0.00000000,0.00000000,0.00000000,0.00000000,0.00000000,0.00000000,0.00000000,0.00000000,0.00000000,0.00000000,0.00000000,0.00000000,0.00000000,0.00000000,0.00000000,0.00000000,0.00000000,0.00000000,0.00000000,0.00000000,0.00000000,0.00000000,0.00000000,0.00000000,0.00000000,0.00000000,0.00000000,0.00000000,0.00000000,0.00000000,0.00000000,0.00000000,39.29550546,0.00000000,54.39918635,0.00000000,43.54760018,69.93886826
0.00000000,52.03736115,0.00000000,0.00000000,0.00000000,0.00000000,0.00000000,0.00000000,0.00000000,0.00000000,0.00000000,0.00000000,0.00000000,0.00000000,0.00000000,0.00000000,0.00000000,0.00000000,0.00000000,0.00000000,0.00000000,0.00000000,0.00000000,0.00000000,0.00000000,0.00000000,0.00000000,0.00000000,0.00000000,0.00000000,7.89346465,10.92493146,21.35631792,34.80255149,10.93241613,40.93112853,21.23323549,0.00000000,52.57911479,56.24228886,25.15004826,60.84402914,58.98741875,0.00000000,0.00000000,0.00000000,0.00000000,0.00000000,0.00000000,0.00000000,0.00000000,0.00000000,0.00000000,0.00000000,0.00000000,0.00000000,20.93843349,0.00000000,0.00000000,0.00000000,17.77804732,0.00000000,25.28274403,0.00000000,0.00000000,14.28760626,0.00000000,43.28922358,0.00000000,35.84793599,0.00000000,0.00000000,0.00000000,0.00000000
0.00000000,47.40725569,0.00000000,52.82655462,0.00000000,0.00000000,0.00000000,0.00000000,0.00000000,66.92627088,0.00000000,0.00000000,0.00000000,0.00000000,0.00000000,0.00000000,0.00000000,0.00000000,0.00000000,0.00000000,0.00000000,0.00000000,0.00000000,0.00000000,0.00000000,0.00000000,0.00000000,0.00000000,0.00000000,7.89346465,0.00000000,6.87738022,10.06248288,26.81689444,10.63754237,34.43555140,9.65639448,0.00000000,46.25281961,50.86157227,14.59915276,53.87271976,53.27597809,0.00000000,0.00000000,0.00000000,0.00000000,0.00000000,0.00000000,0.00000000,0.00000000,0.00000000,0.00000000,0.00000000,0.00000000,0.00000000,0.00000000,0.00000000,0.00000000,0.00000000,9.62162457,0.00000000,17.60729738,0.00000000,0.00000000,8.79726233,0.00000000,37.62195937,0.00000000,34.99552826,0.00000000,0.00000000,0.00000000,0.00000000
0.00000000,0.00000000,0.00000000,0.00000000,0.00000000,0.00000000,0.00000000,0.00000000,0.00000000,0.00000000,0.00000000,0.00000000,0.00000000,0.00000000,0.00000000,0.00000000,0.00000000,0.00000000,0.00000000,0.00000000,0.00000000,0.00000000,0.00000000,0.00000000,0.00000000,0.00000000,0.00000000,0.00000000,0.00000000,10.92493146,6.87738022,0.00000000,6.37993619,9.46302839,8.09766056,15.81538536,22.41563688,0.00000000,37.57912367,42.24853625,20.92294373,46.32865047,46.88523610,0.00000000,0.00000000,0.00000000,0.00000000,0.00000000,0.00000000,0.00000000,0.00000000,0.00000000,0.00000000,0.00000000,0.00000000,0.00000000,0.00000000,0.00000000,0.00000000,0.00000000,24.54379260,0.00000000,26.06280993,0.00000000,0.00000000,28.83023565,0.00000000,0.00000000,0.00000000,0.00000000,0.00000000,0.00000000,0.00000000,0.00000000
52.88973236,50.20321316,0.00000000,55.79012553,0.00000000,0.00000000,0.00000000,66.14434865,0.00000000,70.94243431,44.58123417,0.00000000,79.57671967,71.53507233,0.00000000,0.00000000,0.00000000,0.00000000,0.00000000,0.00000000,0.00000000,0.00000000,0.00000000,0.00000000,0.00000000,0.00000000,0.00000000,0.00000000,0.00000000,21.35631792,10.06248288,6.37993619,0.00000000,9.61317487,8.18855748,16.77541278,5.06938004,4.56868175,32.74317368,38.80549310,5.74805216,42.53187622,43.20609724,0.00000000,0.00000000,0.00000000,0.00000000,0.00000000,0.00000000,0.00000000,0.00000000,0.00000000,0.00000000,0.00000000,0.00000000,0.00000000,0.00000000,0.00000000,0.00000000,0.00000000,15.19332932,0.00000000,18.70278423,0.00000000,0.00000000,24.13133555,0.00000000,41.38933847,0.00000000,41.72378613,0.00000000,0.00000000,57.90799809,0.00000000
0.00000000,62.26355648,0.00000000,66.05968046,0.00000000,0.00000000,0.00000000,78.91562398,0.00000000,81.59579577,0.00000000,0.00000000,88.48348132,86.19826684,0.00000000,0.00000000,0.00000000,0.00000000,0.00000000,0.00000000,0.00000000,0.00000000,0.00000000,0.00000000,0.00000000,0.00000000,0.00000000,0.00000000,0.00000000,34.80255149,26.81689444,9.46302839,9.61317487,0.00000000,17.84668917,6.00171673,8.88220794,3.54711888,9.03214138,22.36688633,18.91569224,25.45770653,29.53075251,0.00000000,0.00000000,0.00000000,0.00000000,0.00000000,0.00000000,0.00000000,0.00000000,0.00000000,0.00000000,0.00000000,0.00000000,0.00000000,0.00000000,0.00000000,0.00000000,0.00000000,33.45821810,0.00000000,31.84993099,0.00000000,0.00000000,39.27299719,0.00000000,52.55258403,0.00000000,53.82744508,0.00000000,0.00000000,0.00000000,0.00000000
0.00000000,0.00000000,0.00000000,0.00000000,0.00000000,0.00000000,0.00000000,0.00000000,0.00000000,0.00000000,0.00000000,0.00000000,0.00000000,0.00000000,0.00000000,0.00000000,0.00000000,0.00000000,0.00000000,0.00000000,0.00000000,0.00000000,0.00000000,0.00000000,0.00000000,0.00000000,0.00000000,0.00000000,0.00000000,10.93241613,10.63754237,8.09766056,8.18855748,17.84668917,0.00000000,23.61302694,16.46724796,0.00000000,43.56217241,45.31412779,17.23203210,52.10097170,49.09340099,0.00000000,0.00000000,0.00000000,0.00000000,0.00000000,0.00000000,0.00000000,0.00000000,0.00000000,0.00000000,0.00000000,0.00000000,0.00000000,38.76143837,0.00000000,0.00000000,0.00000000,26.75640053,0.00000000,33.20963438,0.00000000,0.00000000,30.43430529,69.05715052,0.00000000,0.00000000,0.00000000,0.00000000,0.00000000,0.00000000,0.00000000
0.00000000,62.45165761,0.00000000,0.00000000,0.00000000,0.00000000,0.00000000,80.99781494,0.00000000,88.22650440,0.00000000,0.00000000,91.88432948,90.75346756,0.00000000,0.00000000,0.00000000,0.00000000,0.00000000,0.00000000,0.00000000,0.00000000,0.00000000,0.00000000,0.00000000,0.00000000,0.00000000,0.00000000,0.00000000,40.93112853,34.43555140,15.81538536,16.77541278,6.00171673,23.61302694,0.00000000,0.00000000,0.00000000,7.80703617,10.73549068,25.55492132,21.50517802,21.03544186,0.00000000,0.00000000,0.00000000,0.00000000,0.00000000,0.00000000,0.00000000,0.00000000,0.00000000,0.00000000,0.00000000,0.00000000,0.00000000,0.00000000,0.00000000,0.00000000,0.00000000,39.92251263,0.00000000,38.59503450,0.00000000,60.48621096,43.90089592,81.18718407,52.72987239,0.00000000,59.21734238,0.00000000,0.00000000,0.00000000,0.00000000
0.00000000,44.12277543,0.00000000,0.00000000,0.00000000,0.00000000,0.00000000,0.00000000,0.00000000,0.00000000,0.00000000,0.00000000,0.00000000,0.00000000,0.00000000,0.00000000,0.00000000,0.00000000,0.00000000,0.00000000,0.00000000,0.00000000,0.00000000,0.00000000,0.00000000,0.00000000,0.00000000,0.00000000,0.00000000,21.23323549,9.65639448,22.41563688,5.06938004,8.88220794,16.46724796,0.00000000,0.00000000,3.89982607,0.00000000,0.00000000,7.98574262,0.00000000,0.00000000,0.00000000,0.00000000,0.00000000,0.00000000,0.00000000,0.00000000,0.00000000,0.00000000,0.00000000,0.00000000,0.00000000,0.00000000,0.00000000,0.00000000,0.00000000,0.00000000,0.00000000,7.34371599,0.00000000,18.35413259,0.00000000,0.00000000,16.06419060,0.00000000,35.56104851,0.00000000,31.42402112,0.00000000,0.00000000,0.00000000,0.00000000
0.00000000,0.00000000,0.00000000,0.00000000,0.00000000,0.00000000,0.00000000,0.00000000,0.00000000,0.00000000,0.00000000,0.00000000,0.00000000,0.00000000,0.00000000,0.00000000,0.00000000,0.00000000,0.00000000,0.00000000,0.00000000,0.00000000,0.00000000,0.00000000,0.00000000,0.00000000,0.00000000,0.00000000,0.00000000,0.00000000,0.00000000,0.00000000,4.56868175,3.54711888,0.00000000,0.00000000,3.89982607,0.00000000,4.68917698,0.00000000,3.68986320,21.44194658,0.00000000,0.00000000,0.00000000,0.00000000,0.00000000,0.00000000,0.00000000,0.00000000,0.00000000,0.00000000,0.00000000,0.00000000,0.00000000,0.00000000,0.00000000,0.00000000,0.00000000,0.00000000,0.00000000,0.00000000,29.53086233,0.00000000,0.00000000,0.00000000,0.00000000,0.00000000,0.00000000,0.00000000,0.00000000,0.00000000,0.00000000,0.00000000
0.00000000,65.75545390,0.00000000,74.60046278,0.00000000,0.00000000,0.00000000,87.72719320,0.00000000,91.08699036,0.00000000,0.00000000,95.74431023,93.91811498,0.00000000,0.00000000,0.00000000,0.00000000,0.00000000,0.00000000,0.00000000,0.00000000,0.00000000,0.00000000,0.00000000,0.00000000,0.00000000,0.00000000,0.00000000,52.57911479,46.25281961,37.57912367,32.74317368,9.03214138,43.56217241,7.80703617,0.00000000,4.68917698,0.00000000,7.73116171,35.49392564,10.71824476,19.41588526,0.00000000,0.00000000,0.00000000,0.00000000,0.00000000,0.00000000,0.00000000,0.00000000,0.00000000,0.00000000,0.00000000,0.00000000,0.00000000,0.00000000,0.00000000,0.00000000,0.00000000,49.80050564,0.00000000,46.29293346,0.00000000,0.00000000,53.99717763,0.00000000,61.07983822,0.00000000,65.90664444,0.00000000,0.00000000,0.00000000,0.00000000
0.00000000,0.00000000,0.00000000,0.00000000,0.00000000,0.00000000,0.00000000,88.91138042,0.00000000,92.99390956,0.00000000,0.00000000,96.21073592,96.10898451,0.00000000,0.00000000,0.00000000,0.00000000,0.00000000,0.00000000,0.00000000,0.00000000,0.00000000,0.00000000,0.00000000,0.00000000,0.00000000,0.00000000,0.00000000,56.24228886,50.86157227,42.24853625,38.80549310,22.36688633,45.31412779,10.73549068,0.00000000,0.00000000,7.73116171,0.00000000,0.00000000,9.44763519,9.37795287,0.00000000,0.00000000,0.00000000,0.00000000,0.00000000,0.00000000,0.00000000,0.00000000,0.00000000,0.00000000,0.00000000,0.00000000,0.00000000,0.00000000,0.00000000,0.00000000,0.00000000,52.81444645,0.00000000,49.16742696,0.00000000,70.08821360,54.30516157,87.26617828,0.00000000,0.00000000,68.25625298,0.00000000,0.00000000,0.00000000,0.00000000
42.26061096,38.06222743,0.00000000,45.06564220,0.00000000,33.53499985,0.00000000,56.00955725,36.62049993,61.94079971,33.20300374,21.92595946,70.20051066,61.57035494,0.00000000,0.00000000,0.00000000,0.00000000,0.00000000,0.00000000,0.00000000,0.00000000,0.00000000,0.00000000,0.00000000,0.00000000,0.00000000,0.00000000,0.00000000,25.15004826,14.59915276,20.92294373,5.74805216,18.91569224,17.23203210,25.55492132,7.98574262,3.68986320,35.49392564,0.00000000,0.00000000,47.45232010,0.00000000,0.00000000,0.00000000,0.00000000,0.00000000,0.00000000,0.00000000,0.00000000,0.00000000,0.00000000,0.00000000,0.00000000,0.00000000,0.00000000,0.00000000,0.00000000,0.00000000,0.00000000,9.33756088,0.00000000,13.38329003,0.00000000,0.00000000,23.64713639,0.00000000,28.96337573,0.00000000,34.16167328,0.00000000,0.00000000,47.23321581,0.00000000
0.00000000,76.80525351,0.00000000,84.43261210,0.00000000,0.00000000,0.00000000,93.78635753,0.00000000,95.03458405,0.00000000,0.00000000,98.13478343,97.69160207,0.00000000,0.00000000,0.00000000,0.00000000,0.00000000,0.00000000,0.00000000,0.00000000,0.00000000,0.00000000,0.00000000,0.00000000,0.00000000,0.00000000,0.00000000,60.84402914,53.87271976,46.32865047,42.53187622,25.45770653,52.10097170,21.50517802,0.00000000,21.44194658,10.71824476,9.44763519,47.45232010,0.00000000,9.75251012,0.00000000,0.00000000,0.00000000,0.00000000,0.00000000,0.00000000,0.00000000,0.00000000,0.00000000,0.00000000,0.00000000,0.00000000,0.00000000,0.00000000,0.00000000,0.00000000,0.00000000,57.14187180,0.00000000,53.32100380,0.00000000,73.96956133,60.66043072,90.98143188,71.09329987,0.00000000,74.12854517,0.00000000,0.00000000,0.00000000,0.00000000
0.00000000,0.00000000,0.00000000,81.95509677,0.00000000,0.00000000,0.00000000,92.74339040,0.00000000,94.98224046,0.00000000,0.00000000,97.07749685,97.07979290,0.00000000,0.00000000,0.00000000,0.00000000,0.00000000,0.00000000,0.00000000,0.00000000,0.00000000,0.00000000,0.00000000,0.00000000,0.00000000,0.00000000,0.00000000,58.98741875,53.27597809,46.88523610,43.20609724,29.53075251,49.09340099,21.03544186,0.00000000,0.00000000,19.41588526,9.37795287,0.00000000,9.75251012,0.00000000,0.00000000,0.00000000,0.00000000,0.00000000,0.00000000,0.00000000,0.00000000,0.00000000,0.00000000,0.00000000,0.00000000,0.00000000,0.00000000,0.00000000,0.00000000,0.00000000,0.00000000,55.57555035,0.00000000,51.08404776,0.00000000,70.59053631,54.52267878,87.36981539,64.08749444,0.00000000,75.49809357,0.00000000,0.00000000,79.39995321,0.00000000
0.00000000,0.00000000,0.00000000,0.00000000,0.00000000,0.00000000,0.00000000,0.00000000,0.00000000,0.00000000,0.00000000,0.00000000,0.00000000,0.00000000,0.00000000,0.00000000,0.00000000,0.00000000,0.00000000,0.00000000,0.00000000,0.00000000,0.00000000,0.00000000,0.00000000,0.00000000,0.00000000,0.00000000,0.00000000,0.00000000,0.00000000,0.00000000,0.00000000,0.00000000,0.00000000,0.00000000,0.00000000,0.00000000,0.00000000,0.00000000,0.00000000,0.00000000,0.00000000,0.00000000,6.81031777,8.43871195,11.82243746,9.23023308,6.85429785,7.01133510,35.06853422,38.95743721,28.28738667,0.00000000,25.42509349,51.75974655,16.33298937,35.39098186,30.71266299,32.58576980,0.00000000,21.99214140,0.00000000,37.88016967,0.00000000,43.79914992,72.51268255,0.00000000,0.00000000,0.00000000,0.00000000,0.00000000,0.00000000,0.00000000
0.00000000,0.00000000,0.00000000,0.00000000,0.00000000,0.00000000,0.00000000,0.00000000,0.00000000,0.00000000,0.00000000,0.00000000,0.00000000,0.00000000,0.00000000,0.00000000,0.00000000,0.00000000,0.00000000,0.00000000,0.00000000,0.00000000,0.00000000,0.00000000,0.00000000,0.00000000,0.00000000,0.00000000,0.00000000,0.00000000,0.00000000,0.00000000,0.00000000,0.00000000,0.00000000,0.00000000,0.00000000,0.00000000,0.00000000,0.00000000,0.00000000,0.00000000,0.00000000,6.81031777,0.00000000,11.42877915,13.49113826,13.06614578,13.70001096,6.16582890,35.57751401,39.22575312,7.57216401,0.00000000,0.00000000,53.68735313,7.44918367,37.28202737,0.00000000,25.14974536,0.00000000,23.57867967,0.00000000,40.53080112,39.19091034,43.99669790,71.45867322,0.00000000,0.00000000,0.00000000,0.00000000,0.00000000,0.00000000,0.00000000
0.00000000,0.00000000,0.00000000,0.00000000,0.00000000,0.00000000,0.00000000,0.00000000,0.00000000,0.00000000,0.00000000,0.00000000,0.00000000,0.00000000,0.00000000,0.00000000,0.00000000,0.00000000,0.00000000,0.00000000,0.00000000,0.00000000,0.00000000,0.00000000,0.00000000,0.00000000,0.00000000,0.00000000,0.00000000,0.00000000,0.00000000,0.00000000,0.00000000,0.00000000,0.00000000,0.00000000,0.00000000,0.00000000,0.00000000,0.00000000,0.00000000,0.00000000,0.00000000,8.43871195,11.42877915,0.00000000,7.46388510,23.73870014,0.00000000,30.56837165,6.45724596,27.64254137,37.90909996,4.52647477,0.00000000,42.56224373,32.04516858,39.59112994,0.00000000,34.99355020,0.00000000,33.42210860,0.00000000,42.99643962,0.00000000,45.05665283,70.81675946,0.00000000,0.00000000,0.00000000,0.00000000,0.00000000,0.00000000,0.00000000
0.00000000,0.00000000,0.00000000,0.00000000,0.00000000,0.00000000,0.00000000,0.00000000,0.00000000,0.00000000,0.00000000,0.00000000,0.00000000,0.00000000,0.00000000,0.00000000,0.00000000,0.00000000,0.00000000,0.00000000,0.00000000,0.00000000,0.00000000,0.00000000,0.00000000,0.00000000,0.00000000,0.00000000,0.00000000,0.00000000,0.00000000,0.00000000,0.00000000,0.00000000,0.00000000,0.00000000,0.00000000,0.00000000,0.00000000,0.00000000,0.00000000,0.00000000,0.00000000,11.82243746,13.49113826,7.46388510,0.00000000,8.63581607,16.46400642,27.34176419,10.15965226,12.14136421,35.43973680,13.06246154,24.21080224,30.14889569,27.12272687,16.11284927,28.38537216,32.15369298,0.00000000,26.53526226,0.00000000,24.69129834,39.86123784,39.51033914,64.78182228,0.00000000,0.00000000,0.00000000,0.00000000,0.00000000,0.00000000,0.00000000
0.00000000,0.00000000,0.00000000,0.00000000,0.00000000,0.00000000,0.00000000,0.00000000,0.00000000,0.00000000,0.00000000,0.00000000,0.00000000,0.00000000,0.00000000,0.00000000,0.00000000,0.00000000,0.00000000,0.00000000,0.00000000,0.00000000,0.00000000,0.00000000,0.00000000,0.00000000,0.00000000,0.00000000,0.00000000,0.00000000,0.00000000,0.00000000,0.00000000,0.00000000,0.00000000,0.00000000,0.00000000,0.00000000,0.00000000,0.00000000,0.00000000,0.00000000,0.00000000,9.23023308,13.06614578,23.73870014,8.63581607,0.00000000,5.72962181,11.88340594,33.05148729,13.95463885,31.45165879,0.00000000,7.18385909,32.85181288,17.53878074,11.58450206,17.23850574,30.20901847,0.00000000,13.62429084,0.00000000,15.68644410,0.00000000,40.05759229,66.53822161,0.00000000,0.00000000,0.00000000,0.00000000,0.00000000,0.00000000,0.00000000
0.00000000,0.00000000,0.00000000,0.00000000,0.00000000,0.00000000,0.00000000,0.00000000,0.00000000,0.00000000,0.00000000,0.00000000,0.00000000,0.00000000,0.00000000,0.00000000,0.00000000,0.00000000,0.00000000,0.00000000,0.00000000,0.00000000,0.00000000,0.00000000,0.00000000,0.00000000,0.00000000,0.00000000,0.00000000,0.00000000,0.00000000,0.00000000,0.00000000,0.00000000,0.00000000,0.00000000,0.00000000,0.00000000,0.00000000,0.00000000,0.00000000,0.00000000,0.00000000,6.85429785,13.70001096,0.00000000,16.46400642,5.72962181,0.00000000,5.49260639,0.00000000,0.00000000,0.00000000,0.00000000,6.35266346,0.00000000,11.91505304,22.78974163,18.16210554,0.00000000,0.00000000,8.70306130,0.00000000,12.10781932,0.00000000,0.00000000,0.00000000,0.00000000,0.00000000,0.00000000,0.00000000,0.00000000,0.00000000,0.00000000
0.00000000,0.00000000,0.00000000,0.00000000,0.00000000,0.00000000,0.00000000,0.00000000,0.00000000,0.00000000,0.00000000,0.00000000,0.00000000,0.00000000,0.00000000,0.00000000,0.00000000,0.00000000,0.00000000,0.00000000,0.00000000,0.00000000,0.00000000,0.00000000,0.00000000,0.00000000,0.00000000,0.00000000,0.00000000,0.00000000,0.00000000,0.00000000,0.00000000,0.00000000,0.00000000,0.00000000,0.00000000,0.00000000,0.00000000,0.00000000,0.00000000,0.00000000,0.00000000,7.01133510,6.16582890,30.56837165,27.34176419,11.88340594,5.49260639,0.00000000,0.00000000,41.84072590,10.40916270,0.00000000,22.92769480,0.00000000,7.30444121,34.90882047,26.42419434,26.48974895,0.00000000,11.36063407,0.00000000,34.51480274,0.00000000,41.23098373,68.09880981,0.00000000,0.00000000,0.00000000,0.00000000,0.00000000,0.00000000,0.00000000
0.00000000,0.00000000,0.00000000,0.00000000,0.00000000,0.00000000,0.00000000,0.00000000,0.00000000,0.00000000,0.00000000,0.00000000,0.00000000,0.00000000,0.00000000,0.00000000,0.00000000,0.00000000,0.00000000,0.00000000,0.00000000,0.00000000,0.00000000,0.00000000,0.00000000,0.00000000,0.00000000,0.00000000,0.00000000,0.00000000,0.00000000,0.00000000,0.00000000,0.00000000,0.00000000,0.00000000,0.00000000,0.00000000,0.00000000,0.00000000,0.00000000,0.00000000,0.00000000,35.06853422,35.57751401,6.45724596,10.15965226,33.05148729,0.00000000,0.00000000,0.00000000,9.36693704,47.50672785,4.24980202,0.00000000,8.97724527,0.00000000,31.71815434,0.00000000,32.11007309,0.00000000,37.19879103,0.00000000,39.82511299,0.00000000,46.69349834,68.44916375,0.00000000,0.00000000,0.00000000,0.00000000,0.00000000,0.00000000,0.00000000
0.00000000,0.00000000,0.00000000,0.00000000,0.00000000,0.00000000,0.00000000,0.00000000,0.00000000,0.00000000,0.00000000,0.00000000,0.00000000,0.00000000,0.00000000,0.00000000,0.00000000,0.00000000,0.00000000,0.00000000,0.00000000,0.00000000,0.00000000,0.00000000,0.00000000,0.00000000,0.00000000,0.00000000,0.00000000,0.00000000,0.00000000,0.00000000,0.00000000,0.00000000,0.00000000,0.00000000,0.00000000,0.00000000,0.00000000,0.00000000,0.00000000,0.00000000,0.00000000,38.95743721,39.22575312,27.64254137,12.14136421,13.95463885,0.00000000,41.84072590,9.36693704,0.00000000,50.25299454,0.00000000,0.00000000,10.19821299,41.54411939,8.82130693,0.00000000,37.84145641,0.00000000,36.27929948,0.00000000,23.90913669,0.00000000,45.57332434,66.73124717,0.00000000,0.00000000,0.00000000,0.00000000,0.00000000,0.00000000,0.00000000
0.00000000,0.00000000,0.00000000,0.00000000,0.00000000,0.00000000,0.00000000,0.00000000,0.00000000,0.00000000,0.00000000,0.00000000,0.00000000,0.00000000,0.00000000,0.00000000,0.00000000,0.00000000,0.00000000,0.00000000,0.00000000,0.00000000,0.00000000,0.00000000,0.00000000,0.00000000,0.00000000,0.00000000,0.00000000,0.00000000,0.00000000,0.00000000,0.00000000,0.00000000,0.00000000,0.00000000,0.00000000,0.00000000,0.00000000,0.00000000,0.00000000,0.00000000,0.00000000,28.28738667,7.57216401,37.90909996,35.43973680,31.45165879,0.00000000,10.40916270,47.50672785,50.25299454,0.00000000,0.00000000,0.00000000,56.65978114,8.89059328,46.77689008,0.00000000,8.78555680,0.00000000,31.02248628,0.00000000,51.48430064,0.00000000,50.30881560,78.87937419,0.00000000,0.00000000,0.00000000,0.00000000,0.00000000,0.00000000,0.00000000
0.00000000,0.00000000,0.00000000,0.00000000,0.00000000,0.00000000,0.00000000,0.00000000,0.00000000,0.00000000,0.00000000,0.00000000,0.00000000,0.00000000,0.00000000,0.00000000,0.00000000,0.00000000,0.00000000,0.00000000,0.00000000,0.00000000,0.00000000,0.00000000,0.00000000,0.00000000,0.00000000,0.00000000,0.00000000,0.00000000,0.00000000,0.00000000,0.00000000,0.00000000,0.00000000,0.00000000,0.00000000,0.00000000,0.00000000,0.00000000,0.00000000,0.00000000,0.00000000,0.00000000,0.00000000,4.52647477,13.06246154,0.00000000,0.00000000,0.00000000,4.24980202,0.00000000,0.00000000,0.00000000,0.00000000,0.00000000,0.00000000,0.00000000,0.00000000,0.00000000,0.00000000,0.00000000,0.00000000,0.00000000,0.00000000,0.00000000,0.00000000,0.00000000,0.00000000,0.00000000,0.00000000,0.00000000,0.00000000,0.00000000
0.00000000,0.00000000,0.00000000,0.00000000,0.00000000,0.00000000,0.00000000,0.00000000,0.00000000,0.00000000,0.00000000,0.00000000,0.00000000,0.00000000,0.00000000,0.00000000,0.00000000,0.00000000,0.00000000,0.00000000,0.00000000,0.00000000,0.00000000,0.00000000,0.00000000,0.00000000,0.00000000,0.00000000,0.00000000,0.00000000,0.00000000,0.00000000,0.00000000,0.00000000,0.00000000,0.00000000,0.00000000,0.00000000,0.00000000,0.00000000,0.00000000,0.00000000,0.00000000,25.42509349,0.00000000,0.00000000,24.21080224,7.18385909,6.35266346,22.92769480,0.00000000,0.00000000,0.00000000,0.00000000,0.00000000,0.00000000,0.00000000,7.73657488,7.43391511,0.00000000,0.00000000,11.45604781,0.00000000,11.97917372,0.00000000,0.00000000,46.80468800,0.00000000,0.00000000,0.00000000,0.00000000,0.00000000,0.00000000,0.00000000
0.00000000,0.00000000,0.00000000,0.00000000,0.00000000,0.00000000,0.00000000,0.00000000,0.00000000,0.00000000,0.00000000,0.00000000,0.00000000,0.00000000,0.00000000,0.00000000,0.00000000,0.00000000,0.00000000,0.00000000,0.00000000,0.00000000,0.00000000,0.00000000,0.00000000,0.00000000,0.00000000,0.00000000,0.00000000,0.00000000,0.00000000,0.00000000,0.00000000,0.00000000,0.00000000,0.00000000,0.00000000,0.00000000,0.00000000,0.00000000,0.00000000,0.00000000,0.00000000,51.75974655,53.68735313,42.56224373,30.14889569,32.85181288,0.00000000,0.00000000,8.97724527,10.19821299,56.65978114,0.00000000,0.00000000,0.00000000,0.00000000,18.90472909,0.00000000,0.00000000,0.00000000,44.57989025,0.00000000,33.31751843,0.00000000,56.91812929,72.33625565,0.00000000,0.00000000,0.00000000,0.00000000,0.00000000,0.00000000,0.00000000
0.00000000,0.00000000,0.00000000,0.00000000,0.00000000,0.00000000,0.00000000,0.00000000,0.00000000,0.00000000,0.00000000,0.00000000,0.00000000,0.00000000,0.00000000,0.00000000,0.00000000,0.00000000,0.00000000,0.00000000,0.00000000,0.00000000,0.00000000,0.00000000,0.00000000,0.00000000,0.00000000,0.00000000,0.00000000,20.93843349,0.00000000,0.00000000,0.00000000,0.00000000,38.76143837,0.00000000,0.00000000,0.00000000,0.00000000,0.00000000,0.00000000,0.00000000,0.00000000,16.33298937,7.44918367,32.04516858,27.12272687,17.53878074,11.91505304,7.30444121,0.00000000,41.54411939,8.89059328,0.00000000,0.00000000,0.00000000,0.00000000,37.30022930,0.00000000,11.18315698,0.00000000,15.80915228,0.00000000,40.35444691,0.00000000,41.58283854,69.98791695,0.00000000,0.00000000,0.00000000,0.00000000,0.00000000,0.00000000,0.00000000
0.00000000,0.00000000,0.00000000,0.00000000,0.00000000,0.00000000,0.00000000,0.00000000,0.00000000,0.00000000,0.00000000,0.00000000,0.00000000,0.00000000,0.00000000,0.00000000,0.00000000,0.00000000,0.00000000,0.00000000,0.00000000,0.00000000,0.00000000,0.00000000,0.00000000,0.00000000,0.00000000,0.00000000,0.00000000,0.00000000,0.00000000,0.00000000,0.00000000,0.00000000,0.00000000,0.00000000,0.00000000,0.00000000,0.00000000,0.00000000,0.00000000,0.00000000,0.00000000,35.39098186,37.28202737,39.59112994,16.11284927,11.58450206,22.78974163,34.90882047,31.71815434,8.82130693,46.77689008,0.00000000,7.73657488,18.90472909,37.30022930,0.00000000,7.29363050,0.00000000,0.00000000,32.85250705,0.00000000,13.26442991,0.00000000,39.40218472,58.51806641,0.00000000,0.00000000,0.00000000,0.00000000,0.00000000,0.00000000,0.00000000
0.00000000,0.00000000,0.00000000,0.00000000,0.00000000,0.00000000,0.00000000,0.00000000,0.00000000,0.00000000,0.00000000,0.00000000,0.00000000,0.00000000,0.00000000,0.00000000,0.00000000,0.00000000,0.00000000,0.00000000,0.00000000,0.00000000,0.00000000,0.00000000,0.00000000,0.00000000,0.00000000,0.00000000,0.00000000,0.00000000,0.00000000,0.00000000,0.00000000,0.00000000,0.00000000,0.00000000,0.00000000,0.00000000,0.00000000,0.00000000,0.00000000,0.00000000,0.00000000,30.71266299,0.00000000,0.00000000,28.38537216,17.23850574,18.16210554,26.42419434,0.00000000,0.00000000,0.00000000,0.00000000,7.43391511,0.00000000,0.00000000,7.29363050,0.00000000,0.00000000,0.00000000,24.00057888,0.00000000,16.12856230,0.00000000,0.00000000,45.13734385,0.00000000,0.00000000,0.00000000,0.00000000,0.00000000,0.00000000,0.00000000
0.00000000,0.00000000,0.00000000,0.00000000,0.00000000,0.00000000,0.00000000,0.00000000,0.00000000,0.00000000,0.00000000,0.00000000,0.00000000,0.00000000,0.00000000,0.00000000,0.00000000,0.00000000,0.00000000,0.00000000,0.00000000,0.00000000,0.00000000,0.00000000,0.00000000,0.00000000,0.00000000,0.00000000,0.00000000,0.00000000,0.00000000,0.00000000,0.00000000,0.00000000,0.00000000,0.00000000,0.00000000,0.00000000,0.00000000,0.00000000,0.00000000,0.00000000,0.00000000,32.58576980,25.14974536,34.99355020,32.15369298,30.20901847,0.00000000,26.48974895,32.11007309,37.84145641,8.78555680,0.00000000,0.00000000,0.00000000,11.18315698,0.00000000,0.00000000,0.00000000,0.00000000,28.66983983,0.00000000,48.79210863,0.00000000,43.48494925,71.18643079,0.00000000,0.00000000,0.00000000,0.00000000,0.00000000,0.00000000,0.00000000
41.83010197,37.19912459,0.00000000,45.26315236,0.00000000,33.74440847,0.00000000,52.80274200,0.00000000,61.02673769,32.33427384,22.74495933,63.93684006,0.00000000,0.00000000,0.00000000,0.00000000,0.00000000,0.00000000,0.00000000,0.00000000,0.00000000,0.00000000,0.00000000,0.00000000,0.00000000,0.00000000,0.00000000,0.00000000,17.77804732,9.62162457,24.54379260,15.19332932,33.45821810,26.75640053,39.92251263,7.34371599,0.00000000,49.80050564,52.81444645,9.33756088,57.14187180,55.57555035,0.00000000,0.00000000,0.00000000,0.00000000,0.00000000,0.00000000,0.00000000,0.00000000,0.00000000,0.00000000,0.00000000,0.00000000,0.00000000,0.00000000,0.00000000,0.00000000,0.00000000,0.00000000,23.54495250,9.60838919,0.00000000,14.09314464,10.57591032,36.37354719,23.69049663,0.00000000,23.27194249,0.00000000,0.00000000,40.87935984,0.00000000
0.00000000,0.00000000,0.00000000,0.00000000,0.00000000,0.00000000,0.00000000,0.00000000,0.00000000,0.00000000,0.00000000,0.00000000,0.00000000,0.00000000,0.00000000,0.00000000,0.00000000,0.00000000,0.00000000,0.00000000,0.00000000,0.00000000,0.00000000,0.00000000,0.00000000,0.00000000,0.00000000,0.00000000,0.00000000,0.00000000,0.00000000,0.00000000,0.00000000,0.00000000,0.00000000,0.00000000,0.00000000,0.00000000,0.00000000,0.00000000,0.00000000,0.00000000,0.00000000,21.99214140,23.57867967,33.42210860,26.53526226,13.62429084,8.70306130,11.36063407,37.19879103,36.27929948,31.02248628,0.00000000,11.45604781,44.57989025,15.80915228,32.85250705,24.00057888,28.66983983,23.54495250,0.00000000,45.86302351,14.52180762,12.83717066,16.87051385,38.99632480,0.00000000,52.60812055,0.00000000,0.00000000,57.48894463,60.45303224,0.00000000
40.98257446,37.09994767,0.00000000,45.59476929,0.00000000,33.73886871,0.00000000,56.50284498,42.95172800,60.47930376,32.79758132,20.67264981,73.55466270,72.24581597,0.00000000,0.00000000,0.00000000,0.00000000,0.00000000,0.00000000,0.00000000,0.00000000,0.00000000,0.00000000,0.00000000,0.00000000,0.00000000,0.00000000,0.00000000,25.28274403,17.60729738,26.06280993,18.70278423,31.84993099,33.20963438,38.59503450,18.35413259,29.53086233,46.29293346,49.16742696,13.38329003,53.32100380,51.08404776,0.00000000,0.00000000,0.00000000,0.00000000,0.00000000,0.00000000,0.00000000,0.00000000,0.00000000,0.00000000,0.00000000,0.00000000,0.00000000,0.00000000,0.00000000,0.00000000,0.00000000,9.60838919,45.86302351,0.00000000,53.54233737,26.81770635,17.47823925,29.24419221,23.42191596,0.00000000,46.80779896,0.00000000,84.75957489,73.78159571,83.74318334
0.00000000,0.00000000,0.00000000,0.00000000,0.00000000,0.00000000,0.00000000,0.00000000,0.00000000,0.00000000,0.00000000,0.00000000,0.00000000,0.00000000,0.00000000,0.00000000,0.00000000,0.00000000,0.00000000,0.00000000,0.00000000,0.00000000,0.00000000,0.00000000,0.00000000,0.00000000,0.00000000,0.00000000,0.00000000,0.00000000,0.00000000,0.00000000,0.00000000,0.00000000,0.00000000,0.00000000,0.00000000,0.00000000,0.00000000,0.00000000,0.00000000,0.00000000,0.00000000,37.88016967,40.53080112,42.99643962,24.69129834,15.68644410,12.10781932,34.51480274,39.82511299,23.90913669,51.48430064,0.00000000,11.97917372,33.31751843,40.35444691,13.26442991,16.12856230,48.79210863,0.00000000,14.52180762,53.54233737,0.00000000,17.66845168,26.73915740,23.05462634,0.00000000,0.00000000,0.00000000,53.58927478,66.63151550,0.00000000,42.29495917
0.00000000,0.00000000,0.00000000,0.00000000,0.00000000,0.00000000,0.00000000,0.00000000,0.00000000,0.00000000,0.00000000,0.00000000,0.00000000,0.00000000,0.00000000,0.00000000,0.00000000,0.00000000,0.00000000,0.00000000,0.00000000,0.00000000,0.00000000,0.00000000,0.00000000,0.00000000,0.00000000,0.00000000,0.00000000,0.00000000,0.00000000,0.00000000,0.00000000,0.00000000,0.00000000,60.48621096,0.00000000,0.00000000,0.00000000,70.08821360,0.00000000,73.96956133,70.59053631,0.00000000,39.19091034,0.00000000,39.86123784,0.00000000,0.00000000,0.00000000,0.00000000,0.00000000,0.00000000,0.00000000,0.00000000,0.00000000,0.00000000,0.00000000,0.00000000,0.00000000,14.09314464,12.83717066,26.81770635,17.66845168,0.00000000,12.37541533,38.90248587,24.69436951,54.51068985,88.01037428,71.36509323,72.64795498,61.79707507,82.58033024
0.00000000,55.12141132,0.00000000,0.00000000,0.00000000,0.00000000,0.00000000,0.00000000,0.00000000,75.03436279,0.00000000,0.00000000,0.00000000,0.00000000,0.00000000,0.00000000,0.00000000,0.00000000,0.00000000,0.00000000,0.00000000,0.00000000,0.00000000,0.00000000,0.00000000,0.00000000,0.00000000,0.00000000,0.00000000,14.28760626,8.79726233,28.83023565,24.13133555,39.27299719,30.43430529,43.90089592,16.06419060,0.00000000,53.99717763,54.30516157,23.64713639,60.66043072,54.52267878,43.79914992,43.99669790,45.05665283,39.51033914,40.05759229,0.00000000,41.23098373,46.69349834,45.57332434,50.30881560,0.00000000,0.00000000,56.91812929,41.58283854,39.40218472,0.00000000,43.48494925,10.57591032,16.87051385,17.47823925,26.73915740,12.37541533,0.00000000,41.35524085,40.37738476,59.57489517,79.29449766,72.52277946,63.15874275,67.13005543,92.36508355
0.00000000,0.00000000,0.00000000,0.00000000,0.00000000,0.00000000,0.00000000,0.00000000,0.00000000,0.00000000,0.00000000,0.00000000,0.00000000,0.00000000,0.00000000,0.00000000,0.00000000,0.00000000,0.00000000,0.00000000,0.00000000,0.00000000,0.00000000,0.00000000,0.00000000,0.00000000,0.00000000,0.00000000,0.00000000,0.00000000,0.00000000,0.00000000,0.00000000,0.00000000,69.05715052,81.18718407,0.00000000,0.00000000,0.00000000,87.26617828,0.00000000,90.98143188,87.36981539,72.51268255,71.45867322,70.81675946,64.78182228,66.53822161,0.00000000,68.09880981,68.44916375,66.73124717,78.87937419,0.00000000,46.80468800,72.33625565,69.98791695,58.51806641,45.13734385,71.18643079,36.37354719,38.99632480,29.24419221,23.05462634,38.90248587,41.35524085,0.00000000,0.00000000,0.00000000,83.11692739,40.35677600,76.17115402,90.63115761,29.41305884
16.90069819,10.92447482,23.78624124,27.57456057,23.98562613,7.69036302,29.17777052,37.20385107,30.52206193,44.20415108,8.34307650,6.06983391,55.83555846,55.24442891,0.00000000,0.00000000,0.00000000,0.00000000,0.00000000,0.00000000,0.00000000,58.23547268,0.00000000,0.00000000,0.00000000,0.00000000,0.00000000,0.00000000,0.00000000,43.28922358,37.62195937,0.00000000,41.38933847,52.55258403,0.00000000,52.72987239,35.56104851,0.00000000,61.07983822,0.00000000,28.96337573,71.09329987,64.08749444,0.00000000,0.00000000,0.00000000,0.00000000,0.00000000,0.00000000,0.00000000,0.00000000,0.00000000,0.00000000,0.00000000,0.00000000,0.00000000,0.00000000,0.00000000,0.00000000,0.00000000,23.69049663,0.00000000,23.42191596,0.00000000,24.69436951,40.37738476,0.00000000,0.00000000,26.01363360,11.17936070,47.02131716,13.02018946,11.36718236,36.70704391
0.00000000,0.00000000,0.00000000,0.00000000,0.00000000,0.00000000,0.00000000,0.00000000,0.00000000,0.00000000,0.00000000,0.00000000,0.00000000,0.00000000,22.93731987,31.47814815,32.32057537,14.05282900,42.33751373,8.19803572,34.00713366,30.48620808,12.48910944,48.12003835,0.00000000,20.27280544,33.64843325,20.19909877,39.29550546,0.00000000,0.00000000,0.00000000,0.00000000,0.00000000,0.00000000,0.00000000,0.00000000,0.00000000,0.00000000,0.00000000,0.00000000,0.00000000,0.00000000,0.00000000,0.00000000,0.00000000,0.00000000,0.00000000,0.00000000,0.00000000,0.00000000,0.00000000,0.00000000,0.00000000,0.00000000,0.00000000,0.00000000,0.00000000,0.00000000,0.00000000,0.00000000,52.60812055,0.00000000,0.00000000,54.51068985,59.57489517,0.00000000,26.01363360,0.00000000,46.44307104,15.03843587,12.94263924,15.19500337,38.22162572
27.61960130,18.78060764,27.02634483,26.46132559,40.22661252,20.21918941,36.23253806,37.21615630,31.98276353,41.44592561,18.84879998,9.07320029,52.03866857,52.40857094,0.00000000,0.00000000,0.00000000,0.00000000,0.00000000,0.00000000,0.00000000,0.00000000,0.00000000,0.00000000,0.00000000,0.00000000,0.00000000,0.00000000,0.00000000,35.84793599,34.99552826,0.00000000,41.72378613,53.82744508,0.00000000,59.21734238,31.42402112,0.00000000,65.90664444,68.25625298,34.16167328,74.12854517,75.49809357,0.00000000,0.00000000,0.00000000,0.00000000,0.00000000,0.00000000,0.00000000,0.00000000,0.00000000,0.00000000,0.00000000,0.00000000,0.00000000,0.00000000,0.00000000,0.00000000,0.00000000,23.27194249,0.00000000,46.80779896,0.00000000,88.01037428,79.29449766,83.11692739,11.17936070,46.44307104,0.00000000,54.43777243,28.13124863,18.47062354,28.90490972
0.00000000,0.00000000,0.00000000,0.00000000,0.00000000,0.00000000,0.00000000,0.00000000,0.00000000,0.00000000,0.00000000,0.00000000,0.00000000,0.00000000,38.16576175,41.72460596,33.55410655,18.20279355,45.67331955,11.54381340,21.97227981,46.52527096,35.35236333,40.89568439,40.44837627,14.24975093,14.14838234,44.44219583,54.39918635,0.00000000,0.00000000,0.00000000,0.00000000,0.00000000,0.00000000,0.00000000,0.00000000,0.00000000,0.00000000,0.00000000,0.00000000,0.00000000,0.00000000,0.00000000,0.00000000,0.00000000,0.00000000,0.00000000,0.00000000,0.00000000,0.00000000,0.00000000,0.00000000,0.00000000,0.00000000,0.00000000,0.00000000,0.00000000,0.00000000,0.00000000,0.00000000,0.00000000,0.00000000,53.58927478,71.36509323,72.52277946,40.35677600,47.02131716,15.03843587,54.43777243,0.00000000,19.56006120,30.65902784,23.67680588
0.00000000,0.00000000,0.00000000,0.00000000,0.00000000,0.00000000,48.59577306,59.37001126,0.00000000,0.00000000,0.00000000,0.00000000,70.84317271,69.93890305,0.00000000,0.00000000,0.00000000,0.00000000,0.00000000,0.00000000,0.00000000,0.00000000,0.00000000,0.00000000,0.00000000,0.00000000,0.00000000,0.00000000,0.00000000,0.00000000,0.00000000,0.00000000,0.00000000,0.00000000,0.00000000,0.00000000,0.00000000,0.00000000,0.00000000,0.00000000,0.00000000,0.00000000,0.00000000,0.00000000,0.00000000,0.00000000,0.00000000,0.00000000,0.00000000,0.00000000,0.00000000,0.00000000,0.00000000,0.00000000,0.00000000,0.00000000,0.00000000,0.00000000,0.00000000,0.00000000,0.00000000,57.48894463,84.75957489,66.63151550,72.64795498,63.15874275,76.17115402,13.02018946,12.94263924,28.13124863,19.56006120,0.00000000,10.93204595,40.34927276
17.37436548,15.26215325,31.49932650,35.11456108,28.75832546,17.03951367,33.57091241,41.48504624,40.78272533,50.58566306,20.23322160,19.98982357,58.82706905,56.00897425,44.65466856,44.71331692,42.29709331,37.66878064,48.24639301,0.00000000,46.07227564,47.96220369,39.78387221,61.44136077,0.00000000,0.00000000,0.00000000,40.89103309,43.54760018,0.00000000,0.00000000,0.00000000,57.90799809,0.00000000,0.00000000,0.00000000,0.00000000,0.00000000,0.00000000,0.00000000,47.23321581,0.00000000,79.39995321,0.00000000,0.00000000,0.00000000,0.00000000,0.00000000,0.00000000,0.00000000,0.00000000,0.00000000,0.00000000,0.00000000,0.00000000,0.00000000,0.00000000,0.00000000,0.00000000,0.00000000,40.87935984,60.45303224,73.78159571,0.00000000,61.79707507,67.13005543,90.63115761,11.36718236,15.19500337,18.47062354,30.65902784,10.93204595,0.00000000,42.64278996
0.00000000,0.00000000,0.00000000,0.00000000,0.00000000,0.00000000,76.40396309,79.81773109,0.00000000,83.58649139,0.00000000,0.00000000,88.71510315,87.38221836,70.83102010,69.78316970,66.75104249,63.26978315,72.23819266,0.00000000,66.48524635,74.29579512,70.53798153,75.65632638,0.00000000,49.95497837,60.21961757,70.64858300,69.93886826,0.00000000,0.00000000,0.00000000,0.00000000,0.00000000,0.00000000,0.00000000,0.00000000,0.00000000,0.00000000,0.00000000,0.00000000,0.00000000,0.00000000,0.00000000,0.00000000,0.00000000,0.00000000,0.00000000,0.00000000,0.00000000,0.00000000,0.00000000,0.00000000,0.00000000,0.00000000,0.00000000,0.00000000,0.00000000,0.00000000,0.00000000,0.00000000,0.00000000,83.74318334,42.29495917,82.58033024,92.36508355,29.41305884,36.70704391,38.22162572,28.90490972,23.67680588,40.34927276,42.64278996,0.00000000
