0.00000000,15.40656921,40.97504241,32.38735035,26.25194489,46.32424428,41.82883185,51.42513058,31.12947371,48.71942122,57.38781738,55.72853234,59.25710478,0.00000000,0.00000000,0.00000000,0.00000000,0.00000000,0.00000000,0.00000000,0.00000000,95.56366005,96.93693026,81.27215344,96.58647614,0.00000000,0.00000000,0.00000000,0.00000000,0.00000000,0.00000000,93.92959229,0.00000000,0.00000000,0.00000000,0.00000000,0.00000000,0.00000000,0.00000000,0.00000000,0.00000000,0.00000000,0.00000000,0.00000000,0.00000000,0.00000000,0.00000000,0.00000000,0.00000000,0.00000000,0.00000000,0.00000000,0.00000000,0.00000000,0.00000000,0.00000000,0.00000000,0.00000000,0.00000000,0.00000000,0.00000000,0.00000000,0.00000000,0.00000000,0.00000000,0.00000000,0.00000000,0.00000000,0.00000000,0.00000000,0.00000000,0.00000000,0.00000000,0.00000000,0.00000000,0.00000000,0.00000000,0.00000000,0.00000000,0.00000000,0.00000000,0.00000000,0.00000000,83.05758926,0.00000000,0.00000000,0.00000000,0.00000000,59.65169150,0.00000000,85.31678537,86.08650711
15.40656921,0.00000000,14.10734434,12.49971028,17.40381787,31.88260321,22.52089541,36.51170024,39.74272683,40.97349697,49.17046648,50.58294416,58.29242224,0.00000000,0.00000000,0.00000000,0.00000000,0.00000000,0.00000000,0.00000000,0.00000000,0.00000000,0.00000000,94.10002670,0.00000000,0.00000000,0.00000000,0.00000000,0.00000000,0.00000000,0.00000000,98.08692847,0.00000000,0.00000000,0.00000000,0.00000000,0.00000000,0.00000000,0.00000000,0.00000000,0.00000000,0.00000000,0.00000000,0.00000000,0.00000000,0.00000000,0.00000000,0.00000000,0.00000000,0.00000000,0.00000000,0.00000000,0.00000000,0.00000000,0.00000000,0.00000000,0.00000000,0.00000000,0.00000000,0.00000000,0.00000000,0.00000000,0.00000000,0.00000000,0.00000000,0.00000000,0.00000000,0.00000000,0.00000000,0.00000000,0.00000000,0.00000000,0.00000000,0.00000000,0.00000000,0.00000000,0.00000000,0.00000000,0.00000000,0.00000000,0.00000000,0.00000000,0.00000000,0.00000000,0.00000000,0.00000000,0.00000000,0.00000000,80.11344247,0.00000000,92.61296116,93.47041473
40.97504241,14.10734434,0.00000000,10.78089858,35.07783232,15.01852119,21.36810187,16.00602704,46.17012660,30.33332215,46.20797221,47.97653274,62.46668097,0.00000000,0.00000000,0.00000000,0.00000000,0.00000000,0.00000000,0.00000000,0.00000000,0.00000000,0.00000000,94.18480682,0.00000000,0.00000000,0.00000000,0.00000000,0.00000000,0.00000000,0.00000000,0.00000000,0.00000000,0.00000000,0.00000000,0.00000000,0.00000000,0.00000000,0.00000000,0.00000000,0.00000000,0.00000000,0.00000000,0.00000000,0.00000000,0.00000000,0.00000000,0.00000000,0.00000000,0.00000000,0.00000000,0.00000000,0.00000000,0.00000000,0.00000000,0.00000000,0.00000000,0.00000000,0.00000000,0.00000000,0.00000000,0.00000000,0.00000000,0.00000000,0.00000000,0.00000000,0.00000000,0.00000000,0.00000000,0.00000000,0.00000000,0.00000000,0.00000000,0.00000000,0.00000000,0.00000000,0.00000000,0.00000000,0.00000000,0.00000000,0.00000000,0.00000000,0.00000000,0.00000000,0.00000000,0.00000000,0.00000000,0.00000000,87.98025665,0.00000000,95.87001941,95.47208985
32.38735035,12.49971028,10.78089858,0.00000000,10.69591791,36.38219514,12.05401243,24.51059101,35.76634643,42.10790178,41.60232942,46.47560185,53.64895058,0.00000000,0.00000000,0.00000000,0.00000000,0.00000000,0.00000000,0.00000000,0.00000000,0.00000000,0.00000000,95.40553411,0.00000000,0.00000000,0.00000000,0.00000000,0.00000000,0.00000000,0.00000000,0.00000000,0.00000000,0.00000000,0.00000000,0.00000000,0.00000000,0.00000000,0.00000000,0.00000000,0.00000000,0.00000000,0.00000000,0.00000000,0.00000000,0.00000000,0.00000000,0.00000000,0.00000000,0.00000000,0.00000000,0.00000000,0.00000000,0.00000000,0.00000000,0.00000000,0.00000000,0.00000000,0.00000000,0.00000000,0.00000000,0.00000000,0.00000000,0.00000000,0.00000000,0.00000000,0.00000000,0.00000000,0.00000000,0.00000000,0.00000000,0.00000000,0.00000000,0.00000000,0.00000000,0.00000000,0.00000000,0.00000000,0.00000000,0.00000000,0.00000000,0.00000000,0.00000000,0.00000000,0.00000000,0.00000000,0.00000000,0.00000000,84.07139969,0.00000000,96.13057742,95.80272646
26.25194489,17.40381787,35.07783232,10.69591791,0.00000000,53.58924103,11.06256582,29.86153588,12.77635235,46.81177401,19.95951706,29.05082336,26.31338122,0.00000000,0.00000000,0.00000000,0.00000000,0.00000000,0.00000000,0.00000000,0.00000000,0.00000000,0.00000000,94.08766283,0.00000000,0.00000000,0.00000000,0.00000000,0.00000000,0.00000000,0.00000000,0.00000000,0.00000000,0.00000000,0.00000000,0.00000000,0.00000000,0.00000000,0.00000000,0.00000000,0.00000000,0.00000000,0.00000000,0.00000000,0.00000000,0.00000000,0.00000000,0.00000000,0.00000000,0.00000000,0.00000000,0.00000000,0.00000000,0.00000000,0.00000000,0.00000000,0.00000000,0.00000000,0.00000000,0.00000000,0.00000000,0.00000000,0.00000000,0.00000000,0.00000000,0.00000000,0.00000000,0.00000000,0.00000000,0.00000000,0.00000000,0.00000000,0.00000000,0.00000000,0.00000000,0.00000000,0.00000000,0.00000000,0.00000000,0.00000000,0.00000000,0.00000000,0.00000000,87.68537267,0.00000000,0.00000000,0.00000000,0.00000000,72.81381614,0.00000000,92.51122203,91.60767509
46.32424428,31.88260321,15.01852119,36.38219514,53.58924103,0.00000000,44.33499676,19.52364405,0.00000000,18.93453895,52.63563312,43.74345638,62.41869837,0.00000000,0.00000000,0.00000000,0.00000000,0.00000000,0.00000000,0.00000000,0.00000000,0.00000000,0.00000000,91.36861038,0.00000000,0.00000000,0.00000000,0.00000000,0.00000000,0.00000000,0.00000000,0.00000000,0.00000000,0.00000000,0.00000000,0.00000000,0.00000000,0.00000000,0.00000000,0.00000000,0.00000000,0.00000000,0.00000000,0.00000000,0.00000000,0.00000000,0.00000000,0.00000000,0.00000000,0.00000000,0.00000000,0.00000000,0.00000000,0.00000000,0.00000000,0.00000000,0.00000000,0.00000000,0.00000000,0.00000000,0.00000000,0.00000000,0.00000000,0.00000000,0.00000000,0.00000000,0.00000000,0.00000000,0.00000000,0.00000000,0.00000000,0.00000000,0.00000000,0.00000000,0.00000000,0.00000000,0.00000000,0.00000000,0.00000000,0.00000000,0.00000000,0.00000000,0.00000000,0.00000000,0.00000000,0.00000000,0.00000000,0.00000000,83.56106567,0.00000000,90.91431298,90.04300121
41.82883185,22.52089541,21.36810187,12.05401243,11.06256582,44.33499676,0.00000000,16.92665989,29.54934229,32.32205342,13.15824380,26.91859980,25.71687372,0.00000000,0.00000000,0.00000000,0.00000000,0.00000000,0.00000000,0.00000000,0.00000000,0.00000000,0.00000000,0.00000000,0.00000000,0.00000000,0.00000000,0.00000000,0.00000000,0.00000000,0.00000000,0.00000000,0.00000000,0.00000000,0.00000000,0.00000000,0.00000000,0.00000000,0.00000000,0.00000000,0.00000000,0.00000000,0.00000000,0.00000000,0.00000000,0.00000000,0.00000000,0.00000000,0.00000000,0.00000000,0.00000000,0.00000000,0.00000000,0.00000000,0.00000000,0.00000000,0.00000000,0.00000000,0.00000000,0.00000000,0.00000000,0.00000000,0.00000000,0.00000000,0.00000000,0.00000000,0.00000000,0.00000000,0.00000000,0.00000000,0.00000000,0.00000000,0.00000000,0.00000000,0.00000000,0.00000000,0.00000000,0.00000000,0.00000000,0.00000000,0.00000000,0.00000000,0.00000000,0.00000000,0.00000000,0.00000000,0.00000000,0.00000000,82.63951976,0.00000000,94.26164449,93.48237583
51.42513058,36.51170024,16.00602704,24.51059101,29.86153588,19.52364405,16.92665989,0.00000000,40.94695619,14.40531566,14.80686645,16.98165978,53.40701153,0.00000000,0.00000000,0.00000000,0.00000000,0.00000000,0.00000000,0.00000000,0.00000000,0.00000000,0.00000000,0.00000000,0.00000000,0.00000000,0.00000000,0.00000000,0.00000000,0.00000000,0.00000000,0.00000000,0.00000000,0.00000000,0.00000000,0.00000000,0.00000000,0.00000000,0.00000000,0.00000000,0.00000000,0.00000000,0.00000000,0.00000000,0.00000000,0.00000000,0.00000000,0.00000000,0.00000000,0.00000000,0.00000000,0.00000000,0.00000000,0.00000000,0.00000000,0.00000000,0.00000000,0.00000000,0.00000000,0.00000000,0.00000000,0.00000000,0.00000000,0.00000000,0.00000000,0.00000000,0.00000000,0.00000000,0.00000000,0.00000000,0.00000000,0.00000000,0.00000000,0.00000000,0.00000000,0.00000000,0.00000000,0.00000000,0.00000000,0.00000000,0.00000000,0.00000000,0.00000000,0.00000000,0.00000000,0.00000000,0.00000000,0.00000000,87.55804607,0.00000000,95.42099706,94.08951194
31.12947371,39.74272683,46.17012660,35.76634643,12.77635235,0.00000000,29.54934229,40.94695619,0.00000000,49.87066817,28.14622127,40.22465019,19.49795912,0.00000000,0.00000000,0.00000000,0.00000000,0.00000000,0.00000000,0.00000000,0.00000000,0.00000000,0.00000000,87.00720024,0.00000000,0.00000000,0.00000000,0.00000000,0.00000000,0.00000000,0.00000000,92.20414056,0.00000000,0.00000000,0.00000000,0.00000000,0.00000000,0.00000000,0.00000000,0.00000000,0.00000000,0.00000000,0.00000000,0.00000000,0.00000000,0.00000000,0.00000000,0.00000000,0.00000000,93.03407593,0.00000000,0.00000000,0.00000000,0.00000000,0.00000000,0.00000000,0.00000000,0.00000000,0.00000000,0.00000000,0.00000000,0.00000000,0.00000000,0.00000000,0.00000000,0.00000000,0.00000000,0.00000000,0.00000000,0.00000000,0.00000000,0.00000000,0.00000000,0.00000000,0.00000000,0.00000000,0.00000000,0.00000000,0.00000000,0.00000000,0.00000000,0.00000000,0.00000000,87.19657230,0.00000000,0.00000000,0.00000000,0.00000000,57.30019174,0.00000000,88.33057829,82.48960427
48.71942122,40.97349697,30.33332215,42.10790178,46.81177401,18.93453895,32.32205342,14.40531566,49.87066817,0.00000000,32.81132074,19.86450121,53.79515700,0.00000000,0.00000000,0.00000000,0.00000000,0.00000000,0.00000000,0.00000000,0.00000000,0.00000000,0.00000000,92.37039693,0.00000000,0.00000000,0.00000000,0.00000000,0.00000000,0.00000000,0.00000000,0.00000000,0.00000000,0.00000000,0.00000000,0.00000000,0.00000000,0.00000000,0.00000000,0.00000000,0.00000000,0.00000000,0.00000000,0.00000000,0.00000000,0.00000000,0.00000000,0.00000000,0.00000000,0.00000000,0.00000000,0.00000000,0.00000000,0.00000000,0.00000000,0.00000000,0.00000000,0.00000000,0.00000000,0.00000000,0.00000000,0.00000000,0.00000000,0.00000000,0.00000000,0.00000000,0.00000000,0.00000000,0.00000000,0.00000000,0.00000000,0.00000000,0.00000000,0.00000000,0.00000000,0.00000000,0.00000000,0.00000000,0.00000000,0.00000000,0.00000000,0.00000000,0.00000000,0.00000000,0.00000000,0.00000000,0.00000000,0.00000000,86.23504704,0.00000000,91.87090750,90.36567135
57.38781738,49.17046648,46.20797221,41.60232942,19.95951706,52.63563312,13.15824380,14.80686645,28.14622127,32.81132074,0.00000000,15.20976025,13.25515335,0.00000000,0.00000000,0.00000000,0.00000000,0.00000000,0.00000000,0.00000000,0.00000000,0.00000000,0.00000000,0.00000000,0.00000000,0.00000000,0.00000000,0.00000000,0.00000000,0.00000000,0.00000000,0.00000000,0.00000000,0.00000000,0.00000000,0.00000000,0.00000000,0.00000000,0.00000000,0.00000000,0.00000000,0.00000000,0.00000000,0.00000000,0.00000000,0.00000000,0.00000000,0.00000000,0.00000000,0.00000000,0.00000000,0.00000000,0.00000000,0.00000000,0.00000000,0.00000000,0.00000000,0.00000000,0.00000000,0.00000000,0.00000000,0.00000000,0.00000000,0.00000000,0.00000000,0.00000000,0.00000000,0.00000000,0.00000000,0.00000000,0.00000000,0.00000000,0.00000000,0.00000000,0.00000000,0.00000000,0.00000000,0.00000000,0.00000000,0.00000000,0.00000000,0.00000000,0.00000000,0.00000000,0.00000000,0.00000000,0.00000000,0.00000000,84.71997397,0.00000000,97.14013508,94.62228689
55.72853234,50.58294416,47.97653274,46.47560185,29.05082336,43.74345638,26.91859980,16.98165978,40.22465019,19.86450121,15.20976025,0.00000000,22.71741742,0.00000000,0.00000000,0.00000000,0.00000000,0.00000000,0.00000000,0.00000000,0.00000000,0.00000000,0.00000000,0.00000000,0.00000000,0.00000000,0.00000000,0.00000000,0.00000000,0.00000000,0.00000000,0.00000000,0.00000000,0.00000000,0.00000000,0.00000000,0.00000000,0.00000000,0.00000000,0.00000000,0.00000000,0.00000000,0.00000000,0.00000000,0.00000000,0.00000000,0.00000000,0.00000000,0.00000000,0.00000000,0.00000000,0.00000000,0.00000000,0.00000000,0.00000000,0.00000000,0.00000000,0.00000000,0.00000000,0.00000000,0.00000000,0.00000000,0.00000000,0.00000000,0.00000000,0.00000000,0.00000000,0.00000000,0.00000000,0.00000000,0.00000000,0.00000000,0.00000000,0.00000000,0.00000000,0.00000000,0.00000000,0.00000000,0.00000000,0.00000000,0.00000000,0.00000000,0.00000000,0.00000000,0.00000000,0.00000000,0.00000000,0.00000000,85.84050530,92.63347054,94.23931454,92.09118267
59.25710478,58.29242224,62.46668097,53.64895058,26.31338122,62.41869837,25.71687372,53.40701153,19.49795912,53.79515700,13.25515335,22.71741742,0.00000000,0.00000000,0.00000000,0.00000000,0.00000000,0.00000000,0.00000000,0.00000000,0.00000000,0.00000000,0.00000000,0.00000000,0.00000000,0.00000000,0.00000000,0.00000000,0.00000000,0.00000000,0.00000000,0.00000000,0.00000000,0.00000000,0.00000000,0.00000000,0.00000000,0.00000000,0.00000000,0.00000000,0.00000000,0.00000000,0.00000000,0.00000000,0.00000000,0.00000000,0.00000000,0.00000000,0.00000000,94.18568268,0.00000000,0.00000000,0.00000000,0.00000000,0.00000000,0.00000000,0.00000000,0.00000000,0.00000000,0.00000000,0.00000000,0.00000000,0.00000000,0.00000000,0.00000000,0.00000000,0.00000000,0.00000000,0.00000000,0.00000000,0.00000000,0.00000000,0.00000000,0.00000000,0.00000000,0.00000000,0.00000000,0.00000000,0.00000000,0.00000000,0.00000000,0.00000000,0.00000000,87.54192607,0.00000000,0.00000000,0.00000000,0.00000000,78.89565574,0.00000000,95.90606476,92.53058610
0.00000000,0.00000000,0.00000000,0.00000000,0.00000000,0.00000000,0.00000000,0.00000000,0.00000000,0.00000000,0.00000000,0.00000000,0.00000000,0.00000000,46.96846745,15.66237353,0.00000000,50.44447666,62.07984877,0.00000000,0.00000000,0.00000000,0.00000000,0.00000000,0.00000000,0.00000000,0.00000000,0.00000000,0.00000000,32.94605460,62.56694831,0.00000000,0.00000000,0.00000000,0.00000000,80.34963837,0.00000000,0.00000000,0.00000000,0.00000000,0.00000000,0.00000000,0.00000000,0.00000000,0.00000000,0.00000000,0.00000000,0.00000000,0.00000000,0.00000000,0.00000000,0.00000000,0.00000000,0.00000000,0.00000000,0.00000000,78.93812799,95.06255421,0.00000000,0.00000000,89.78534045,0.00000000,0.00000000,0.00000000,0.00000000,0.00000000,0.00000000,0.00000000,0.00000000,0.00000000,0.00000000,0.00000000,93.09650966,0.00000000,0.00000000,0.00000000,0.00000000,0.00000000,0.00000000,0.00000000,0.00000000,0.00000000,75.54405133,0.00000000,93.61013242,90.34269905,91.29839296,55.47284197,0.00000000,73.43206248,71.82435103,75.33136219
0.00000000,0.00000000,0.00000000,0.00000000,0.00000000,0.00000000,0.00000000,0.00000000,0.00000000,0.00000000,0.00000000,0.00000000,0.00000000,46.96846745,0.00000000,60.21938960,23.33486654,39.31962438,37.59152143,0.00000000,0.00000000,0.00000000,0.00000000,0.00000000,0.00000000,0.00000000,0.00000000,93.84140269,92.96345647,60.67089111,0.00000000,0.00000000,0.00000000,0.00000000,0.00000000,91.23352051,0.00000000,0.00000000,0.00000000,0.00000000,0.00000000,0.00000000,0.00000000,0.00000000,0.00000000,0.00000000,0.00000000,0.00000000,0.00000000,0.00000000,0.00000000,0.00000000,0.00000000,0.00000000,0.00000000,0.00000000,95.44341442,0.00000000,0.00000000,0.00000000,97.34717384,0.00000000,0.00000000,0.00000000,0.00000000,0.00000000,0.00000000,0.00000000,0.00000000,0.00000000,0.00000000,0.00000000,0.00000000,0.00000000,0.00000000,0.00000000,0.00000000,0.00000000,0.00000000,0.00000000,0.00000000,0.00000000,87.66564655,0.00000000,0.00000000,0.00000000,0.00000000,51.95709645,82.67844792,68.94793531,65.65373621,70.04836718
0.00000000,0.00000000,0.00000000,0.00000000,0.00000000,0.00000000,0.00000000,0.00000000,0.00000000,0.00000000,0.00000000,0.00000000,0.00000000,15.66237353,60.21938960,0.00000000,56.55263583,39.01401194,0.00000000,0.00000000,0.00000000,0.00000000,0.00000000,0.00000000,0.00000000,0.00000000,0.00000000,0.00000000,0.00000000,42.65034859,69.93572108,0.00000000,0.00000000,0.00000000,0.00000000,0.00000000,0.00000000,0.00000000,0.00000000,0.00000000,0.00000000,0.00000000,0.00000000,0.00000000,0.00000000,0.00000000,0.00000000,0.00000000,0.00000000,0.00000000,0.00000000,0.00000000,0.00000000,0.00000000,0.00000000,0.00000000,89.41317715,100.15820154,0.00000000,0.00000000,97.50800912,0.00000000,0.00000000,0.00000000,0.00000000,0.00000000,0.00000000,0.00000000,0.00000000,0.00000000,0.00000000,0.00000000,0.00000000,0.00000000,0.00000000,0.00000000,0.00000000,0.00000000,0.00000000,0.00000000,0.00000000,0.00000000,82.14409683,0.00000000,0.00000000,96.04711012,94.34215051,53.85434553,80.86379496,76.32701111,76.41509713,71.52797397
0.00000000,0.00000000,0.00000000,0.00000000,0.00000000,0.00000000,0.00000000,0.00000000,0.00000000,0.00000000,0.00000000,0.00000000,0.00000000,0.00000000,23.33486654,56.55263583,0.00000000,15.65028747,59.70624458,0.00000000,0.00000000,0.00000000,0.00000000,0.00000000,0.00000000,0.00000000,0.00000000,0.00000000,0.00000000,0.00000000,0.00000000,0.00000000,0.00000000,0.00000000,0.00000000,91.66222000,0.00000000,0.00000000,0.00000000,0.00000000,0.00000000,0.00000000,0.00000000,0.00000000,0.00000000,0.00000000,0.00000000,0.00000000,0.00000000,0.00000000,0.00000000,0.00000000,0.00000000,0.00000000,0.00000000,0.00000000,0.00000000,0.00000000,0.00000000,0.00000000,0.00000000,0.00000000,0.00000000,0.00000000,0.00000000,0.00000000,0.00000000,0.00000000,0.00000000,0.00000000,0.00000000,0.00000000,0.00000000,0.00000000,0.00000000,0.00000000,0.00000000,0.00000000,0.00000000,0.00000000,0.00000000,0.00000000,0.00000000,0.00000000,0.00000000,0.00000000,0.00000000,55.76461134,79.29114151,67.94121868,64.38474834,65.70612486
0.00000000,0.00000000,0.00000000,0.00000000,0.00000000,0.00000000,0.00000000,0.00000000,0.00000000,0.00000000,0.00000000,0.00000000,0.00000000,50.44447666,39.31962438,39.01401194,15.65028747,0.00000000,67.81683470,0.00000000,0.00000000,0.00000000,0.00000000,0.00000000,0.00000000,0.00000000,0.00000000,0.00000000,0.00000000,59.57015655,0.00000000,0.00000000,0.00000000,0.00000000,0.00000000,95.37090111,0.00000000,0.00000000,0.00000000,0.00000000,0.00000000,0.00000000,0.00000000,0.00000000,0.00000000,0.00000000,0.00000000,0.00000000,0.00000000,0.00000000,0.00000000,0.00000000,0.00000000,0.00000000,0.00000000,0.00000000,0.00000000,0.00000000,0.00000000,0.00000000,0.00000000,0.00000000,0.00000000,0.00000000,0.00000000,0.00000000,0.00000000,0.00000000,0.00000000,0.00000000,0.00000000,0.00000000,0.00000000,0.00000000,0.00000000,0.00000000,0.00000000,0.00000000,0.00000000,0.00000000,0.00000000,0.00000000,89.55431213,0.00000000,0.00000000,0.00000000,0.00000000,57.18192663,82.35980188,72.71578961,68.89312741,68.33251632
0.00000000,0.00000000,0.00000000,0.00000000,0.00000000,0.00000000,0.00000000,0.00000000,0.00000000,0.00000000,0.00000000,0.00000000,0.00000000,62.07984877,37.59152143,0.00000000,59.70624458,67.81683470,0.00000000,80.18200726,0.00000000,0.00000000,0.00000000,0.00000000,0.00000000,0.00000000,0.00000000,81.24283998,80.06601929,54.64761353,0.00000000,0.00000000,0.00000000,0.00000000,0.00000000,78.20639253,0.00000000,0.00000000,0.00000000,0.00000000,0.00000000,0.00000000,0.00000000,0.00000000,0.00000000,0.00000000,0.00000000,0.00000000,0.00000000,0.00000000,0.00000000,0.00000000,0.00000000,0.00000000,0.00000000,0.00000000,90.52841081,96.16358185,0.00000000,0.00000000,98.03240842,0.00000000,0.00000000,0.00000000,0.00000000,0.00000000,0.00000000,0.00000000,0.00000000,0.00000000,0.00000000,0.00000000,97.45541382,0.00000000,0.00000000,0.00000000,0.00000000,0.00000000,0.00000000,0.00000000,0.00000000,0.00000000,82.49479235,0.00000000,93.95256615,95.26773398,95.13430023,44.99122414,84.25039455,68.21908753,63.83953979,70.22815307
0.00000000,0.00000000,0.00000000,0.00000000,0.00000000,0.00000000,0.00000000,0.00000000,0.00000000,0.00000000,0.00000000,0.00000000,0.00000000,0.00000000,0.00000000,0.00000000,0.00000000,0.00000000,80.18200726,0.00000000,0.00000000,0.00000000,0.00000000,0.00000000,0.00000000,48.74667273,53.52561195,58.08419318,19.88821472,0.00000000,69.25170944,0.00000000,0.00000000,54.67625908,0.00000000,73.71317802,69.38615417,64.66502518,0.00000000,0.00000000,0.00000000,0.00000000,0.00000000,0.00000000,0.00000000,0.00000000,0.00000000,0.00000000,0.00000000,0.00000000,0.00000000,0.00000000,0.00000000,0.00000000,0.00000000,0.00000000,0.00000000,0.00000000,0.00000000,0.00000000,0.00000000,0.00000000,0.00000000,0.00000000,0.00000000,0.00000000,0.00000000,0.00000000,0.00000000,0.00000000,96.20329285,95.73209975,0.00000000,0.00000000,0.00000000,0.00000000,0.00000000,0.00000000,0.00000000,0.00000000,0.00000000,92.31493160,82.59721234,0.00000000,0.00000000,94.48012098,0.00000000,53.50854209,0.00000000,67.92398160,57.60815676,79.80621408
0.00000000,0.00000000,0.00000000,0.00000000,0.00000000,0.00000000,0.00000000,0.00000000,0.00000000,0.00000000,0.00000000,0.00000000,0.00000000,0.00000000,0.00000000,0.00000000,0.00000000,0.00000000,0.00000000,0.00000000,0.00000000,0.00000000,0.00000000,0.00000000,68.39675713,16.79553986,43.27951678,0.00000000,0.00000000,0.00000000,0.00000000,0.00000000,38.23562138,46.82628479,41.50782776,0.00000000,57.51745224,0.00000000,0.00000000,0.00000000,0.00000000,0.00000000,0.00000000,0.00000000,0.00000000,0.00000000,0.00000000,0.00000000,0.00000000,0.00000000,0.00000000,0.00000000,0.00000000,0.00000000,0.00000000,0.00000000,0.00000000,0.00000000,0.00000000,0.00000000,0.00000000,0.00000000,0.00000000,0.00000000,0.00000000,0.00000000,0.00000000,0.00000000,0.00000000,0.00000000,0.00000000,0.00000000,0.00000000,0.00000000,0.00000000,0.00000000,0.00000000,0.00000000,0.00000000,0.00000000,70.59172366,0.00000000,47.53738382,0.00000000,0.00000000,0.00000000,0.00000000,33.27821721,0.00000000,51.18798351,33.77829769,76.52428309
95.56366005,0.00000000,0.00000000,0.00000000,0.00000000,0.00000000,0.00000000,0.00000000,0.00000000,0.00000000,0.00000000,0.00000000,0.00000000,0.00000000,0.00000000,0.00000000,0.00000000,0.00000000,0.00000000,0.00000000,0.00000000,0.00000000,10.52474389,16.96886055,13.52745457,0.00000000,0.00000000,0.00000000,0.00000000,0.00000000,0.00000000,31.43836945,0.00000000,0.00000000,0.00000000,0.00000000,0.00000000,0.00000000,0.00000000,0.00000000,0.00000000,0.00000000,0.00000000,0.00000000,0.00000000,0.00000000,0.00000000,0.00000000,0.00000000,0.00000000,0.00000000,0.00000000,0.00000000,0.00000000,0.00000000,0.00000000,0.00000000,0.00000000,0.00000000,0.00000000,0.00000000,0.00000000,0.00000000,0.00000000,0.00000000,0.00000000,0.00000000,0.00000000,0.00000000,0.00000000,0.00000000,0.00000000,0.00000000,0.00000000,0.00000000,0.00000000,0.00000000,0.00000000,0.00000000,0.00000000,0.00000000,0.00000000,0.00000000,0.00000000,0.00000000,0.00000000,0.00000000,0.00000000,38.56428365,0.00000000,44.10254651,70.15510042
96.93693026,0.00000000,0.00000000,0.00000000,0.00000000,0.00000000,0.00000000,0.00000000,0.00000000,0.00000000,0.00000000,0.00000000,0.00000000,0.00000000,0.00000000,0.00000000,0.00000000,0.00000000,0.00000000,0.00000000,0.00000000,10.52474389,0.00000000,20.03591981,12.14376258,0.00000000,0.00000000,0.00000000,0.00000000,0.00000000,0.00000000,14.11551878,0.00000000,0.00000000,0.00000000,0.00000000,0.00000000,0.00000000,0.00000000,0.00000000,0.00000000,0.00000000,0.00000000,0.00000000,0.00000000,0.00000000,0.00000000,0.00000000,0.00000000,0.00000000,0.00000000,0.00000000,0.00000000,0.00000000,0.00000000,0.00000000,0.00000000,0.00000000,0.00000000,0.00000000,0.00000000,0.00000000,0.00000000,0.00000000,0.00000000,0.00000000,0.00000000,0.00000000,0.00000000,0.00000000,0.00000000,0.00000000,0.00000000,0.00000000,0.00000000,0.00000000,0.00000000,0.00000000,0.00000000,0.00000000,0.00000000,0.00000000,0.00000000,0.00000000,0.00000000,0.00000000,0.00000000,0.00000000,45.12419736,45.22647985,46.03586240,71.33866151
81.27215344,94.10002670,94.18480682,95.40553411,94.08766283,91.36861038,0.00000000,0.00000000,87.00720024,92.37039693,0.00000000,0.00000000,0.00000000,0.00000000,0.00000000,0.00000000,0.00000000,0.00000000,0.00000000,0.00000000,0.00000000,16.96886055,20.03591981,0.00000000,43.51773715,0.00000000,0.00000000,0.00000000,0.00000000,0.00000000,0.00000000,18.42764260,0.00000000,0.00000000,0.00000000,0.00000000,0.00000000,0.00000000,0.00000000,0.00000000,0.00000000,0.00000000,0.00000000,0.00000000,0.00000000,0.00000000,0.00000000,0.00000000,0.00000000,0.00000000,0.00000000,0.00000000,0.00000000,0.00000000,0.00000000,0.00000000,0.00000000,0.00000000,0.00000000,0.00000000,0.00000000,0.00000000,0.00000000,0.00000000,0.00000000,0.00000000,0.00000000,0.00000000,0.00000000,0.00000000,0.00000000,0.00000000,0.00000000,0.00000000,0.00000000,0.00000000,0.00000000,0.00000000,0.00000000,0.00000000,0.00000000,0.00000000,0.00000000,0.00000000,0.00000000,0.00000000,0.00000000,0.00000000,24.82402264,0.00000000,45.20483443,66.29497965
96.58647614,0.00000000,0.00000000,0.00000000,0.00000000,0.00000000,0.00000000,0.00000000,0.00000000,0.00000000,0.00000000,0.00000000,0.00000000,0.00000000,0.00000000,0.00000000,0.00000000,0.00000000,0.00000000,0.00000000,68.39675713,13.52745457,12.14376258,43.51773715,0.00000000,0.00000000,0.00000000,0.00000000,0.00000000,0.00000000,0.00000000,27.19618938,0.00000000,0.00000000,0.00000000,0.00000000,0.00000000,0.00000000,0.00000000,0.00000000,0.00000000,0.00000000,0.00000000,0.00000000,0.00000000,0.00000000,0.00000000,0.00000000,0.00000000,0.00000000,0.00000000,0.00000000,0.00000000,0.00000000,0.00000000,0.00000000,0.00000000,0.00000000,0.00000000,0.00000000,0.00000000,0.00000000,0.00000000,0.00000000,0.00000000,0.00000000,0.00000000,0.00000000,0.00000000,0.00000000,0.00000000,0.00000000,0.00000000,0.00000000,0.00000000,0.00000000,0.00000000,0.00000000,0.00000000,0.00000000,0.00000000,0.00000000,0.00000000,0.00000000,0.00000000,0.00000000,0.00000000,0.00000000,50.89210110,0.00000000,49.96077634,76.40288696
0.00000000,0.00000000,0.00000000,0.00000000,0.00000000,0.00000000,0.00000000,0.00000000,0.00000000,0.00000000,0.00000000,0.00000000,0.00000000,0.00000000,0.00000000,0.00000000,0.00000000,0.00000000,0.00000000,48.74667273,16.79553986,0.00000000,0.00000000,0.00000000,0.00000000,0.00000000,15.03705454,43.90785446,36.67744700,0.00000000,0.00000000,0.00000000,19.96452889,12.25628806,45.10076904,0.00000000,54.69961182,0.00000000,0.00000000,0.00000000,0.00000000,0.00000000,0.00000000,0.00000000,0.00000000,0.00000000,0.00000000,0.00000000,0.00000000,0.00000000,0.00000000,0.00000000,0.00000000,0.00000000,0.00000000,0.00000000,0.00000000,0.00000000,0.00000000,0.00000000,0.00000000,0.00000000,0.00000000,0.00000000,0.00000000,0.00000000,0.00000000,84.25319099,0.00000000,95.68762398,0.00000000,0.00000000,0.00000000,0.00000000,0.00000000,0.00000000,0.00000000,0.00000000,0.00000000,0.00000000,81.87952857,92.18720128,61.86605173,0.00000000,0.00000000,0.00000000,0.00000000,42.47513511,0.00000000,62.09114456,45.49203405,81.42841949
0.00000000,0.00000000,0.00000000,0.00000000,0.00000000,0.00000000,0.00000000,0.00000000,0.00000000,0.00000000,0.00000000,0.00000000,0.00000000,0.00000000,0.00000000,0.00000000,0.00000000,0.00000000,0.00000000,53.52561195,43.27951678,0.00000000,0.00000000,0.00000000,0.00000000,15.03705454,0.00000000,32.16235809,42.60283739,0.00000000,87.60732651,0.00000000,66.10669188,36.04631657,55.90268921,65.17851058,68.89231850,78.85195793,0.00000000,0.00000000,0.00000000,0.00000000,0.00000000,0.00000000,0.00000000,0.00000000,0.00000000,0.00000000,0.00000000,0.00000000,0.00000000,0.00000000,0.00000000,0.00000000,0.00000000,0.00000000,0.00000000,0.00000000,0.00000000,0.00000000,0.00000000,0.00000000,0.00000000,0.00000000,0.00000000,0.00000000,0.00000000,0.00000000,0.00000000,97.41012994,93.69342422,0.00000000,0.00000000,0.00000000,0.00000000,0.00000000,0.00000000,0.00000000,0.00000000,0.00000000,0.00000000,95.75469398,83.36938787,0.00000000,0.00000000,0.00000000,0.00000000,56.30918971,0.00000000,68.62020943,54.72154809,84.99760664
0.00000000,0.00000000,0.00000000,0.00000000,0.00000000,0.00000000,0.00000000,0.00000000,0.00000000,0.00000000,0.00000000,0.00000000,0.00000000,0.00000000,93.84140269,0.00000000,0.00000000,0.00000000,81.24283998,58.08419318,0.00000000,0.00000000,0.00000000,0.00000000,0.00000000,43.90785446,32.16235809,0.00000000,20.68132600,0.00000000,77.33501018,0.00000000,0.00000000,63.42098969,0.00000000,25.31435884,75.85386467,76.01591312,0.00000000,0.00000000,0.00000000,0.00000000,0.00000000,0.00000000,0.00000000,0.00000000,0.00000000,0.00000000,0.00000000,0.00000000,0.00000000,0.00000000,0.00000000,0.00000000,0.00000000,0.00000000,0.00000000,0.00000000,0.00000000,0.00000000,0.00000000,0.00000000,0.00000000,0.00000000,0.00000000,0.00000000,0.00000000,0.00000000,0.00000000,0.00000000,0.00000000,0.00000000,0.00000000,0.00000000,0.00000000,0.00000000,0.00000000,0.00000000,0.00000000,0.00000000,0.00000000,0.00000000,79.29257245,0.00000000,0.00000000,0.00000000,0.00000000,58.77640251,0.00000000,69.43494473,58.41277635,81.22196214
0.00000000,0.00000000,0.00000000,0.00000000,0.00000000,0.00000000,0.00000000,0.00000000,0.00000000,0.00000000,0.00000000,0.00000000,0.00000000,0.00000000,92.96345647,0.00000000,0.00000000,0.00000000,80.06601929,19.88821472,0.00000000,0.00000000,0.00000000,0.00000000,0.00000000,36.67744700,42.60283739,20.68132600,0.00000000,0.00000000,74.64398409,0.00000000,0.00000000,58.90318135,0.00000000,64.60229201,73.85827128,72.13770953,0.00000000,0.00000000,0.00000000,0.00000000,0.00000000,0.00000000,0.00000000,0.00000000,0.00000000,0.00000000,0.00000000,0.00000000,0.00000000,0.00000000,0.00000000,0.00000000,0.00000000,0.00000000,0.00000000,0.00000000,0.00000000,0.00000000,0.00000000,0.00000000,0.00000000,0.00000000,0.00000000,0.00000000,0.00000000,0.00000000,0.00000000,0.00000000,92.88259010,94.38334961,0.00000000,0.00000000,0.00000000,0.00000000,0.00000000,0.00000000,0.00000000,0.00000000,0.00000000,88.00464079,83.14495701,0.00000000,0.00000000,95.01385117,0.00000000,54.97157644,0.00000000,67.84285706,57.68107223,79.60748151
0.00000000,0.00000000,0.00000000,0.00000000,0.00000000,0.00000000,0.00000000,0.00000000,0.00000000,0.00000000,0.00000000,0.00000000,0.00000000,32.94605460,60.67089111,42.65034859,0.00000000,59.57015655,54.64761353,0.00000000,0.00000000,0.00000000,0.00000000,0.00000000,0.00000000,0.00000000,0.00000000,0.00000000,0.00000000,0.00000000,69.77779288,0.00000000,91.44700411,0.00000000,75.40311487,78.48324203,87.60533359,81.44176341,0.00000000,0.00000000,0.00000000,0.00000000,0.00000000,0.00000000,0.00000000,0.00000000,0.00000000,0.00000000,0.00000000,0.00000000,0.00000000,0.00000000,0.00000000,0.00000000,0.00000000,0.00000000,46.63606664,65.42438682,0.00000000,66.47670670,62.70430924,0.00000000,0.00000000,0.00000000,0.00000000,0.00000000,0.00000000,0.00000000,0.00000000,0.00000000,0.00000000,0.00000000,64.48496955,71.53416322,0.00000000,0.00000000,0.00000000,0.00000000,0.00000000,0.00000000,0.00000000,0.00000000,52.46638572,69.58256531,70.82721742,71.19517445,65.66361800,49.68106992,63.03546135,62.18704319,63.95265222,59.10785505
0.00000000,0.00000000,0.00000000,0.00000000,0.00000000,0.00000000,0.00000000,0.00000000,0.00000000,0.00000000,0.00000000,0.00000000,0.00000000,62.56694831,0.00000000,69.93572108,0.00000000,0.00000000,0.00000000,69.25170944,0.00000000,0.00000000,0.00000000,0.00000000,0.00000000,0.00000000,87.60732651,77.33501018,74.64398409,69.77779288,0.00000000,0.00000000,72.36089834,0.00000000,53.51174880,74.47771014,53.81899296,22.09582743,0.00000000,0.00000000,0.00000000,0.00000000,0.00000000,0.00000000,0.00000000,0.00000000,0.00000000,0.00000000,0.00000000,0.00000000,0.00000000,0.00000000,0.00000000,0.00000000,0.00000000,0.00000000,0.00000000,0.00000000,0.00000000,0.00000000,97.47710164,0.00000000,0.00000000,0.00000000,0.00000000,0.00000000,0.00000000,0.00000000,0.00000000,0.00000000,0.00000000,95.29744393,0.00000000,0.00000000,0.00000000,0.00000000,0.00000000,0.00000000,0.00000000,98.23839842,0.00000000,89.81840229,80.95853986,0.00000000,96.16644118,93.57246927,97.11162330,56.01650063,0.00000000,71.65675805,64.46632385,80.67781581
93.92959229,98.08692847,0.00000000,0.00000000,0.00000000,0.00000000,0.00000000,0.00000000,92.20414056,0.00000000,0.00000000,0.00000000,0.00000000,0.00000000,0.00000000,0.00000000,0.00000000,0.00000000,0.00000000,0.00000000,0.00000000,31.43836945,14.11551878,18.42764260,27.19618938,0.00000000,0.00000000,0.00000000,0.00000000,0.00000000,0.00000000,0.00000000,0.00000000,0.00000000,0.00000000,0.00000000,0.00000000,0.00000000,0.00000000,0.00000000,0.00000000,0.00000000,0.00000000,0.00000000,0.00000000,0.00000000,0.00000000,0.00000000,0.00000000,0.00000000,0.00000000,0.00000000,0.00000000,0.00000000,0.00000000,0.00000000,0.00000000,0.00000000,0.00000000,0.00000000,0.00000000,0.00000000,0.00000000,0.00000000,0.00000000,0.00000000,0.00000000,0.00000000,0.00000000,0.00000000,0.00000000,0.00000000,0.00000000,0.00000000,0.00000000,0.00000000,0.00000000,0.00000000,0.00000000,0.00000000,0.00000000,0.00000000,0.00000000,0.00000000,0.00000000,0.00000000,0.00000000,0.00000000,50.93269222,0.00000000,51.22409093,73.21555661
0.00000000,0.00000000,0.00000000,0.00000000,0.00000000,0.00000000,0.00000000,0.00000000,0.00000000,0.00000000,0.00000000,0.00000000,0.00000000,0.00000000,0.00000000,0.00000000,0.00000000,0.00000000,0.00000000,0.00000000,38.23562138,0.00000000,0.00000000,0.00000000,0.00000000,19.96452889,66.10669188,0.00000000,0.00000000,91.44700411,72.36089834,0.00000000,0.00000000,17.65896700,21.07036967,0.00000000,19.65751856,63.60122271,0.00000000,0.00000000,0.00000000,0.00000000,0.00000000,0.00000000,0.00000000,0.00000000,0.00000000,0.00000000,0.00000000,0.00000000,0.00000000,0.00000000,0.00000000,0.00000000,0.00000000,0.00000000,0.00000000,0.00000000,0.00000000,0.00000000,0.00000000,0.00000000,0.00000000,0.00000000,0.00000000,0.00000000,0.00000000,93.98134867,0.00000000,95.29792331,0.00000000,0.00000000,0.00000000,0.00000000,0.00000000,0.00000000,0.00000000,0.00000000,0.00000000,0.00000000,82.25650330,92.10750229,67.83820145,0.00000000,0.00000000,84.66936845,0.00000000,46.26852883,0.00000000,0.00000000,56.91277706,88.96931712
0.00000000,0.00000000,0.00000000,0.00000000,0.00000000,0.00000000,0.00000000,0.00000000,0.00000000,0.00000000,0.00000000,0.00000000,0.00000000,0.00000000,0.00000000,0.00000000,0.00000000,0.00000000,0.00000000,54.67625908,46.82628479,0.00000000,0.00000000,0.00000000,0.00000000,12.25628806,36.04631657,63.42098969,58.90318135,0.00000000,0.00000000,0.00000000,17.65896700,0.00000000,44.99252278,0.00000000,44.85200932,67.50412975,0.00000000,0.00000000,0.00000000,0.00000000,0.00000000,0.00000000,0.00000000,0.00000000,0.00000000,0.00000000,0.00000000,0.00000000,0.00000000,0.00000000,0.00000000,0.00000000,0.00000000,0.00000000,0.00000000,0.00000000,0.00000000,0.00000000,0.00000000,0.00000000,0.00000000,0.00000000,0.00000000,0.00000000,0.00000000,97.16660394,0.00000000,98.61794968,96.53165054,0.00000000,0.00000000,0.00000000,0.00000000,0.00000000,0.00000000,0.00000000,0.00000000,0.00000000,88.66160460,94.67608205,77.54641395,0.00000000,0.00000000,90.60457526,0.00000000,53.59847540,0.00000000,70.75709827,56.83702432,87.67639202
0.00000000,0.00000000,0.00000000,0.00000000,0.00000000,0.00000000,0.00000000,0.00000000,0.00000000,0.00000000,0.00000000,0.00000000,0.00000000,0.00000000,0.00000000,0.00000000,0.00000000,0.00000000,0.00000000,0.00000000,41.50782776,0.00000000,0.00000000,0.00000000,0.00000000,45.10076904,55.90268921,0.00000000,0.00000000,75.40311487,53.51174880,0.00000000,21.07036967,44.99252278,0.00000000,0.00000000,16.58382718,34.42311940,0.00000000,0.00000000,0.00000000,0.00000000,0.00000000,0.00000000,0.00000000,0.00000000,0.00000000,0.00000000,0.00000000,0.00000000,0.00000000,0.00000000,0.00000000,0.00000000,0.00000000,0.00000000,0.00000000,0.00000000,0.00000000,0.00000000,0.00000000,0.00000000,0.00000000,0.00000000,0.00000000,0.00000000,0.00000000,83.75056561,83.98324013,82.52945717,82.81983185,0.00000000,0.00000000,0.00000000,0.00000000,0.00000000,0.00000000,0.00000000,0.00000000,0.00000000,69.87855717,73.09166341,68.42694416,0.00000000,0.00000000,81.16288710,0.00000000,49.60244081,0.00000000,0.00000000,56.18073471,80.19781342
0.00000000,0.00000000,0.00000000,0.00000000,0.00000000,0.00000000,0.00000000,0.00000000,0.00000000,0.00000000,0.00000000,0.00000000,0.00000000,80.34963837,91.23352051,0.00000000,91.66222000,95.37090111,78.20639253,73.71317802,0.00000000,0.00000000,0.00000000,0.00000000,0.00000000,0.00000000,65.17851058,25.31435884,64.60229201,78.48324203,74.47771014,0.00000000,0.00000000,0.00000000,0.00000000,0.00000000,0.00000000,82.12988507,0.00000000,0.00000000,0.00000000,0.00000000,0.00000000,0.00000000,0.00000000,0.00000000,0.00000000,0.00000000,0.00000000,0.00000000,0.00000000,0.00000000,0.00000000,0.00000000,0.00000000,0.00000000,0.00000000,0.00000000,0.00000000,0.00000000,0.00000000,0.00000000,0.00000000,0.00000000,0.00000000,0.00000000,0.00000000,0.00000000,0.00000000,0.00000000,0.00000000,0.00000000,0.00000000,0.00000000,0.00000000,0.00000000,0.00000000,0.00000000,0.00000000,0.00000000,0.00000000,0.00000000,83.45921516,0.00000000,0.00000000,0.00000000,0.00000000,59.49845957,0.00000000,69.68288260,60.27334612,77.98570604
0.00000000,0.00000000,0.00000000,0.00000000,0.00000000,0.00000000,0.00000000,0.00000000,0.00000000,0.00000000,0.00000000,0.00000000,0.00000000,0.00000000,0.00000000,0.00000000,0.00000000,0.00000000,0.00000000,69.38615417,57.51745224,0.00000000,0.00000000,0.00000000,0.00000000,54.69961182,68.89231850,75.85386467,73.85827128,87.60533359,53.81899296,0.00000000,19.65751856,44.85200932,16.58382718,0.00000000,0.00000000,22.05137839,0.00000000,0.00000000,0.00000000,0.00000000,0.00000000,0.00000000,0.00000000,0.00000000,0.00000000,0.00000000,0.00000000,0.00000000,0.00000000,0.00000000,0.00000000,0.00000000,0.00000000,0.00000000,0.00000000,0.00000000,0.00000000,0.00000000,0.00000000,0.00000000,0.00000000,0.00000000,0.00000000,0.00000000,0.00000000,96.31876119,96.35554296,96.95472411,95.22194748,92.88649855,0.00000000,0.00000000,0.00000000,0.00000000,0.00000000,0.00000000,0.00000000,0.00000000,89.63353465,91.80763448,87.28417130,0.00000000,0.00000000,95.00911585,0.00000000,66.00792619,0.00000000,80.44487762,70.88616377,91.58709408
0.00000000,0.00000000,0.00000000,0.00000000,0.00000000,0.00000000,0.00000000,0.00000000,0.00000000,0.00000000,0.00000000,0.00000000,0.00000000,0.00000000,0.00000000,0.00000000,0.00000000,0.00000000,0.00000000,64.66502518,0.00000000,0.00000000,0.00000000,0.00000000,0.00000000,0.00000000,78.85195793,76.01591312,72.13770953,81.44176341,22.09582743,0.00000000,63.60122271,67.50412975,34.42311940,82.12988507,22.05137839,0.00000000,0.00000000,0.00000000,0.00000000,0.00000000,0.00000000,0.00000000,0.00000000,0.00000000,0.00000000,0.00000000,0.00000000,0.00000000,0.00000000,0.00000000,0.00000000,0.00000000,0.00000000,0.00000000,0.00000000,0.00000000,0.00000000,0.00000000,0.00000000,0.00000000,0.00000000,0.00000000,0.00000000,0.00000000,0.00000000,0.00000000,0.00000000,0.00000000,97.37839777,96.59920325,0.00000000,0.00000000,0.00000000,0.00000000,0.00000000,0.00000000,0.00000000,0.00000000,0.00000000,94.59831565,86.40893677,0.00000000,0.00000000,95.43517838,0.00000000,66.38165804,0.00000000,78.91148588,69.70989025,88.35829366
0.00000000,0.00000000,0.00000000,0.00000000,0.00000000,0.00000000,0.00000000,0.00000000,0.00000000,0.00000000,0.00000000,0.00000000,0.00000000,0.00000000,0.00000000,0.00000000,0.00000000,0.00000000,0.00000000,0.00000000,0.00000000,0.00000000,0.00000000,0.00000000,0.00000000,0.00000000,0.00000000,0.00000000,0.00000000,0.00000000,0.00000000,0.00000000,0.00000000,0.00000000,0.00000000,0.00000000,0.00000000,0.00000000,0.00000000,50.13941014,51.62166984,77.18108597,54.94183285,65.26778682,78.96249771,80.99530131,61.30926527,69.74875618,75.96307784,44.64458618,69.14767705,88.50331726,80.18624184,76.62844879,86.74893355,0.00000000,0.00000000,0.00000000,43.17863720,60.39736748,0.00000000,46.48660438,28.31923911,18.58775630,51.03486606,11.88745364,37.62233162,0.00000000,0.00000000,0.00000000,0.00000000,0.00000000,0.00000000,83.35658895,55.86886575,52.61509450,49.31478958,47.19931259,0.00000000,0.00000000,0.00000000,0.00000000,0.00000000,14.08973648,0.00000000,59.91907855,55.80635168,0.00000000,72.34610124,0.00000000,0.00000000,0.00000000
0.00000000,0.00000000,0.00000000,0.00000000,0.00000000,0.00000000,0.00000000,0.00000000,0.00000000,0.00000000,0.00000000,0.00000000,0.00000000,0.00000000,0.00000000,0.00000000,0.00000000,0.00000000,0.00000000,0.00000000,0.00000000,0.00000000,0.00000000,0.00000000,0.00000000,0.00000000,0.00000000,0.00000000,0.00000000,0.00000000,0.00000000,0.00000000,0.00000000,0.00000000,0.00000000,0.00000000,0.00000000,0.00000000,50.13941014,0.00000000,13.70054762,15.97380332,16.77426030,58.36331215,19.30474001,52.45959060,29.63652537,70.04570656,35.11647423,53.84616615,42.85607372,60.65121476,48.27273759,54.78047579,60.83862467,0.00000000,0.00000000,0.00000000,14.20291035,89.66049051,0.00000000,0.00000000,0.00000000,79.87659354,0.00000000,48.62412067,81.74666786,0.00000000,0.00000000,0.00000000,0.00000000,0.00000000,0.00000000,76.84210205,89.50916290,89.44486618,83.95605850,93.50145382,0.00000000,0.00000000,0.00000000,0.00000000,0.00000000,69.55096159,0.00000000,87.74231194,89.69790532,0.00000000,0.00000000,0.00000000,0.00000000,0.00000000
0.00000000,0.00000000,0.00000000,0.00000000,0.00000000,0.00000000,0.00000000,0.00000000,0.00000000,0.00000000,0.00000000,0.00000000,0.00000000,0.00000000,0.00000000,0.00000000,0.00000000,0.00000000,0.00000000,0.00000000,0.00000000,0.00000000,0.00000000,0.00000000,0.00000000,0.00000000,0.00000000,0.00000000,0.00000000,0.00000000,0.00000000,0.00000000,0.00000000,0.00000000,0.00000000,0.00000000,0.00000000,0.00000000,51.62166984,13.70054762,0.00000000,13.73358444,41.46002295,27.01172763,26.14728234,35.29400159,51.90794256,48.19407776,38.92880055,44.00569551,49.67932839,55.75987015,48.16594476,54.55229444,59.53015765,0.00000000,0.00000000,0.00000000,40.39080206,87.45670423,0.00000000,0.00000000,0.00000000,86.67403244,0.00000000,54.59057164,82.19183665,0.00000000,0.00000000,0.00000000,0.00000000,0.00000000,0.00000000,74.18025153,93.51795387,92.01260529,92.55890127,94.36739667,0.00000000,0.00000000,0.00000000,0.00000000,0.00000000,67.14171115,87.59524727,85.32939900,87.74767313,0.00000000,0.00000000,0.00000000,0.00000000,0.00000000
0.00000000,0.00000000,0.00000000,0.00000000,0.00000000,0.00000000,0.00000000,0.00000000,0.00000000,0.00000000,0.00000000,0.00000000,0.00000000,0.00000000,0.00000000,0.00000000,0.00000000,0.00000000,0.00000000,0.00000000,0.00000000,0.00000000,0.00000000,0.00000000,0.00000000,0.00000000,0.00000000,0.00000000,0.00000000,0.00000000,0.00000000,0.00000000,0.00000000,0.00000000,0.00000000,0.00000000,0.00000000,0.00000000,77.18108597,15.97380332,13.73358444,0.00000000,60.32675095,27.99774550,11.46390757,17.90949153,59.03345013,35.09929730,27.42174083,47.40479012,49.68281776,46.14355947,46.56763568,57.47885195,59.83346109,0.00000000,0.00000000,0.00000000,75.62853485,93.73116996,0.00000000,0.00000000,0.00000000,0.00000000,0.00000000,84.96607208,88.15951029,0.00000000,0.00000000,0.00000000,0.00000000,0.00000000,0.00000000,76.85506439,0.00000000,0.00000000,0.00000000,98.83518219,0.00000000,0.00000000,0.00000000,0.00000000,0.00000000,84.28420530,92.81023693,91.44477868,93.89306822,0.00000000,0.00000000,0.00000000,0.00000000,0.00000000
0.00000000,0.00000000,0.00000000,0.00000000,0.00000000,0.00000000,0.00000000,0.00000000,0.00000000,0.00000000,0.00000000,0.00000000,0.00000000,0.00000000,0.00000000,0.00000000,0.00000000,0.00000000,0.00000000,0.00000000,0.00000000,0.00000000,0.00000000,0.00000000,0.00000000,0.00000000,0.00000000,0.00000000,0.00000000,0.00000000,0.00000000,0.00000000,0.00000000,0.00000000,0.00000000,0.00000000,0.00000000,0.00000000,54.94183285,16.77426030,41.46002295,60.32675095,0.00000000,72.03063583,40.05336615,74.43117015,17.81303403,72.14240901,40.67564076,45.84996616,39.50744919,72.38867410,54.95655613,58.63485592,66.29565749,0.00000000,0.00000000,0.00000000,15.64314445,84.77066927,0.00000000,84.67826189,0.00000000,75.64287111,0.00000000,54.35600003,16.25903313,0.00000000,0.00000000,0.00000000,0.00000000,0.00000000,0.00000000,79.66128998,87.86345673,79.69435543,80.99152279,87.98698955,0.00000000,0.00000000,0.00000000,0.00000000,0.00000000,71.23431233,91.13218043,85.87121302,87.74112786,0.00000000,0.00000000,0.00000000,0.00000000,0.00000000
0.00000000,0.00000000,0.00000000,0.00000000,0.00000000,0.00000000,0.00000000,0.00000000,0.00000000,0.00000000,0.00000000,0.00000000,0.00000000,0.00000000,0.00000000,0.00000000,0.00000000,0.00000000,0.00000000,0.00000000,0.00000000,0.00000000,0.00000000,0.00000000,0.00000000,0.00000000,0.00000000,0.00000000,0.00000000,0.00000000,0.00000000,0.00000000,0.00000000,0.00000000,0.00000000,0.00000000,0.00000000,0.00000000,65.26778682,58.36331215,27.01172763,27.99774550,72.03063583,0.00000000,51.16380814,42.56043902,63.85023371,14.00947911,52.87418747,36.64981843,67.99488449,49.23377585,61.54225006,0.00000000,57.17165250,0.00000000,0.00000000,0.00000000,74.00142415,88.64950425,0.00000000,0.00000000,0.00000000,90.18954468,0.00000000,77.05678558,76.60342789,0.00000000,0.00000000,0.00000000,0.00000000,0.00000000,0.00000000,0.00000000,0.00000000,93.18531799,0.00000000,92.54429716,0.00000000,0.00000000,0.00000000,0.00000000,0.00000000,63.98485224,0.00000000,87.52680368,83.35422414,0.00000000,85.71119499,0.00000000,0.00000000,0.00000000
0.00000000,0.00000000,0.00000000,0.00000000,0.00000000,0.00000000,0.00000000,0.00000000,0.00000000,0.00000000,0.00000000,0.00000000,0.00000000,0.00000000,0.00000000,0.00000000,0.00000000,0.00000000,0.00000000,0.00000000,0.00000000,0.00000000,0.00000000,0.00000000,0.00000000,0.00000000,0.00000000,0.00000000,0.00000000,0.00000000,0.00000000,0.00000000,0.00000000,0.00000000,0.00000000,0.00000000,0.00000000,0.00000000,78.96249771,19.30474001,26.14728234,11.46390757,40.05336615,51.16380814,0.00000000,13.22194037,41.39568388,47.27185440,16.20319715,54.99447664,35.07126636,49.74372339,42.82080365,55.34700431,59.16366394,0.00000000,0.00000000,0.00000000,66.24672038,96.51632502,0.00000000,0.00000000,0.00000000,0.00000000,0.00000000,85.80413468,90.63652992,0.00000000,0.00000000,0.00000000,0.00000000,0.00000000,0.00000000,0.00000000,0.00000000,0.00000000,0.00000000,0.00000000,0.00000000,0.00000000,0.00000000,0.00000000,0.00000000,88.35472592,0.00000000,94.52015142,94.96614872,0.00000000,0.00000000,0.00000000,0.00000000,0.00000000
0.00000000,0.00000000,0.00000000,0.00000000,0.00000000,0.00000000,0.00000000,0.00000000,0.00000000,0.00000000,0.00000000,0.00000000,0.00000000,0.00000000,0.00000000,0.00000000,0.00000000,0.00000000,0.00000000,0.00000000,0.00000000,0.00000000,0.00000000,0.00000000,0.00000000,0.00000000,0.00000000,0.00000000,0.00000000,0.00000000,0.00000000,0.00000000,0.00000000,0.00000000,0.00000000,0.00000000,0.00000000,0.00000000,80.99530131,52.45959060,35.29400159,17.90949153,74.43117015,42.56043902,13.22194037,0.00000000,69.01113358,29.81478210,22.22953732,51.46455444,58.73452779,14.72658978,34.59422803,45.00127347,42.52560551,0.00000000,0.00000000,0.00000000,84.36889203,96.36621968,0.00000000,0.00000000,0.00000000,0.00000000,0.00000000,88.91863441,91.37937800,0.00000000,0.00000000,0.00000000,0.00000000,0.00000000,0.00000000,80.21266484,0.00000000,0.00000000,0.00000000,0.00000000,0.00000000,0.00000000,0.00000000,0.00000000,0.00000000,85.58101834,0.00000000,94.65906896,94.20324485,0.00000000,0.00000000,0.00000000,0.00000000,0.00000000
0.00000000,0.00000000,0.00000000,0.00000000,0.00000000,0.00000000,0.00000000,0.00000000,0.00000000,0.00000000,0.00000000,0.00000000,0.00000000,0.00000000,0.00000000,0.00000000,0.00000000,0.00000000,0.00000000,0.00000000,0.00000000,0.00000000,0.00000000,0.00000000,0.00000000,0.00000000,0.00000000,0.00000000,0.00000000,0.00000000,0.00000000,0.00000000,0.00000000,0.00000000,0.00000000,0.00000000,0.00000000,0.00000000,61.30926527,29.63652537,51.90794256,59.03345013,17.81303403,63.85023371,41.39568388,69.01113358,0.00000000,67.61348114,34.71925141,43.59105835,19.25520683,67.52672645,48.78503782,47.92579460,59.26100985,0.00000000,0.00000000,0.00000000,37.36096813,81.17739971,0.00000000,91.52189445,0.00000000,84.65123958,0.00000000,63.40068794,61.22047634,0.00000000,0.00000000,0.00000000,0.00000000,0.00000000,0.00000000,74.63864399,93.49236516,88.85981775,88.81452724,90.65245819,0.00000000,0.00000000,0.00000000,0.00000000,0.00000000,76.32071110,86.99987564,81.66239993,84.05681078,0.00000000,0.00000000,0.00000000,0.00000000,0.00000000
0.00000000,0.00000000,0.00000000,0.00000000,0.00000000,0.00000000,0.00000000,0.00000000,0.00000000,0.00000000,0.00000000,0.00000000,0.00000000,0.00000000,0.00000000,0.00000000,0.00000000,0.00000000,0.00000000,0.00000000,0.00000000,0.00000000,0.00000000,0.00000000,0.00000000,0.00000000,0.00000000,0.00000000,0.00000000,0.00000000,0.00000000,0.00000000,0.00000000,0.00000000,0.00000000,0.00000000,0.00000000,0.00000000,69.74875618,70.04570656,48.19407776,35.09929730,72.14240901,14.00947911,47.27185440,29.81478210,67.61348114,0.00000000,53.25697835,17.48869172,72.70587964,24.80874358,47.84635984,49.11852169,34.54053364,0.00000000,0.00000000,0.00000000,77.22722816,89.25470282,0.00000000,0.00000000,0.00000000,91.50910797,0.00000000,79.14870911,0.00000000,0.00000000,0.00000000,0.00000000,0.00000000,0.00000000,0.00000000,53.92158517,0.00000000,0.00000000,0.00000000,87.08310089,0.00000000,0.00000000,0.00000000,0.00000000,0.00000000,63.85062753,0.00000000,88.05197605,83.38822954,0.00000000,88.69748833,0.00000000,0.00000000,0.00000000
0.00000000,0.00000000,0.00000000,0.00000000,0.00000000,0.00000000,0.00000000,0.00000000,0.00000000,0.00000000,0.00000000,0.00000000,0.00000000,0.00000000,0.00000000,0.00000000,0.00000000,0.00000000,0.00000000,0.00000000,0.00000000,0.00000000,0.00000000,0.00000000,0.00000000,0.00000000,0.00000000,0.00000000,0.00000000,0.00000000,0.00000000,0.00000000,0.00000000,0.00000000,0.00000000,0.00000000,0.00000000,0.00000000,75.96307784,35.11647423,38.92880055,27.42174083,40.67564076,52.87418747,16.20319715,22.22953732,34.71925141,53.25697835,0.00000000,55.27119425,16.56147468,39.60457902,19.99355689,34.55217544,49.02201631,0.00000000,0.00000000,0.00000000,63.64520943,93.30776284,0.00000000,0.00000000,0.00000000,0.00000000,0.00000000,83.34933417,88.98311106,0.00000000,0.00000000,0.00000000,0.00000000,0.00000000,0.00000000,75.42217509,0.00000000,0.00000000,0.00000000,97.84409441,0.00000000,0.00000000,0.00000000,0.00000000,0.00000000,86.33143029,92.79872894,91.66269385,92.04298486,0.00000000,0.00000000,0.00000000,0.00000000,0.00000000
0.00000000,0.00000000,0.00000000,0.00000000,0.00000000,0.00000000,0.00000000,0.00000000,93.03407593,0.00000000,0.00000000,0.00000000,94.18568268,0.00000000,0.00000000,0.00000000,0.00000000,0.00000000,0.00000000,0.00000000,0.00000000,0.00000000,0.00000000,0.00000000,0.00000000,0.00000000,0.00000000,0.00000000,0.00000000,0.00000000,0.00000000,0.00000000,0.00000000,0.00000000,0.00000000,0.00000000,0.00000000,0.00000000,44.64458618,53.84616615,44.00569551,47.40479012,45.84996616,36.64981843,54.99447664,51.46455444,43.59105835,17.48869172,55.27119425,0.00000000,68.62294224,52.51268060,57.45639165,65.37381676,50.68101072,0.00000000,0.00000000,0.00000000,56.44985898,72.03798022,0.00000000,0.00000000,69.64952387,69.50465453,0.00000000,63.66972605,0.00000000,0.00000000,0.00000000,0.00000000,0.00000000,0.00000000,0.00000000,46.39463550,0.00000000,0.00000000,0.00000000,0.00000000,0.00000000,0.00000000,0.00000000,0.00000000,0.00000000,33.39357093,0.00000000,73.80939603,61.84077450,0.00000000,66.13128433,0.00000000,0.00000000,51.72070573
0.00000000,0.00000000,0.00000000,0.00000000,0.00000000,0.00000000,0.00000000,0.00000000,0.00000000,0.00000000,0.00000000,0.00000000,0.00000000,0.00000000,0.00000000,0.00000000,0.00000000,0.00000000,0.00000000,0.00000000,0.00000000,0.00000000,0.00000000,0.00000000,0.00000000,0.00000000,0.00000000,0.00000000,0.00000000,0.00000000,0.00000000,0.00000000,0.00000000,0.00000000,0.00000000,0.00000000,0.00000000,0.00000000,69.14767705,42.85607372,49.67932839,49.68281776,39.50744919,67.99488449,35.07126636,58.73452779,19.25520683,72.70587964,16.56147468,68.62294224,0.00000000,55.25973571,23.46201733,25.16855289,48.69841564,0.00000000,0.00000000,0.00000000,54.35155854,85.72964837,0.00000000,0.00000000,0.00000000,92.34246499,0.00000000,72.72921832,80.68224100,0.00000000,0.00000000,0.00000000,0.00000000,0.00000000,0.00000000,67.64456391,0.00000000,94.80733079,93.34701284,94.55299330,0.00000000,0.00000000,0.00000000,0.00000000,0.00000000,81.97676977,87.17074857,84.65930265,85.34718668,0.00000000,0.00000000,0.00000000,0.00000000,0.00000000
0.00000000,0.00000000,0.00000000,0.00000000,0.00000000,0.00000000,0.00000000,0.00000000,0.00000000,0.00000000,0.00000000,0.00000000,0.00000000,0.00000000,0.00000000,0.00000000,0.00000000,0.00000000,0.00000000,0.00000000,0.00000000,0.00000000,0.00000000,0.00000000,0.00000000,0.00000000,0.00000000,0.00000000,0.00000000,0.00000000,0.00000000,0.00000000,0.00000000,0.00000000,0.00000000,0.00000000,0.00000000,0.00000000,88.50331726,60.65121476,55.75987015,46.14355947,72.38867410,49.23377585,49.74372339,14.72658978,67.52672645,24.80874358,39.60457902,52.51268060,55.25973571,0.00000000,19.14321984,45.32581264,18.15525353,0.00000000,0.00000000,0.00000000,85.65290298,97.46031638,0.00000000,0.00000000,0.00000000,0.00000000,0.00000000,89.70027369,91.71723938,0.00000000,0.00000000,0.00000000,0.00000000,0.00000000,0.00000000,77.17021370,0.00000000,0.00000000,0.00000000,0.00000000,0.00000000,0.00000000,0.00000000,0.00000000,0.00000000,84.54274766,94.50435384,95.89846287,94.14934046,0.00000000,0.00000000,0.00000000,0.00000000,0.00000000
0.00000000,0.00000000,0.00000000,0.00000000,0.00000000,0.00000000,0.00000000,0.00000000,0.00000000,0.00000000,0.00000000,0.00000000,0.00000000,0.00000000,0.00000000,0.00000000,0.00000000,0.00000000,0.00000000,0.00000000,0.00000000,0.00000000,0.00000000,0.00000000,0.00000000,0.00000000,0.00000000,0.00000000,0.00000000,0.00000000,0.00000000,0.00000000,0.00000000,0.00000000,0.00000000,0.00000000,0.00000000,0.00000000,80.18624184,48.27273759,48.16594476,46.56763568,54.95655613,61.54225006,42.82080365,34.59422803,48.78503782,47.84635984,19.99355689,57.45639165,23.46201733,19.14321984,0.00000000,13.18105535,19.04827327,0.00000000,0.00000000,0.00000000,67.39850329,93.46374851,0.00000000,0.00000000,0.00000000,0.00000000,0.00000000,84.47132619,90.83703656,0.00000000,0.00000000,0.00000000,0.00000000,0.00000000,0.00000000,67.17833125,0.00000000,0.00000000,0.00000000,97.76958771,0.00000000,0.00000000,0.00000000,0.00000000,0.00000000,86.31895599,92.63146257,91.69120093,90.65937944,0.00000000,0.00000000,0.00000000,0.00000000,0.00000000
0.00000000,0.00000000,0.00000000,0.00000000,0.00000000,0.00000000,0.00000000,0.00000000,0.00000000,0.00000000,0.00000000,0.00000000,0.00000000,0.00000000,0.00000000,0.00000000,0.00000000,0.00000000,0.00000000,0.00000000,0.00000000,0.00000000,0.00000000,0.00000000,0.00000000,0.00000000,0.00000000,0.00000000,0.00000000,0.00000000,0.00000000,0.00000000,0.00000000,0.00000000,0.00000000,0.00000000,0.00000000,0.00000000,76.62844879,54.78047579,54.55229444,57.47885195,58.63485592,0.00000000,55.34700431,45.00127347,47.92579460,49.11852169,34.55217544,65.37381676,25.16855289,45.32581264,13.18105535,0.00000000,34.30603413,0.00000000,0.00000000,0.00000000,67.60752787,86.85759044,0.00000000,0.00000000,0.00000000,93.27498118,0.00000000,82.07140524,86.38679151,0.00000000,0.00000000,0.00000000,0.00000000,0.00000000,0.00000000,60.76943657,0.00000000,93.63419596,93.39203135,96.29499250,0.00000000,0.00000000,0.00000000,0.00000000,85.69708252,83.84989807,87.19207070,85.41010155,83.63593131,0.00000000,0.00000000,0.00000000,0.00000000,0.00000000
0.00000000,0.00000000,0.00000000,0.00000000,0.00000000,0.00000000,0.00000000,0.00000000,0.00000000,0.00000000,0.00000000,0.00000000,0.00000000,0.00000000,0.00000000,0.00000000,0.00000000,0.00000000,0.00000000,0.00000000,0.00000000,0.00000000,0.00000000,0.00000000,0.00000000,0.00000000,0.00000000,0.00000000,0.00000000,0.00000000,0.00000000,0.00000000,0.00000000,0.00000000,0.00000000,0.00000000,0.00000000,0.00000000,86.74893355,60.83862467,59.53015765,59.83346109,66.29565749,57.17165250,59.16366394,42.52560551,59.26100985,34.54053364,49.02201631,50.68101072,48.69841564,18.15525353,19.04827327,34.30603413,0.00000000,0.00000000,0.00000000,0.00000000,76.23483797,94.31218277,0.00000000,0.00000000,0.00000000,0.00000000,0.00000000,89.45165720,93.96197637,0.00000000,0.00000000,0.00000000,0.00000000,0.00000000,0.00000000,43.85986777,0.00000000,0.00000000,0.00000000,99.36738296,0.00000000,0.00000000,0.00000000,0.00000000,0.00000000,84.37237864,93.86197826,92.25299166,89.92652426,0.00000000,0.00000000,0.00000000,0.00000000,0.00000000
0.00000000,0.00000000,0.00000000,0.00000000,0.00000000,0.00000000,0.00000000,0.00000000,0.00000000,0.00000000,0.00000000,0.00000000,0.00000000,0.00000000,0.00000000,0.00000000,0.00000000,0.00000000,0.00000000,0.00000000,0.00000000,0.00000000,0.00000000,0.00000000,0.00000000,0.00000000,0.00000000,0.00000000,0.00000000,0.00000000,0.00000000,0.00000000,0.00000000,0.00000000,0.00000000,0.00000000,0.00000000,0.00000000,0.00000000,0.00000000,0.00000000,0.00000000,0.00000000,0.00000000,0.00000000,0.00000000,0.00000000,0.00000000,0.00000000,0.00000000,0.00000000,0.00000000,0.00000000,0.00000000,0.00000000,0.00000000,0.00000000,87.33226507,0.00000000,70.72489521,82.85843976,0.00000000,0.00000000,0.00000000,0.00000000,0.00000000,0.00000000,0.00000000,0.00000000,0.00000000,0.00000000,0.00000000,77.20068812,0.00000000,0.00000000,0.00000000,0.00000000,0.00000000,0.00000000,78.24419388,0.00000000,0.00000000,59.06747022,80.56807632,65.52196255,61.29183765,71.91251336,0.00000000,0.00000000,0.00000000,0.00000000,0.00000000
0.00000000,0.00000000,0.00000000,0.00000000,0.00000000,0.00000000,0.00000000,0.00000000,0.00000000,0.00000000,0.00000000,0.00000000,0.00000000,78.93812799,95.44341442,89.41317715,0.00000000,0.00000000,90.52841081,0.00000000,0.00000000,0.00000000,0.00000000,0.00000000,0.00000000,0.00000000,0.00000000,0.00000000,0.00000000,46.63606664,0.00000000,0.00000000,0.00000000,0.00000000,0.00000000,0.00000000,0.00000000,0.00000000,0.00000000,0.00000000,0.00000000,0.00000000,0.00000000,0.00000000,0.00000000,0.00000000,0.00000000,0.00000000,0.00000000,0.00000000,0.00000000,0.00000000,0.00000000,0.00000000,0.00000000,0.00000000,0.00000000,25.57105377,0.00000000,0.00000000,16.31623422,0.00000000,0.00000000,0.00000000,0.00000000,0.00000000,0.00000000,0.00000000,0.00000000,0.00000000,0.00000000,0.00000000,0.00000000,73.57401699,0.00000000,0.00000000,0.00000000,0.00000000,0.00000000,0.00000000,0.00000000,0.00000000,52.63419883,0.00000000,72.11469237,71.36094546,70.97791273,76.41263169,0.00000000,93.13659940,90.66752359,91.57722556
0.00000000,0.00000000,0.00000000,0.00000000,0.00000000,0.00000000,0.00000000,0.00000000,0.00000000,0.00000000,0.00000000,0.00000000,0.00000000,95.06255421,0.00000000,100.15820154,0.00000000,0.00000000,96.16358185,0.00000000,0.00000000,0.00000000,0.00000000,0.00000000,0.00000000,0.00000000,0.00000000,0.00000000,0.00000000,65.42438682,0.00000000,0.00000000,0.00000000,0.00000000,0.00000000,0.00000000,0.00000000,0.00000000,0.00000000,0.00000000,0.00000000,0.00000000,0.00000000,0.00000000,0.00000000,0.00000000,0.00000000,0.00000000,0.00000000,0.00000000,0.00000000,0.00000000,0.00000000,0.00000000,0.00000000,87.33226507,25.57105377,0.00000000,0.00000000,0.00000000,20.30677971,0.00000000,0.00000000,0.00000000,0.00000000,0.00000000,0.00000000,0.00000000,0.00000000,0.00000000,0.00000000,0.00000000,77.41175199,0.00000000,0.00000000,0.00000000,0.00000000,0.00000000,0.00000000,0.00000000,0.00000000,0.00000000,59.87310507,92.17524985,79.51317649,76.72538094,78.22242016,90.78127887,0.00000000,0.00000000,95.74164581,96.65197823
0.00000000,0.00000000,0.00000000,0.00000000,0.00000000,0.00000000,0.00000000,0.00000000,0.00000000,0.00000000,0.00000000,0.00000000,0.00000000,0.00000000,0.00000000,0.00000000,0.00000000,0.00000000,0.00000000,0.00000000,0.00000000,0.00000000,0.00000000,0.00000000,0.00000000,0.00000000,0.00000000,0.00000000,0.00000000,0.00000000,0.00000000,0.00000000,0.00000000,0.00000000,0.00000000,0.00000000,0.00000000,0.00000000,43.17863720,14.20291035,40.39080206,75.62853485,15.64314445,74.00142415,66.24672038,84.36889203,37.36096813,77.22722816,63.64520943,56.44985898,54.35155854,85.65290298,67.39850329,67.60752787,76.23483797,0.00000000,0.00000000,0.00000000,0.00000000,83.50265288,0.00000000,74.43912531,70.21463776,57.73482655,80.21053630,32.56680392,11.60405125,0.00000000,0.00000000,0.00000000,0.00000000,0.00000000,0.00000000,86.04850769,77.25560977,61.79730258,69.90507366,73.75402327,0.00000000,0.00000000,0.00000000,0.00000000,0.00000000,59.24910226,89.92837461,82.75406795,87.18665638,0.00000000,0.00000000,0.00000000,0.00000000,0.00000000
0.00000000,0.00000000,0.00000000,0.00000000,0.00000000,0.00000000,0.00000000,0.00000000,0.00000000,0.00000000,0.00000000,0.00000000,0.00000000,0.00000000,0.00000000,0.00000000,0.00000000,0.00000000,0.00000000,0.00000000,0.00000000,0.00000000,0.00000000,0.00000000,0.00000000,0.00000000,0.00000000,0.00000000,0.00000000,66.47670670,0.00000000,0.00000000,0.00000000,0.00000000,0.00000000,0.00000000,0.00000000,0.00000000,60.39736748,89.66049051,87.45670423,93.73116996,84.77066927,88.64950425,96.51632502,96.36621968,81.17739971,89.25470282,93.30776284,72.03798022,85.72964837,97.46031638,93.46374851,86.85759044,94.31218277,70.72489521,0.00000000,0.00000000,83.50265288,0.00000000,0.00000000,47.95575638,0.00000000,44.97197037,38.19252632,63.93708878,69.63566532,69.82459717,0.00000000,0.00000000,0.00000000,0.00000000,0.00000000,89.49327712,40.43921972,39.90579897,34.80974198,20.90125502,59.48643812,0.00000000,0.00000000,0.00000000,61.42851194,52.79772945,50.96516854,18.13235047,55.61820241,0.00000000,0.00000000,0.00000000,0.00000000,0.00000000
0.00000000,0.00000000,0.00000000,0.00000000,0.00000000,0.00000000,0.00000000,0.00000000,0.00000000,0.00000000,0.00000000,0.00000000,0.00000000,89.78534045,97.34717384,97.50800912,0.00000000,0.00000000,98.03240842,0.00000000,0.00000000,0.00000000,0.00000000,0.00000000,0.00000000,0.00000000,0.00000000,0.00000000,0.00000000,62.70430924,97.47710164,0.00000000,0.00000000,0.00000000,0.00000000,0.00000000,0.00000000,0.00000000,0.00000000,0.00000000,0.00000000,0.00000000,0.00000000,0.00000000,0.00000000,0.00000000,0.00000000,0.00000000,0.00000000,0.00000000,0.00000000,0.00000000,0.00000000,0.00000000,0.00000000,82.85843976,16.31623422,20.30677971,0.00000000,0.00000000,0.00000000,0.00000000,0.00000000,0.00000000,0.00000000,0.00000000,0.00000000,0.00000000,0.00000000,0.00000000,0.00000000,86.37638664,69.37550729,0.00000000,0.00000000,0.00000000,0.00000000,0.00000000,0.00000000,90.02437919,0.00000000,0.00000000,56.13056550,88.99389795,73.41673083,67.85655145,77.49544642,85.94126776,0.00000000,97.94940124,97.54302502,97.14380973
0.00000000,0.00000000,0.00000000,0.00000000,0.00000000,0.00000000,0.00000000,0.00000000,0.00000000,0.00000000,0.00000000,0.00000000,0.00000000,0.00000000,0.00000000,0.00000000,0.00000000,0.00000000,0.00000000,0.00000000,0.00000000,0.00000000,0.00000000,0.00000000,0.00000000,0.00000000,0.00000000,0.00000000,0.00000000,0.00000000,0.00000000,0.00000000,0.00000000,0.00000000,0.00000000,0.00000000,0.00000000,0.00000000,46.48660438,0.00000000,0.00000000,0.00000000,84.67826189,0.00000000,0.00000000,0.00000000,91.52189445,0.00000000,0.00000000,0.00000000,0.00000000,0.00000000,0.00000000,0.00000000,0.00000000,0.00000000,0.00000000,0.00000000,74.43912531,47.95575638,0.00000000,0.00000000,7.56251186,9.54262011,17.44207643,40.85043671,67.18912760,0.00000000,0.00000000,0.00000000,0.00000000,0.00000000,0.00000000,0.00000000,10.56159472,12.18272832,37.57116404,36.42417706,0.00000000,0.00000000,0.00000000,0.00000000,0.00000000,39.94626241,39.43739046,43.60962738,70.60690495,0.00000000,0.00000000,0.00000000,0.00000000,0.00000000
0.00000000,0.00000000,0.00000000,0.00000000,0.00000000,0.00000000,0.00000000,0.00000000,0.00000000,0.00000000,0.00000000,0.00000000,0.00000000,0.00000000,0.00000000,0.00000000,0.00000000,0.00000000,0.00000000,0.00000000,0.00000000,0.00000000,0.00000000,0.00000000,0.00000000,0.00000000,0.00000000,0.00000000,0.00000000,0.00000000,0.00000000,0.00000000,0.00000000,0.00000000,0.00000000,0.00000000,0.00000000,0.00000000,28.31923911,0.00000000,0.00000000,0.00000000,0.00000000,0.00000000,0.00000000,0.00000000,0.00000000,0.00000000,0.00000000,69.64952387,0.00000000,0.00000000,0.00000000,0.00000000,0.00000000,0.00000000,0.00000000,0.00000000,70.21463776,0.00000000,0.00000000,7.56251186,0.00000000,9.39310041,16.12583208,32.20657800,0.00000000,0.00000000,0.00000000,0.00000000,0.00000000,0.00000000,0.00000000,0.00000000,24.41053390,30.78238651,29.17818896,23.42110831,0.00000000,0.00000000,0.00000000,0.00000000,0.00000000,14.83698944,0.00000000,39.25423714,66.60481552,0.00000000,0.00000000,0.00000000,0.00000000,0.00000000
0.00000000,0.00000000,0.00000000,0.00000000,0.00000000,0.00000000,0.00000000,0.00000000,0.00000000,0.00000000,0.00000000,0.00000000,0.00000000,0.00000000,0.00000000,0.00000000,0.00000000,0.00000000,0.00000000,0.00000000,0.00000000,0.00000000,0.00000000,0.00000000,0.00000000,0.00000000,0.00000000,0.00000000,0.00000000,0.00000000,0.00000000,0.00000000,0.00000000,0.00000000,0.00000000,0.00000000,0.00000000,0.00000000,18.58775630,79.87659354,86.67403244,0.00000000,75.64287111,90.18954468,0.00000000,0.00000000,84.65123958,91.50910797,0.00000000,69.50465453,92.34246499,0.00000000,0.00000000,93.27498118,0.00000000,0.00000000,0.00000000,0.00000000,57.73482655,44.97197037,0.00000000,9.54262011,9.39310041,0.00000000,28.78016986,14.76127035,59.80202285,0.00000000,0.00000000,0.00000000,0.00000000,0.00000000,0.00000000,0.00000000,17.41086084,10.57078737,33.04187467,30.74053746,0.00000000,0.00000000,0.00000000,0.00000000,0.00000000,18.78452993,41.64002002,39.58689143,64.56592708,0.00000000,0.00000000,0.00000000,0.00000000,0.00000000
0.00000000,0.00000000,0.00000000,0.00000000,0.00000000,0.00000000,0.00000000,0.00000000,0.00000000,0.00000000,0.00000000,0.00000000,0.00000000,0.00000000,0.00000000,0.00000000,0.00000000,0.00000000,0.00000000,0.00000000,0.00000000,0.00000000,0.00000000,0.00000000,0.00000000,0.00000000,0.00000000,0.00000000,0.00000000,0.00000000,0.00000000,0.00000000,0.00000000,0.00000000,0.00000000,0.00000000,0.00000000,0.00000000,51.03486606,0.00000000,0.00000000,0.00000000,0.00000000,0.00000000,0.00000000,0.00000000,0.00000000,0.00000000,0.00000000,0.00000000,0.00000000,0.00000000,0.00000000,0.00000000,0.00000000,0.00000000,0.00000000,0.00000000,80.21053630,38.19252632,0.00000000,17.44207643,16.12583208,28.78016986,0.00000000,51.19730759,0.00000000,0.00000000,0.00000000,0.00000000,0.00000000,0.00000000,0.00000000,0.00000000,11.01265404,39.21672600,43.83323415,34.55934683,0.00000000,0.00000000,0.00000000,0.00000000,0.00000000,42.27368154,0.00000000,44.23890108,73.71207846,0.00000000,0.00000000,0.00000000,0.00000000,0.00000000
0.00000000,0.00000000,0.00000000,0.00000000,0.00000000,0.00000000,0.00000000,0.00000000,0.00000000,0.00000000,0.00000000,0.00000000,0.00000000,0.00000000,0.00000000,0.00000000,0.00000000,0.00000000,0.00000000,0.00000000,0.00000000,0.00000000,0.00000000,0.00000000,0.00000000,0.00000000,0.00000000,0.00000000,0.00000000,0.00000000,0.00000000,0.00000000,0.00000000,0.00000000,0.00000000,0.00000000,0.00000000,0.00000000,11.88745364,48.62412067,54.59057164,84.96607208,54.35600003,77.05678558,85.80413468,88.91863441,63.40068794,79.14870911,83.34933417,63.66972605,72.72921832,89.70027369,84.47132619,82.07140524,89.45165720,0.00000000,0.00000000,0.00000000,32.56680392,63.93708878,0.00000000,40.85043671,32.20657800,14.76127035,51.19730759,0.00000000,45.41086724,0.00000000,0.00000000,0.00000000,0.00000000,0.00000000,0.00000000,89.31017176,45.04811693,28.34396663,31.84233266,33.93955315,0.00000000,0.00000000,0.00000000,0.00000000,0.00000000,25.70159873,0.00000000,56.35733026,71.12845779,0.00000000,0.00000000,0.00000000,0.00000000,0.00000000
0.00000000,0.00000000,0.00000000,0.00000000,0.00000000,0.00000000,0.00000000,0.00000000,0.00000000,0.00000000,0.00000000,0.00000000,0.00000000,0.00000000,0.00000000,0.00000000,0.00000000,0.00000000,0.00000000,0.00000000,0.00000000,0.00000000,0.00000000,0.00000000,0.00000000,0.00000000,0.00000000,0.00000000,0.00000000,0.00000000,0.00000000,0.00000000,0.00000000,0.00000000,0.00000000,0.00000000,0.00000000,0.00000000,37.62233162,81.74666786,82.19183665,88.15951029,16.25903313,76.60342789,90.63652992,91.37937800,61.22047634,0.00000000,88.98311106,0.00000000,80.68224100,91.71723938,90.83703656,86.38679151,93.96197637,0.00000000,0.00000000,0.00000000,11.60405125,69.63566532,0.00000000,67.18912760,0.00000000,59.80202285,0.00000000,45.41086724,0.00000000,0.00000000,0.00000000,0.00000000,0.00000000,0.00000000,0.00000000,91.90730031,73.34731453,47.85077379,44.49802633,63.23852926,0.00000000,0.00000000,0.00000000,0.00000000,72.93963318,67.34655637,94.89171045,87.35656635,86.69772405,0.00000000,0.00000000,0.00000000,0.00000000,0.00000000
0.00000000,0.00000000,0.00000000,0.00000000,0.00000000,0.00000000,0.00000000,0.00000000,0.00000000,0.00000000,0.00000000,0.00000000,0.00000000,0.00000000,0.00000000,0.00000000,0.00000000,0.00000000,0.00000000,0.00000000,0.00000000,0.00000000,0.00000000,0.00000000,0.00000000,84.25319099,0.00000000,0.00000000,0.00000000,0.00000000,0.00000000,0.00000000,93.98134867,97.16660394,83.75056561,0.00000000,96.31876119,0.00000000,0.00000000,0.00000000,0.00000000,0.00000000,0.00000000,0.00000000,0.00000000,0.00000000,0.00000000,0.00000000,0.00000000,0.00000000,0.00000000,0.00000000,0.00000000,0.00000000,0.00000000,0.00000000,0.00000000,0.00000000,0.00000000,69.82459717,0.00000000,0.00000000,0.00000000,0.00000000,0.00000000,0.00000000,0.00000000,0.00000000,17.11634876,14.39489524,38.89590465,53.94086734,0.00000000,0.00000000,0.00000000,0.00000000,0.00000000,0.00000000,19.94869931,66.53622500,26.11235092,62.05824958,49.42607411,0.00000000,68.76771545,51.18400111,85.55350660,70.13587365,0.00000000,0.00000000,0.00000000,0.00000000
0.00000000,0.00000000,0.00000000,0.00000000,0.00000000,0.00000000,0.00000000,0.00000000,0.00000000,0.00000000,0.00000000,0.00000000,0.00000000,0.00000000,0.00000000,0.00000000,0.00000000,0.00000000,0.00000000,0.00000000,0.00000000,0.00000000,0.00000000,0.00000000,0.00000000,0.00000000,0.00000000,0.00000000,0.00000000,0.00000000,0.00000000,0.00000000,0.00000000,0.00000000,83.98324013,0.00000000,96.35554296,0.00000000,0.00000000,0.00000000,0.00000000,0.00000000,0.00000000,0.00000000,0.00000000,0.00000000,0.00000000,0.00000000,0.00000000,0.00000000,0.00000000,0.00000000,0.00000000,0.00000000,0.00000000,0.00000000,0.00000000,0.00000000,0.00000000,0.00000000,0.00000000,0.00000000,0.00000000,0.00000000,0.00000000,0.00000000,0.00000000,17.11634876,0.00000000,50.07246535,32.28728858,34.53528907,87.64435069,0.00000000,0.00000000,0.00000000,0.00000000,0.00000000,15.53563329,57.87573548,0.00000000,66.89466846,55.26244458,0.00000000,68.71138407,53.88334530,84.72840978,81.63561847,0.00000000,0.00000000,0.00000000,0.00000000
0.00000000,0.00000000,0.00000000,0.00000000,0.00000000,0.00000000,0.00000000,0.00000000,0.00000000,0.00000000,0.00000000,0.00000000,0.00000000,0.00000000,0.00000000,0.00000000,0.00000000,0.00000000,0.00000000,0.00000000,0.00000000,0.00000000,0.00000000,0.00000000,0.00000000,95.68762398,97.41012994,0.00000000,0.00000000,0.00000000,0.00000000,0.00000000,95.29792331,98.61794968,82.52945717,0.00000000,96.95472411,0.00000000,0.00000000,0.00000000,0.00000000,0.00000000,0.00000000,0.00000000,0.00000000,0.00000000,0.00000000,0.00000000,0.00000000,0.00000000,0.00000000,0.00000000,0.00000000,0.00000000,0.00000000,0.00000000,0.00000000,0.00000000,0.00000000,0.00000000,0.00000000,0.00000000,0.00000000,0.00000000,0.00000000,0.00000000,0.00000000,14.39489524,50.07246535,0.00000000,20.00902523,64.71864367,0.00000000,0.00000000,0.00000000,0.00000000,0.00000000,0.00000000,51.15250694,80.99144872,23.20599563,43.74869873,54.63379363,0.00000000,73.72461184,57.91104574,88.94191534,80.77888459,0.00000000,0.00000000,94.72876061,0.00000000
0.00000000,0.00000000,0.00000000,0.00000000,0.00000000,0.00000000,0.00000000,0.00000000,0.00000000,0.00000000,0.00000000,0.00000000,0.00000000,0.00000000,0.00000000,0.00000000,0.00000000,0.00000000,0.00000000,96.20329285,0.00000000,0.00000000,0.00000000,0.00000000,0.00000000,0.00000000,93.69342422,0.00000000,92.88259010,0.00000000,0.00000000,0.00000000,0.00000000,96.53165054,82.81983185,0.00000000,95.22194748,97.37839777,0.00000000,0.00000000,0.00000000,0.00000000,0.00000000,0.00000000,0.00000000,0.00000000,0.00000000,0.00000000,0.00000000,0.00000000,0.00000000,0.00000000,0.00000000,0.00000000,0.00000000,0.00000000,0.00000000,0.00000000,0.00000000,0.00000000,0.00000000,0.00000000,0.00000000,0.00000000,0.00000000,0.00000000,0.00000000,38.89590465,32.28728858,20.00902523,0.00000000,34.88429097,86.16150602,0.00000000,0.00000000,0.00000000,0.00000000,0.00000000,53.42439224,76.50040265,0.00000000,62.48832750,57.22357079,0.00000000,71.52137801,59.24086254,85.62089976,89.79604721,0.00000000,0.00000000,95.55432106,0.00000000
0.00000000,0.00000000,0.00000000,0.00000000,0.00000000,0.00000000,0.00000000,0.00000000,0.00000000,0.00000000,0.00000000,0.00000000,0.00000000,0.00000000,0.00000000,0.00000000,0.00000000,0.00000000,0.00000000,95.73209975,0.00000000,0.00000000,0.00000000,0.00000000,0.00000000,0.00000000,0.00000000,0.00000000,94.38334961,0.00000000,95.29744393,0.00000000,0.00000000,0.00000000,0.00000000,0.00000000,92.88649855,96.59920325,0.00000000,0.00000000,0.00000000,0.00000000,0.00000000,0.00000000,0.00000000,0.00000000,0.00000000,0.00000000,0.00000000,0.00000000,0.00000000,0.00000000,0.00000000,0.00000000,0.00000000,0.00000000,0.00000000,0.00000000,0.00000000,0.00000000,86.37638664,0.00000000,0.00000000,0.00000000,0.00000000,0.00000000,0.00000000,53.94086734,34.53528907,64.71864367,34.88429097,0.00000000,80.86866076,0.00000000,0.00000000,0.00000000,0.00000000,0.00000000,42.38043178,56.36559179,0.00000000,0.00000000,55.31249434,0.00000000,69.01378886,58.05702798,81.08860938,88.48423437,0.00000000,0.00000000,91.56047058,0.00000000
0.00000000,0.00000000,0.00000000,0.00000000,0.00000000,0.00000000,0.00000000,0.00000000,0.00000000,0.00000000,0.00000000,0.00000000,0.00000000,93.09650966,0.00000000,0.00000000,0.00000000,0.00000000,97.45541382,0.00000000,0.00000000,0.00000000,0.00000000,0.00000000,0.00000000,0.00000000,0.00000000,0.00000000,0.00000000,64.48496955,0.00000000,0.00000000,0.00000000,0.00000000,0.00000000,0.00000000,0.00000000,0.00000000,0.00000000,0.00000000,0.00000000,0.00000000,0.00000000,0.00000000,0.00000000,0.00000000,0.00000000,0.00000000,0.00000000,0.00000000,0.00000000,0.00000000,0.00000000,0.00000000,0.00000000,77.20068812,0.00000000,77.41175199,0.00000000,0.00000000,69.37550729,0.00000000,0.00000000,0.00000000,0.00000000,0.00000000,0.00000000,0.00000000,87.64435069,0.00000000,86.16150602,80.86866076,0.00000000,0.00000000,0.00000000,0.00000000,0.00000000,0.00000000,0.00000000,76.99298331,0.00000000,0.00000000,48.48517769,0.00000000,69.45693320,63.64068436,73.33895938,85.24305505,0.00000000,0.00000000,96.52788289,93.91471354
0.00000000,0.00000000,0.00000000,0.00000000,0.00000000,0.00000000,0.00000000,0.00000000,0.00000000,0.00000000,0.00000000,0.00000000,0.00000000,0.00000000,0.00000000,0.00000000,0.00000000,0.00000000,0.00000000,0.00000000,0.00000000,0.00000000,0.00000000,0.00000000,0.00000000,0.00000000,0.00000000,0.00000000,0.00000000,71.53416322,0.00000000,0.00000000,0.00000000,0.00000000,0.00000000,0.00000000,0.00000000,0.00000000,83.35658895,76.84210205,74.18025153,76.85506439,79.66128998,0.00000000,0.00000000,80.21266484,74.63864399,53.92158517,75.42217509,46.39463550,67.64456391,77.17021370,67.17833125,60.76943657,43.85986777,0.00000000,73.57401699,0.00000000,86.04850769,89.49327712,0.00000000,0.00000000,0.00000000,0.00000000,0.00000000,89.31017176,91.90730031,0.00000000,0.00000000,0.00000000,0.00000000,0.00000000,0.00000000,0.00000000,0.00000000,0.00000000,0.00000000,95.95057037,0.00000000,0.00000000,0.00000000,0.00000000,75.83161985,73.72923202,87.85914285,87.05009374,82.50656794,0.00000000,0.00000000,0.00000000,0.00000000,0.00000000
0.00000000,0.00000000,0.00000000,0.00000000,0.00000000,0.00000000,0.00000000,0.00000000,0.00000000,0.00000000,0.00000000,0.00000000,0.00000000,0.00000000,0.00000000,0.00000000,0.00000000,0.00000000,0.00000000,0.00000000,0.00000000,0.00000000,0.00000000,0.00000000,0.00000000,0.00000000,0.00000000,0.00000000,0.00000000,0.00000000,0.00000000,0.00000000,0.00000000,0.00000000,0.00000000,0.00000000,0.00000000,0.00000000,55.86886575,89.50916290,93.51795387,0.00000000,87.86345673,0.00000000,0.00000000,0.00000000,93.49236516,0.00000000,0.00000000,0.00000000,0.00000000,0.00000000,0.00000000,0.00000000,0.00000000,0.00000000,0.00000000,0.00000000,77.25560977,40.43921972,0.00000000,10.56159472,24.41053390,17.41086084,11.01265404,45.04811693,73.34731453,0.00000000,0.00000000,0.00000000,0.00000000,0.00000000,0.00000000,0.00000000,0.00000000,12.48325020,18.46919753,26.70704804,0.00000000,0.00000000,0.00000000,0.00000000,0.00000000,45.35586311,47.76258002,45.40935170,71.78942827,0.00000000,0.00000000,0.00000000,0.00000000,0.00000000
0.00000000,0.00000000,0.00000000,0.00000000,0.00000000,0.00000000,0.00000000,0.00000000,0.00000000,0.00000000,0.00000000,0.00000000,0.00000000,0.00000000,0.00000000,0.00000000,0.00000000,0.00000000,0.00000000,0.00000000,0.00000000,0.00000000,0.00000000,0.00000000,0.00000000,0.00000000,0.00000000,0.00000000,0.00000000,0.00000000,0.00000000,0.00000000,0.00000000,0.00000000,0.00000000,0.00000000,0.00000000,0.00000000,52.61509450,89.44486618,92.01260529,0.00000000,79.69435543,93.18531799,0.00000000,0.00000000,88.85981775,0.00000000,0.00000000,0.00000000,94.80733079,0.00000000,0.00000000,93.63419596,0.00000000,0.00000000,0.00000000,0.00000000,61.79730258,39.90579897,0.00000000,12.18272832,30.78238651,10.57078737,39.21672600,28.34396663,47.85077379,0.00000000,0.00000000,0.00000000,0.00000000,0.00000000,0.00000000,0.00000000,12.48325020,0.00000000,7.70971703,18.24529871,0.00000000,0.00000000,0.00000000,0.00000000,0.00000000,42.61212342,43.41628520,45.35672812,68.26176634,0.00000000,0.00000000,0.00000000,0.00000000,0.00000000
0.00000000,0.00000000,0.00000000,0.00000000,0.00000000,0.00000000,0.00000000,0.00000000,0.00000000,0.00000000,0.00000000,0.00000000,0.00000000,0.00000000,0.00000000,0.00000000,0.00000000,0.00000000,0.00000000,0.00000000,0.00000000,0.00000000,0.00000000,0.00000000,0.00000000,0.00000000,0.00000000,0.00000000,0.00000000,0.00000000,0.00000000,0.00000000,0.00000000,0.00000000,0.00000000,0.00000000,0.00000000,0.00000000,49.31478958,83.95605850,92.55890127,0.00000000,80.99152279,0.00000000,0.00000000,0.00000000,88.81452724,0.00000000,0.00000000,0.00000000,93.34701284,0.00000000,0.00000000,93.39203135,0.00000000,0.00000000,0.00000000,0.00000000,69.90507366,34.80974198,0.00000000,37.57116404,29.17818896,33.04187467,43.83323415,31.84233266,44.49802633,0.00000000,0.00000000,0.00000000,0.00000000,0.00000000,0.00000000,0.00000000,18.46919753,7.70971703,0.00000000,12.20724243,0.00000000,0.00000000,0.00000000,0.00000000,0.00000000,50.81923519,0.00000000,49.71164501,70.82972336,0.00000000,0.00000000,0.00000000,0.00000000,0.00000000
0.00000000,0.00000000,0.00000000,0.00000000,0.00000000,0.00000000,0.00000000,0.00000000,0.00000000,0.00000000,0.00000000,0.00000000,0.00000000,0.00000000,0.00000000,0.00000000,0.00000000,0.00000000,0.00000000,0.00000000,0.00000000,0.00000000,0.00000000,0.00000000,0.00000000,0.00000000,0.00000000,0.00000000,0.00000000,0.00000000,0.00000000,0.00000000,0.00000000,0.00000000,0.00000000,0.00000000,0.00000000,0.00000000,47.19931259,93.50145382,94.36739667,98.83518219,87.98698955,92.54429716,0.00000000,0.00000000,90.65245819,87.08310089,97.84409441,0.00000000,94.55299330,0.00000000,97.76958771,96.29499250,99.36738296,0.00000000,0.00000000,0.00000000,73.75402327,20.90125502,0.00000000,36.42417706,23.42110831,30.74053746,34.55934683,33.93955315,63.23852926,0.00000000,0.00000000,0.00000000,0.00000000,0.00000000,0.00000000,95.95057037,26.70704804,18.24529871,12.20724243,0.00000000,0.00000000,0.00000000,0.00000000,0.00000000,0.00000000,51.81133544,65.45161311,51.37528091,70.28897831,0.00000000,0.00000000,0.00000000,0.00000000,0.00000000
0.00000000,0.00000000,0.00000000,0.00000000,0.00000000,0.00000000,0.00000000,0.00000000,0.00000000,0.00000000,0.00000000,0.00000000,0.00000000,0.00000000,0.00000000,0.00000000,0.00000000,0.00000000,0.00000000,0.00000000,0.00000000,0.00000000,0.00000000,0.00000000,0.00000000,0.00000000,0.00000000,0.00000000,0.00000000,0.00000000,0.00000000,0.00000000,0.00000000,0.00000000,0.00000000,0.00000000,0.00000000,0.00000000,0.00000000,0.00000000,0.00000000,0.00000000,0.00000000,0.00000000,0.00000000,0.00000000,0.00000000,0.00000000,0.00000000,0.00000000,0.00000000,0.00000000,0.00000000,0.00000000,0.00000000,0.00000000,0.00000000,0.00000000,0.00000000,59.48643812,0.00000000,0.00000000,0.00000000,0.00000000,0.00000000,0.00000000,0.00000000,19.94869931,15.53563329,51.15250694,53.42439224,42.38043178,0.00000000,0.00000000,0.00000000,0.00000000,0.00000000,0.00000000,0.00000000,59.11218731,42.42017013,0.00000000,44.75588962,0.00000000,62.70733929,44.52667999,80.39116911,0.00000000,0.00000000,0.00000000,0.00000000,0.00000000
0.00000000,0.00000000,0.00000000,0.00000000,0.00000000,0.00000000,0.00000000,0.00000000,0.00000000,0.00000000,0.00000000,0.00000000,0.00000000,0.00000000,0.00000000,0.00000000,0.00000000,0.00000000,0.00000000,0.00000000,0.00000000,0.00000000,0.00000000,0.00000000,0.00000000,0.00000000,0.00000000,0.00000000,0.00000000,0.00000000,98.23839842,0.00000000,0.00000000,0.00000000,0.00000000,0.00000000,0.00000000,0.00000000,0.00000000,0.00000000,0.00000000,0.00000000,0.00000000,0.00000000,0.00000000,0.00000000,0.00000000,0.00000000,0.00000000,0.00000000,0.00000000,0.00000000,0.00000000,0.00000000,0.00000000,78.24419388,0.00000000,0.00000000,0.00000000,0.00000000,90.02437919,0.00000000,0.00000000,0.00000000,0.00000000,0.00000000,0.00000000,66.53622500,57.87573548,80.99144872,76.50040265,56.36559179,76.99298331,0.00000000,0.00000000,0.00000000,0.00000000,0.00000000,59.11218731,0.00000000,0.00000000,0.00000000,59.36382436,0.00000000,67.45636940,56.50771735,80.10507743,84.69148553,0.00000000,0.00000000,0.00000000,0.00000000
0.00000000,0.00000000,0.00000000,0.00000000,0.00000000,0.00000000,0.00000000,0.00000000,0.00000000,0.00000000,0.00000000,0.00000000,0.00000000,0.00000000,0.00000000,0.00000000,0.00000000,0.00000000,0.00000000,0.00000000,70.59172366,0.00000000,0.00000000,0.00000000,0.00000000,81.87952857,0.00000000,0.00000000,0.00000000,0.00000000,0.00000000,0.00000000,82.25650330,88.66160460,69.87855717,0.00000000,89.63353465,0.00000000,0.00000000,0.00000000,0.00000000,0.00000000,0.00000000,0.00000000,0.00000000,0.00000000,0.00000000,0.00000000,0.00000000,0.00000000,0.00000000,0.00000000,0.00000000,0.00000000,0.00000000,0.00000000,0.00000000,0.00000000,0.00000000,0.00000000,0.00000000,0.00000000,0.00000000,0.00000000,0.00000000,0.00000000,0.00000000,26.11235092,0.00000000,23.20599563,0.00000000,0.00000000,0.00000000,0.00000000,0.00000000,0.00000000,0.00000000,0.00000000,42.42017013,0.00000000,0.00000000,27.58071285,35.95292293,0.00000000,0.00000000,46.53002564,73.36520767,60.62646639,0.00000000,0.00000000,78.04598745,0.00000000
0.00000000,0.00000000,0.00000000,0.00000000,0.00000000,0.00000000,0.00000000,0.00000000,0.00000000,0.00000000,0.00000000,0.00000000,0.00000000,0.00000000,0.00000000,0.00000000,0.00000000,0.00000000,0.00000000,92.31493160,0.00000000,0.00000000,0.00000000,0.00000000,0.00000000,92.18720128,95.75469398,0.00000000,88.00464079,0.00000000,89.81840229,0.00000000,92.10750229,94.67608205,73.09166341,0.00000000,91.80763448,94.59831565,0.00000000,0.00000000,0.00000000,0.00000000,0.00000000,0.00000000,0.00000000,0.00000000,0.00000000,0.00000000,0.00000000,0.00000000,0.00000000,0.00000000,0.00000000,0.00000000,0.00000000,0.00000000,0.00000000,0.00000000,0.00000000,0.00000000,0.00000000,0.00000000,0.00000000,0.00000000,0.00000000,0.00000000,0.00000000,62.05824958,66.89466846,43.74869873,62.48832750,0.00000000,0.00000000,0.00000000,0.00000000,0.00000000,0.00000000,0.00000000,0.00000000,0.00000000,27.58071285,0.00000000,62.02160209,0.00000000,79.84291534,68.87625893,91.21041150,87.37001868,0.00000000,0.00000000,94.55569569,0.00000000
0.00000000,0.00000000,0.00000000,0.00000000,0.00000000,0.00000000,0.00000000,0.00000000,0.00000000,0.00000000,0.00000000,0.00000000,0.00000000,75.54405133,87.66564655,82.14409683,0.00000000,89.55431213,82.49479235,82.59721234,47.53738382,0.00000000,0.00000000,0.00000000,0.00000000,61.86605173,83.36938787,79.29257245,83.14495701,52.46638572,80.95853986,0.00000000,67.83820145,77.54641395,68.42694416,83.45921516,87.28417130,86.40893677,0.00000000,0.00000000,0.00000000,0.00000000,0.00000000,0.00000000,0.00000000,0.00000000,0.00000000,0.00000000,0.00000000,0.00000000,0.00000000,0.00000000,0.00000000,85.69708252,0.00000000,59.06747022,52.63419883,59.87310507,0.00000000,61.42851194,56.13056550,0.00000000,0.00000000,0.00000000,0.00000000,0.00000000,72.93963318,49.42607411,55.26244458,54.63379363,57.22357079,55.31249434,48.48517769,75.83161985,0.00000000,0.00000000,0.00000000,0.00000000,44.75588962,59.36382436,35.95292293,62.02160209,0.00000000,53.54233737,26.81770635,17.47823925,29.24419221,46.80779896,0.00000000,84.75957489,73.78159571,83.74318334
83.05758926,0.00000000,0.00000000,0.00000000,87.68537267,0.00000000,0.00000000,0.00000000,87.19657230,0.00000000,0.00000000,0.00000000,87.54192607,0.00000000,0.00000000,0.00000000,0.00000000,0.00000000,0.00000000,0.00000000,0.00000000,0.00000000,0.00000000,0.00000000,0.00000000,0.00000000,0.00000000,0.00000000,0.00000000,69.58256531,0.00000000,0.00000000,0.00000000,0.00000000,0.00000000,0.00000000,0.00000000,0.00000000,14.08973648,69.55096159,67.14171115,84.28420530,71.23431233,63.98485224,88.35472592,85.58101834,76.32071110,63.85062753,86.33143029,33.39357093,81.97676977,84.54274766,86.31895599,83.84989807,84.37237864,80.56807632,0.00000000,92.17524985,59.24910226,52.79772945,88.99389795,39.94626241,14.83698944,18.78452993,42.27368154,25.70159873,67.34655637,0.00000000,0.00000000,0.00000000,0.00000000,0.00000000,0.00000000,73.72923202,45.35586311,42.61212342,50.81923519,51.81133544,0.00000000,0.00000000,0.00000000,0.00000000,53.54233737,0.00000000,17.66845168,26.73915740,23.05462634,0.00000000,53.58927478,66.63151550,0.00000000,42.29495917
0.00000000,0.00000000,0.00000000,0.00000000,0.00000000,0.00000000,0.00000000,0.00000000,0.00000000,0.00000000,0.00000000,0.00000000,0.00000000,93.61013242,0.00000000,0.00000000,0.00000000,0.00000000,93.95256615,0.00000000,0.00000000,0.00000000,0.00000000,0.00000000,0.00000000,0.00000000,0.00000000,0.00000000,0.00000000,70.82721742,96.16644118,0.00000000,0.00000000,0.00000000,0.00000000,0.00000000,0.00000000,0.00000000,0.00000000,0.00000000,87.59524727,92.81023693,91.13218043,0.00000000,0.00000000,0.00000000,86.99987564,0.00000000,92.79872894,0.00000000,87.17074857,94.50435384,92.63146257,87.19207070,93.86197826,65.52196255,72.11469237,79.51317649,89.92837461,50.96516854,73.41673083,39.43739046,0.00000000,41.64002002,0.00000000,0.00000000,94.89171045,68.76771545,68.71138407,73.72461184,71.52137801,69.01378886,69.45693320,87.85914285,47.76258002,43.41628520,0.00000000,65.45161311,62.70733929,67.45636940,0.00000000,79.84291534,26.81770635,17.66845168,0.00000000,12.37541533,38.90248587,88.01037428,71.36509323,72.64795498,61.79707507,82.58033024
0.00000000,0.00000000,0.00000000,0.00000000,0.00000000,0.00000000,0.00000000,0.00000000,0.00000000,0.00000000,0.00000000,0.00000000,0.00000000,90.34269905,0.00000000,96.04711012,0.00000000,0.00000000,95.26773398,94.48012098,0.00000000,0.00000000,0.00000000,0.00000000,0.00000000,0.00000000,0.00000000,0.00000000,95.01385117,71.19517445,93.57246927,0.00000000,84.66936845,90.60457526,81.16288710,0.00000000,95.00911585,95.43517838,59.91907855,87.74231194,85.32939900,91.44477868,85.87121302,87.52680368,94.52015142,94.65906896,81.66239993,88.05197605,91.66269385,73.80939603,84.65930265,95.89846287,91.69120093,85.41010155,92.25299166,61.29183765,71.36094546,76.72538094,82.75406795,18.13235047,67.85655145,43.60962738,39.25423714,39.58689143,44.23890108,56.35733026,87.35656635,51.18400111,53.88334530,57.91104574,59.24086254,58.05702798,63.64068436,87.05009374,45.40935170,45.35672812,49.71164501,51.37528091,44.52667999,56.50771735,46.53002564,68.87625893,17.47823925,26.73915740,12.37541533,0.00000000,41.35524085,79.29449766,72.52277946,63.15874275,67.13005543,92.36508355
0.00000000,0.00000000,0.00000000,0.00000000,0.00000000,0.00000000,0.00000000,0.00000000,0.00000000,0.00000000,0.00000000,0.00000000,0.00000000,91.29839296,0.00000000,94.34215051,0.00000000,0.00000000,95.13430023,0.00000000,0.00000000,0.00000000,0.00000000,0.00000000,0.00000000,0.00000000,0.00000000,0.00000000,0.00000000,65.66361800,97.11162330,0.00000000,0.00000000,0.00000000,0.00000000,0.00000000,0.00000000,0.00000000,55.80635168,89.69790532,87.74767313,93.89306822,87.74112786,83.35422414,94.96614872,94.20324485,84.05681078,83.38822954,92.04298486,61.84077450,85.34718668,94.14934046,90.65937944,83.63593131,89.92652426,71.91251336,70.97791273,78.22242016,87.18665638,55.61820241,77.49544642,70.60690495,66.60481552,64.56592708,73.71207846,71.12845779,86.69772405,85.55350660,84.72840978,88.94191534,85.62089976,81.08860938,73.33895938,82.50656794,71.78942827,68.26176634,70.82972336,70.28897831,80.39116911,80.10507743,73.36520767,91.21041150,29.24419221,23.05462634,38.90248587,41.35524085,0.00000000,83.11692739,40.35677600,76.17115402,90.63115761,29.41305884
0.00000000,0.00000000,0.00000000,0.00000000,0.00000000,0.00000000,0.00000000,0.00000000,0.00000000,0.00000000,0.00000000,0.00000000,0.00000000,55.47284197,51.95709645,53.85434553,55.76461134,57.18192663,44.99122414,53.50854209,33.27821721,0.00000000,0.00000000,0.00000000,0.00000000,42.47513511,56.30918971,58.77640251,54.97157644,49.68106992,56.01650063,0.00000000,46.26852883,53.59847540,49.60244081,59.49845957,66.00792619,66.38165804,0.00000000,0.00000000,0.00000000,0.00000000,0.00000000,0.00000000,0.00000000,0.00000000,0.00000000,0.00000000,0.00000000,0.00000000,0.00000000,0.00000000,0.00000000,0.00000000,0.00000000,0.00000000,76.41263169,90.78127887,0.00000000,0.00000000,85.94126776,0.00000000,0.00000000,0.00000000,0.00000000,0.00000000,0.00000000,70.13587365,81.63561847,80.77888459,89.79604721,88.48423437,85.24305505,0.00000000,0.00000000,0.00000000,0.00000000,0.00000000,0.00000000,84.69148553,60.62646639,87.37001868,46.80779896,0.00000000,88.01037428,79.29449766,83.11692739,0.00000000,54.43777243,28.13124863,18.47062354,28.90490972
59.65169150,80.11344247,87.98025665,84.07139969,72.81381614,83.56106567,82.63951976,87.55804607,57.30019174,86.23504704,84.71997397,85.84050530,78.89565574,0.00000000,82.67844792,80.86379496,79.29114151,82.35980188,84.25039455,0.00000000,0.00000000,38.56428365,45.12419736,24.82402264,50.89210110,0.00000000,0.00000000,0.00000000,0.00000000,63.03546135,0.00000000,50.93269222,0.00000000,0.00000000,0.00000000,0.00000000,0.00000000,0.00000000,72.34610124,0.00000000,0.00000000,0.00000000,0.00000000,85.71119499,0.00000000,0.00000000,0.00000000,88.69748833,0.00000000,66.13128433,0.00000000,0.00000000,0.00000000,0.00000000,0.00000000,0.00000000,0.00000000,0.00000000,0.00000000,0.00000000,0.00000000,0.00000000,0.00000000,0.00000000,0.00000000,0.00000000,0.00000000,0.00000000,0.00000000,0.00000000,0.00000000,0.00000000,0.00000000,0.00000000,0.00000000,0.00000000,0.00000000,0.00000000,0.00000000,0.00000000,0.00000000,0.00000000,0.00000000,53.58927478,71.36509323,72.52277946,40.35677600,54.43777243,0.00000000,19.56006120,30.65902784,23.67680588
0.00000000,0.00000000,0.00000000,0.00000000,0.00000000,0.00000000,0.00000000,0.00000000,0.00000000,0.00000000,0.00000000,92.63347054,0.00000000,73.43206248,68.94793531,76.32701111,67.94121868,72.71578961,68.21908753,67.92398160,51.18798351,0.00000000,45.22647985,0.00000000,0.00000000,62.09114456,68.62020943,69.43494473,67.84285706,62.18704319,71.65675805,0.00000000,0.00000000,70.75709827,0.00000000,69.68288260,80.44487762,78.91148588,0.00000000,0.00000000,0.00000000,0.00000000,0.00000000,0.00000000,0.00000000,0.00000000,0.00000000,0.00000000,0.00000000,0.00000000,0.00000000,0.00000000,0.00000000,0.00000000,0.00000000,0.00000000,93.13659940,0.00000000,0.00000000,0.00000000,97.94940124,0.00000000,0.00000000,0.00000000,0.00000000,0.00000000,0.00000000,0.00000000,0.00000000,0.00000000,0.00000000,0.00000000,0.00000000,0.00000000,0.00000000,0.00000000,0.00000000,0.00000000,0.00000000,0.00000000,0.00000000,0.00000000,84.75957489,66.63151550,72.64795498,63.15874275,76.17115402,28.13124863,19.56006120,0.00000000,10.93204595,40.34927276
85.31678537,92.61296116,95.87001941,96.13057742,92.51122203,90.91431298,94.26164449,95.42099706,88.33057829,91.87090750,97.14013508,94.23931454,95.90606476,71.82435103,65.65373621,76.41509713,64.38474834,68.89312741,63.83953979,57.60815676,33.77829769,44.10254651,46.03586240,45.20483443,49.96077634,45.49203405,54.72154809,58.41277635,57.68107223,63.95265222,64.46632385,51.22409093,56.91277706,56.83702432,56.18073471,60.27334612,70.88616377,69.70989025,0.00000000,0.00000000,0.00000000,0.00000000,0.00000000,0.00000000,0.00000000,0.00000000,0.00000000,0.00000000,0.00000000,0.00000000,0.00000000,0.00000000,0.00000000,0.00000000,0.00000000,0.00000000,90.66752359,95.74164581,0.00000000,0.00000000,97.54302502,0.00000000,0.00000000,0.00000000,0.00000000,0.00000000,0.00000000,0.00000000,0.00000000,94.72876061,95.55432106,91.56047058,96.52788289,0.00000000,0.00000000,0.00000000,0.00000000,0.00000000,0.00000000,0.00000000,78.04598745,94.55569569,73.78159571,0.00000000,61.79707507,67.13005543,90.63115761,18.47062354,30.65902784,10.93204595,0.00000000,42.64278996
86.08650711,93.47041473,95.47208985,95.80272646,91.60767509,90.04300121,93.48237583,94.08951194,82.48960427,90.36567135,94.62228689,92.09118267,92.53058610,75.33136219,70.04836718,71.52797397,65.70612486,68.33251632,70.22815307,79.80621408,76.52428309,70.15510042,71.33866151,66.29497965,76.40288696,81.42841949,84.99760664,81.22196214,79.60748151,59.10785505,80.67781581,73.21555661,88.96931712,87.67639202,80.19781342,77.98570604,91.58709408,88.35829366,0.00000000,0.00000000,0.00000000,0.00000000,0.00000000,0.00000000,0.00000000,0.00000000,0.00000000,0.00000000,0.00000000,51.72070573,0.00000000,0.00000000,0.00000000,0.00000000,0.00000000,0.00000000,91.57722556,96.65197823,0.00000000,0.00000000,97.14380973,0.00000000,0.00000000,0.00000000,0.00000000,0.00000000,0.00000000,0.00000000,0.00000000,0.00000000,0.00000000,0.00000000,93.91471354,0.00000000,0.00000000,0.00000000,0.00000000,0.00000000,0.00000000,0.00000000,0.00000000,0.00000000,83.74318334,42.29495917,82.58033024,92.36508355,29.41305884,28.90490972,23.67680588,40.34927276,42.64278996,0.00000000
